Classification,Year,Period,Period Desc.,Aggregate Level,Is Leaf Code,Trade Flow Code,Trade Flow,Reporter Code,Reporter,Reporter ISO,Partner Code,Partner,Partner ISO,2nd Partner Code,2nd Partner,2nd Partner ISO,Customs Proc. Code,Customs,Mode of Transport Code,Mode of Transport,Commodity Code,Commodity,Qty Unit Code,Qty Unit,Qty,Alt Qty Unit Code,Alt Qty Unit,Alt Qty,Netweight (kg),Gross weight (kg),Trade Value (US$),CIF Trade Value (US$),FOB Trade Value (US$),Flag
No data matches your query or your query is too complex. Request JSON or XML format for more information.,,,,,,,,,,,,,,,,,,,,,,,,,,,,,,,,,,
H4,2012,2012,2012,2,0,1,Import,50,Bangladesh,BGD,0,World,WLD,,,,,,,,27,"Mineral fuels, mineral oils and products of their distillation; bituminous substances; mineral waxes",1,No Quantity,,,,,,,3215643622,,,0
H4,2012,2012,2012,2,0,1,Import,50,Bangladesh,BGD,36,Australia,AUS,,,,,,,,27,"Mineral fuels, mineral oils and products of their distillation; bituminous substances; mineral waxes",1,No Quantity,,,,,,,24882,,,0
H4,2012,2012,2012,2,0,1,Import,50,Bangladesh,BGD,48,Bahrain,BHR,,,,,,,,27,"Mineral fuels, mineral oils and products of their distillation; bituminous substances; mineral waxes",1,No Quantity,,,,,,,2600100,,,0
H4,2012,2012,2012,2,0,1,Import,50,Bangladesh,BGD,56,Belgium,BEL,,,,,,,,27,"Mineral fuels, mineral oils and products of their distillation; bituminous substances; mineral waxes",1,No Quantity,,,,,,,6750311,,,0
H4,2012,2012,2012,2,0,1,Import,50,Bangladesh,BGD,76,Brazil,BRA,,,,,,,,27,"Mineral fuels, mineral oils and products of their distillation; bituminous substances; mineral waxes",1,No Quantity,,,,,,,90407,,,0
H4,2012,2012,2012,2,0,1,Import,50,Bangladesh,BGD,100,Bulgaria,BGR,,,,,,,,27,"Mineral fuels, mineral oils and products of their distillation; bituminous substances; mineral waxes",1,No Quantity,,,,,,,30494,,,0
H4,2012,2012,2012,2,0,1,Import,50,Bangladesh,BGD,144,Sri Lanka,LKA,,,,,,,,27,"Mineral fuels, mineral oils and products of their distillation; bituminous substances; mineral waxes",1,No Quantity,,,,,,,3319969,,,0
H4,2012,2012,2012,2,0,1,Import,50,Bangladesh,BGD,156,China,CHN,,,,,,,,27,"Mineral fuels, mineral oils and products of their distillation; bituminous substances; mineral waxes",1,No Quantity,,,,,,,18052329,,,0
H4,2012,2012,2012,2,0,1,Import,50,Bangladesh,BGD,191,Croatia,HRV,,,,,,,,27,"Mineral fuels, mineral oils and products of their distillation; bituminous substances; mineral waxes",1,No Quantity,,,,,,,4135,,,0
H4,2012,2012,2012,2,0,1,Import,50,Bangladesh,BGD,208,Denmark,DNK,,,,,,,,27,"Mineral fuels, mineral oils and products of their distillation; bituminous substances; mineral waxes",1,No Quantity,,,,,,,72209,,,0
H4,2012,2012,2012,2,0,1,Import,50,Bangladesh,BGD,246,Finland,FIN,,,,,,,,27,"Mineral fuels, mineral oils and products of their distillation; bituminous substances; mineral waxes",1,No Quantity,,,,,,,215515,,,0
H4,2012,2012,2012,2,0,1,Import,50,Bangladesh,BGD,251,France,FRA,,,,,,,,27,"Mineral fuels, mineral oils and products of their distillation; bituminous substances; mineral waxes",1,No Quantity,,,,,,,368252,,,0
H4,2012,2012,2012,2,0,1,Import,50,Bangladesh,BGD,276,Germany,DEU,,,,,,,,27,"Mineral fuels, mineral oils and products of their distillation; bituminous substances; mineral waxes",1,No Quantity,,,,,,,1318853,,,0
H4,2012,2012,2012,2,0,1,Import,50,Bangladesh,BGD,300,Greece,GRC,,,,,,,,27,"Mineral fuels, mineral oils and products of their distillation; bituminous substances; mineral waxes",1,No Quantity,,,,,,,1284,,,0
H4,2012,2012,2012,2,0,1,Import,50,Bangladesh,BGD,344,"China, Hong Kong SAR",HKG,,,,,,,,27,"Mineral fuels, mineral oils and products of their distillation; bituminous substances; mineral waxes",1,No Quantity,,,,,,,199460,,,0
H4,2012,2012,2012,2,0,1,Import,50,Bangladesh,BGD,352,Iceland,ISL,,,,,,,,27,"Mineral fuels, mineral oils and products of their distillation; bituminous substances; mineral waxes",1,No Quantity,,,,,,,1650,,,0
H4,2012,2012,2012,2,0,1,Import,50,Bangladesh,BGD,360,Indonesia,IDN,,,,,,,,27,"Mineral fuels, mineral oils and products of their distillation; bituminous substances; mineral waxes",1,No Quantity,,,,,,,517317,,,0
H4,2012,2012,2012,2,0,1,Import,50,Bangladesh,BGD,364,Iran,IRN,,,,,,,,27,"Mineral fuels, mineral oils and products of their distillation; bituminous substances; mineral waxes",1,No Quantity,,,,,,,1050646,,,0
H4,2012,2012,2012,2,0,1,Import,50,Bangladesh,BGD,372,Ireland,IRL,,,,,,,,27,"Mineral fuels, mineral oils and products of their distillation; bituminous substances; mineral waxes",1,No Quantity,,,,,,,8272,,,0
H4,2012,2012,2012,2,0,1,Import,50,Bangladesh,BGD,381,Italy,ITA,,,,,,,,27,"Mineral fuels, mineral oils and products of their distillation; bituminous substances; mineral waxes",1,No Quantity,,,,,,,181504,,,0
H4,2012,2012,2012,2,0,1,Import,50,Bangladesh,BGD,392,Japan,JPN,,,,,,,,27,"Mineral fuels, mineral oils and products of their distillation; bituminous substances; mineral waxes",1,No Quantity,,,,,,,3476608,,,0
H4,2012,2012,2012,2,0,1,Import,50,Bangladesh,BGD,408,Dem. People's Rep. of Korea,PRK,,,,,,,,27,"Mineral fuels, mineral oils and products of their distillation; bituminous substances; mineral waxes",1,No Quantity,,,,,,,50533746,,,0
H4,2012,2012,2012,2,0,1,Import,50,Bangladesh,BGD,410,Rep. of Korea,KOR,,,,,,,,27,"Mineral fuels, mineral oils and products of their distillation; bituminous substances; mineral waxes",1,No Quantity,,,,,,,76280657,,,0
H4,2012,2012,2012,2,0,1,Import,50,Bangladesh,BGD,414,Kuwait,KWT,,,,,,,,27,"Mineral fuels, mineral oils and products of their distillation; bituminous substances; mineral waxes",1,No Quantity,,,,,,,955157897,,,0
H4,2012,2012,2012,2,0,1,Import,50,Bangladesh,BGD,428,Latvia,LVA,,,,,,,,27,"Mineral fuels, mineral oils and products of their distillation; bituminous substances; mineral waxes",1,No Quantity,,,,,,,23695196,,,0
H4,2012,2012,2012,2,0,1,Import,50,Bangladesh,BGD,430,Liberia,LBR,,,,,,,,27,"Mineral fuels, mineral oils and products of their distillation; bituminous substances; mineral waxes",1,No Quantity,,,,,,,2508358,,,0
H4,2012,2012,2012,2,0,1,Import,50,Bangladesh,BGD,458,Malaysia,MYS,,,,,,,,27,"Mineral fuels, mineral oils and products of their distillation; bituminous substances; mineral waxes",1,No Quantity,,,,,,,587138822,,,0
H4,2012,2012,2012,2,0,1,Import,50,Bangladesh,BGD,470,Malta,MLT,,,,,,,,27,"Mineral fuels, mineral oils and products of their distillation; bituminous substances; mineral waxes",1,No Quantity,,,,,,,430133,,,0
H4,2012,2012,2012,2,0,1,Import,50,Bangladesh,BGD,490,"Other Asia, nes",,,,,,,,,27,"Mineral fuels, mineral oils and products of their distillation; bituminous substances; mineral waxes",1,No Quantity,,,,,,,102215277,,,0
H4,2012,2012,2012,2,0,1,Import,50,Bangladesh,BGD,512,Oman,OMN,,,,,,,,27,"Mineral fuels, mineral oils and products of their distillation; bituminous substances; mineral waxes",1,No Quantity,,,,,,,3554242,,,0
H4,2012,2012,2012,2,0,1,Import,50,Bangladesh,BGD,528,Netherlands,NLD,,,,,,,,27,"Mineral fuels, mineral oils and products of their distillation; bituminous substances; mineral waxes",1,No Quantity,,,,,,,502949,,,0
H4,2012,2012,2012,2,0,1,Import,50,Bangladesh,BGD,568,"Other Europe, nes",,,,,,,,,27,"Mineral fuels, mineral oils and products of their distillation; bituminous substances; mineral waxes",1,No Quantity,,,,,,,28884,,,0
H4,2012,2012,2012,2,0,1,Import,50,Bangladesh,BGD,579,Norway,NOR,,,,,,,,27,"Mineral fuels, mineral oils and products of their distillation; bituminous substances; mineral waxes",1,No Quantity,,,,,,,21086,,,0
H4,2012,2012,2012,2,0,1,Import,50,Bangladesh,BGD,584,Marshall Isds,MHL,,,,,,,,27,"Mineral fuels, mineral oils and products of their distillation; bituminous substances; mineral waxes",1,No Quantity,,,,,,,2488568,,,0
H4,2012,2012,2012,2,0,1,Import,50,Bangladesh,BGD,586,Pakistan,PAK,,,,,,,,27,"Mineral fuels, mineral oils and products of their distillation; bituminous substances; mineral waxes",1,No Quantity,,,,,,,7808692,,,0
H4,2012,2012,2012,2,0,1,Import,50,Bangladesh,BGD,591,Panama,PAN,,,,,,,,27,"Mineral fuels, mineral oils and products of their distillation; bituminous substances; mineral waxes",1,No Quantity,,,,,,,65501,,,0
H4,2012,2012,2012,2,0,1,Import,50,Bangladesh,BGD,604,Peru,PER,,,,,,,,27,"Mineral fuels, mineral oils and products of their distillation; bituminous substances; mineral waxes",1,No Quantity,,,,,,,17247,,,0
H4,2012,2012,2012,2,0,1,Import,50,Bangladesh,BGD,608,Philippines,PHL,,,,,,,,27,"Mineral fuels, mineral oils and products of their distillation; bituminous substances; mineral waxes",1,No Quantity,,,,,,,8747946,,,0
H4,2012,2012,2012,2,0,1,Import,50,Bangladesh,BGD,616,Poland,POL,,,,,,,,27,"Mineral fuels, mineral oils and products of their distillation; bituminous substances; mineral waxes",1,No Quantity,,,,,,,66530,,,0
H4,2012,2012,2012,2,0,1,Import,50,Bangladesh,BGD,620,Portugal,PRT,,,,,,,,27,"Mineral fuels, mineral oils and products of their distillation; bituminous substances; mineral waxes",1,No Quantity,,,,,,,6896,,,0
H4,2012,2012,2012,2,0,1,Import,50,Bangladesh,BGD,634,Qatar,QAT,,,,,,,,27,"Mineral fuels, mineral oils and products of their distillation; bituminous substances; mineral waxes",1,No Quantity,,,,,,,35856,,,0
H4,2012,2012,2012,2,0,1,Import,50,Bangladesh,BGD,642,Romania,ROU,,,,,,,,27,"Mineral fuels, mineral oils and products of their distillation; bituminous substances; mineral waxes",1,No Quantity,,,,,,,237510,,,0
H4,2012,2012,2012,2,0,1,Import,50,Bangladesh,BGD,643,Russian Federation,RUS,,,,,,,,27,"Mineral fuels, mineral oils and products of their distillation; bituminous substances; mineral waxes",1,No Quantity,,,,,,,449868,,,0
H4,2012,2012,2012,2,0,1,Import,50,Bangladesh,BGD,682,Saudi Arabia,SAU,,,,,,,,27,"Mineral fuels, mineral oils and products of their distillation; bituminous substances; mineral waxes",1,No Quantity,,,,,,,119931244,,,0
H4,2012,2012,2012,2,0,1,Import,50,Bangladesh,BGD,688,Serbia,SRB,,,,,,,,27,"Mineral fuels, mineral oils and products of their distillation; bituminous substances; mineral waxes",1,No Quantity,,,,,,,29785,,,0
H4,2012,2012,2012,2,0,1,Import,50,Bangladesh,BGD,699,India,IND,,,,,,,,27,"Mineral fuels, mineral oils and products of their distillation; bituminous substances; mineral waxes",1,No Quantity,,,,,,,77622530,,,0
H4,2012,2012,2012,2,0,1,Import,50,Bangladesh,BGD,702,Singapore,SGP,,,,,,,,27,"Mineral fuels, mineral oils and products of their distillation; bituminous substances; mineral waxes",1,No Quantity,,,,,,,985697215,,,0
H4,2012,2012,2012,2,0,1,Import,50,Bangladesh,BGD,710,South Africa,ZAF,,,,,,,,27,"Mineral fuels, mineral oils and products of their distillation; bituminous substances; mineral waxes",1,No Quantity,,,,,,,9254,,,0
H4,2012,2012,2012,2,0,1,Import,50,Bangladesh,BGD,724,Spain,ESP,,,,,,,,27,"Mineral fuels, mineral oils and products of their distillation; bituminous substances; mineral waxes",1,No Quantity,,,,,,,1094107,,,0
H4,2012,2012,2012,2,0,1,Import,50,Bangladesh,BGD,757,Switzerland,CHE,,,,,,,,27,"Mineral fuels, mineral oils and products of their distillation; bituminous substances; mineral waxes",1,No Quantity,,,,,,,61017,,,0
H4,2012,2012,2012,2,0,1,Import,50,Bangladesh,BGD,764,Thailand,THA,,,,,,,,27,"Mineral fuels, mineral oils and products of their distillation; bituminous substances; mineral waxes",1,No Quantity,,,,,,,20929170,,,0
H4,2012,2012,2012,2,0,1,Import,50,Bangladesh,BGD,784,United Arab Emirates,ARE,,,,,,,,27,"Mineral fuels, mineral oils and products of their distillation; bituminous substances; mineral waxes",1,No Quantity,,,,,,,146447557,,,0
H4,2012,2012,2012,2,0,1,Import,50,Bangladesh,BGD,792,Turkey,TUR,,,,,,,,27,"Mineral fuels, mineral oils and products of their distillation; bituminous substances; mineral waxes",1,No Quantity,,,,,,,1500396,,,0
H4,2012,2012,2012,2,0,1,Import,50,Bangladesh,BGD,800,Uganda,UGA,,,,,,,,27,"Mineral fuels, mineral oils and products of their distillation; bituminous substances; mineral waxes",1,No Quantity,,,,,,,58652,,,0
H4,2012,2012,2012,2,0,1,Import,50,Bangladesh,BGD,804,Ukraine,UKR,,,,,,,,27,"Mineral fuels, mineral oils and products of their distillation; bituminous substances; mineral waxes",1,No Quantity,,,,,,,378070,,,0
H4,2012,2012,2012,2,0,1,Import,50,Bangladesh,BGD,818,Egypt,EGY,,,,,,,,27,"Mineral fuels, mineral oils and products of their distillation; bituminous substances; mineral waxes",1,No Quantity,,,,,,,417606,,,0
H4,2012,2012,2012,2,0,1,Import,50,Bangladesh,BGD,826,United Kingdom,GBR,,,,,,,,27,"Mineral fuels, mineral oils and products of their distillation; bituminous substances; mineral waxes",1,No Quantity,,,,,,,416990,,,0
H4,2012,2012,2012,2,0,1,Import,50,Bangladesh,BGD,842,USA,USA,,,,,,,,27,"Mineral fuels, mineral oils and products of their distillation; bituminous substances; mineral waxes",1,No Quantity,,,,,,,649391,,,0
H4,2012,2012,2012,2,0,1,Import,50,Bangladesh,BGD,887,Yemen,YEM,,,,,,,,27,"Mineral fuels, mineral oils and products of their distillation; bituminous substances; mineral waxes",1,No Quantity,,,,,,,33816,,,0
H4,2012,2012,2012,2,0,1,Import,50,Bangladesh,BGD,899,"Areas, nes",,,,,,,,,27,"Mineral fuels, mineral oils and products of their distillation; bituminous substances; mineral waxes",1,No Quantity,,,,,,,90765,,,0
H4,2013,2013,2013,2,0,1,Import,50,Bangladesh,BGD,0,World,WLD,,,,,,,,27,"Mineral fuels, mineral oils and products of their distillation; bituminous substances; mineral waxes",1,No Quantity,,,,,,,2858266511,,,0
H4,2013,2013,2013,2,0,1,Import,50,Bangladesh,BGD,4,Afghanistan,AFG,,,,,,,,27,"Mineral fuels, mineral oils and products of their distillation; bituminous substances; mineral waxes",1,No Quantity,,,,,,,459342,,,0
H4,2013,2013,2013,2,0,1,Import,50,Bangladesh,BGD,36,Australia,AUS,,,,,,,,27,"Mineral fuels, mineral oils and products of their distillation; bituminous substances; mineral waxes",1,No Quantity,,,,,,,9335,,,0
H4,2013,2013,2013,2,0,1,Import,50,Bangladesh,BGD,40,Austria,AUT,,,,,,,,27,"Mineral fuels, mineral oils and products of their distillation; bituminous substances; mineral waxes",1,No Quantity,,,,,,,30081,,,0
H4,2013,2013,2013,2,0,1,Import,50,Bangladesh,BGD,48,Bahrain,BHR,,,,,,,,27,"Mineral fuels, mineral oils and products of their distillation; bituminous substances; mineral waxes",1,No Quantity,,,,,,,1802738,,,0
H4,2013,2013,2013,2,0,1,Import,50,Bangladesh,BGD,56,Belgium,BEL,,,,,,,,27,"Mineral fuels, mineral oils and products of their distillation; bituminous substances; mineral waxes",1,No Quantity,,,,,,,3207769,,,0
H4,2013,2013,2013,2,0,1,Import,50,Bangladesh,BGD,76,Brazil,BRA,,,,,,,,27,"Mineral fuels, mineral oils and products of their distillation; bituminous substances; mineral waxes",1,No Quantity,,,,,,,39363,,,0
H4,2013,2013,2013,2,0,1,Import,50,Bangladesh,BGD,100,Bulgaria,BGR,,,,,,,,27,"Mineral fuels, mineral oils and products of their distillation; bituminous substances; mineral waxes",1,No Quantity,,,,,,,64603,,,0
H4,2013,2013,2013,2,0,1,Import,50,Bangladesh,BGD,124,Canada,CAN,,,,,,,,27,"Mineral fuels, mineral oils and products of their distillation; bituminous substances; mineral waxes",1,No Quantity,,,,,,,108,,,0
H4,2013,2013,2013,2,0,1,Import,50,Bangladesh,BGD,136,Cayman Isds,CYM,,,,,,,,27,"Mineral fuels, mineral oils and products of their distillation; bituminous substances; mineral waxes",1,No Quantity,,,,,,,1580,,,0
H4,2013,2013,2013,2,0,1,Import,50,Bangladesh,BGD,144,Sri Lanka,LKA,,,,,,,,27,"Mineral fuels, mineral oils and products of their distillation; bituminous substances; mineral waxes",1,No Quantity,,,,,,,2747450,,,0
H4,2013,2013,2013,2,0,1,Import,50,Bangladesh,BGD,156,China,CHN,,,,,,,,27,"Mineral fuels, mineral oils and products of their distillation; bituminous substances; mineral waxes",1,No Quantity,,,,,,,24467788,,,0
H4,2013,2013,2013,2,0,1,Import,50,Bangladesh,BGD,208,Denmark,DNK,,,,,,,,27,"Mineral fuels, mineral oils and products of their distillation; bituminous substances; mineral waxes",1,No Quantity,,,,,,,246525,,,0
H4,2013,2013,2013,2,0,1,Import,50,Bangladesh,BGD,212,Dominica,DMA,,,,,,,,27,"Mineral fuels, mineral oils and products of their distillation; bituminous substances; mineral waxes",1,No Quantity,,,,,,,1756,,,0
H4,2013,2013,2013,2,0,1,Import,50,Bangladesh,BGD,246,Finland,FIN,,,,,,,,27,"Mineral fuels, mineral oils and products of their distillation; bituminous substances; mineral waxes",1,No Quantity,,,,,,,31826,,,0
H4,2013,2013,2013,2,0,1,Import,50,Bangladesh,BGD,251,France,FRA,,,,,,,,27,"Mineral fuels, mineral oils and products of their distillation; bituminous substances; mineral waxes",1,No Quantity,,,,,,,355522,,,0
H4,2013,2013,2013,2,0,1,Import,50,Bangladesh,BGD,276,Germany,DEU,,,,,,,,27,"Mineral fuels, mineral oils and products of their distillation; bituminous substances; mineral waxes",1,No Quantity,,,,,,,3978362,,,0
H4,2013,2013,2013,2,0,1,Import,50,Bangladesh,BGD,344,"China, Hong Kong SAR",HKG,,,,,,,,27,"Mineral fuels, mineral oils and products of their distillation; bituminous substances; mineral waxes",1,No Quantity,,,,,,,8085975,,,0
H4,2013,2013,2013,2,0,1,Import,50,Bangladesh,BGD,360,Indonesia,IDN,,,,,,,,27,"Mineral fuels, mineral oils and products of their distillation; bituminous substances; mineral waxes",1,No Quantity,,,,,,,7935602,,,0
H4,2013,2013,2013,2,0,1,Import,50,Bangladesh,BGD,364,Iran,IRN,,,,,,,,27,"Mineral fuels, mineral oils and products of their distillation; bituminous substances; mineral waxes",1,No Quantity,,,,,,,694451,,,0
H4,2013,2013,2013,2,0,1,Import,50,Bangladesh,BGD,381,Italy,ITA,,,,,,,,27,"Mineral fuels, mineral oils and products of their distillation; bituminous substances; mineral waxes",1,No Quantity,,,,,,,250301,,,0
H4,2013,2013,2013,2,0,1,Import,50,Bangladesh,BGD,392,Japan,JPN,,,,,,,,27,"Mineral fuels, mineral oils and products of their distillation; bituminous substances; mineral waxes",1,No Quantity,,,,,,,2575006,,,0
H4,2013,2013,2013,2,0,1,Import,50,Bangladesh,BGD,408,Dem. People's Rep. of Korea,PRK,,,,,,,,27,"Mineral fuels, mineral oils and products of their distillation; bituminous substances; mineral waxes",1,No Quantity,,,,,,,3153389,,,0
H4,2013,2013,2013,2,0,1,Import,50,Bangladesh,BGD,410,Rep. of Korea,KOR,,,,,,,,27,"Mineral fuels, mineral oils and products of their distillation; bituminous substances; mineral waxes",1,No Quantity,,,,,,,58941585,,,0
H4,2013,2013,2013,2,0,1,Import,50,Bangladesh,BGD,414,Kuwait,KWT,,,,,,,,27,"Mineral fuels, mineral oils and products of their distillation; bituminous substances; mineral waxes",1,No Quantity,,,,,,,590969443,,,0
H4,2013,2013,2013,2,0,1,Import,50,Bangladesh,BGD,430,Liberia,LBR,,,,,,,,27,"Mineral fuels, mineral oils and products of their distillation; bituminous substances; mineral waxes",1,No Quantity,,,,,,,19492,,,0
H4,2013,2013,2013,2,0,1,Import,50,Bangladesh,BGD,458,Malaysia,MYS,,,,,,,,27,"Mineral fuels, mineral oils and products of their distillation; bituminous substances; mineral waxes",1,No Quantity,,,,,,,494195572,,,0
H4,2013,2013,2013,2,0,1,Import,50,Bangladesh,BGD,490,"Other Asia, nes",,,,,,,,,27,"Mineral fuels, mineral oils and products of their distillation; bituminous substances; mineral waxes",1,No Quantity,,,,,,,43293353,,,0
H4,2013,2013,2013,2,0,1,Import,50,Bangladesh,BGD,512,Oman,OMN,,,,,,,,27,"Mineral fuels, mineral oils and products of their distillation; bituminous substances; mineral waxes",1,No Quantity,,,,,,,349939,,,0
H4,2013,2013,2013,2,0,1,Import,50,Bangladesh,BGD,528,Netherlands,NLD,,,,,,,,27,"Mineral fuels, mineral oils and products of their distillation; bituminous substances; mineral waxes",1,No Quantity,,,,,,,433568,,,0
H4,2013,2013,2013,2,0,1,Import,50,Bangladesh,BGD,568,"Other Europe, nes",,,,,,,,,27,"Mineral fuels, mineral oils and products of their distillation; bituminous substances; mineral waxes",1,No Quantity,,,,,,,10623,,,0
H4,2013,2013,2013,2,0,1,Import,50,Bangladesh,BGD,579,Norway,NOR,,,,,,,,27,"Mineral fuels, mineral oils and products of their distillation; bituminous substances; mineral waxes",1,No Quantity,,,,,,,19502,,,0
H4,2013,2013,2013,2,0,1,Import,50,Bangladesh,BGD,586,Pakistan,PAK,,,,,,,,27,"Mineral fuels, mineral oils and products of their distillation; bituminous substances; mineral waxes",1,No Quantity,,,,,,,2372092,,,0
H4,2013,2013,2013,2,0,1,Import,50,Bangladesh,BGD,616,Poland,POL,,,,,,,,27,"Mineral fuels, mineral oils and products of their distillation; bituminous substances; mineral waxes",1,No Quantity,,,,,,,558120,,,0
H4,2013,2013,2013,2,0,1,Import,50,Bangladesh,BGD,620,Portugal,PRT,,,,,,,,27,"Mineral fuels, mineral oils and products of their distillation; bituminous substances; mineral waxes",1,No Quantity,,,,,,,162505,,,0
H4,2013,2013,2013,2,0,1,Import,50,Bangladesh,BGD,634,Qatar,QAT,,,,,,,,27,"Mineral fuels, mineral oils and products of their distillation; bituminous substances; mineral waxes",1,No Quantity,,,,,,,57589,,,0
H4,2013,2013,2013,2,0,1,Import,50,Bangladesh,BGD,643,Russian Federation,RUS,,,,,,,,27,"Mineral fuels, mineral oils and products of their distillation; bituminous substances; mineral waxes",1,No Quantity,,,,,,,22661,,,0
H4,2013,2013,2013,2,0,1,Import,50,Bangladesh,BGD,682,Saudi Arabia,SAU,,,,,,,,27,"Mineral fuels, mineral oils and products of their distillation; bituminous substances; mineral waxes",1,No Quantity,,,,,,,129153933,,,0
H4,2013,2013,2013,2,0,1,Import,50,Bangladesh,BGD,690,Seychelles,SYC,,,,,,,,27,"Mineral fuels, mineral oils and products of their distillation; bituminous substances; mineral waxes",1,No Quantity,,,,,,,13629,,,0
H4,2013,2013,2013,2,0,1,Import,50,Bangladesh,BGD,699,India,IND,,,,,,,,27,"Mineral fuels, mineral oils and products of their distillation; bituminous substances; mineral waxes",1,No Quantity,,,,,,,13743960,,,0
H4,2013,2013,2013,2,0,1,Import,50,Bangladesh,BGD,702,Singapore,SGP,,,,,,,,27,"Mineral fuels, mineral oils and products of their distillation; bituminous substances; mineral waxes",1,No Quantity,,,,,,,1048656550,,,0
H4,2013,2013,2013,2,0,1,Import,50,Bangladesh,BGD,704,Viet Nam,VNM,,,,,,,,27,"Mineral fuels, mineral oils and products of their distillation; bituminous substances; mineral waxes",1,No Quantity,,,,,,,6296503,,,0
H4,2013,2013,2013,2,0,1,Import,50,Bangladesh,BGD,724,Spain,ESP,,,,,,,,27,"Mineral fuels, mineral oils and products of their distillation; bituminous substances; mineral waxes",1,No Quantity,,,,,,,816018,,,0
H4,2013,2013,2013,2,0,1,Import,50,Bangladesh,BGD,752,Sweden,SWE,,,,,,,,27,"Mineral fuels, mineral oils and products of their distillation; bituminous substances; mineral waxes",1,No Quantity,,,,,,,41672,,,0
H4,2013,2013,2013,2,0,1,Import,50,Bangladesh,BGD,764,Thailand,THA,,,,,,,,27,"Mineral fuels, mineral oils and products of their distillation; bituminous substances; mineral waxes",1,No Quantity,,,,,,,13111775,,,0
H4,2013,2013,2013,2,0,1,Import,50,Bangladesh,BGD,784,United Arab Emirates,ARE,,,,,,,,27,"Mineral fuels, mineral oils and products of their distillation; bituminous substances; mineral waxes",1,No Quantity,,,,,,,391709526,,,0
H4,2013,2013,2013,2,0,1,Import,50,Bangladesh,BGD,792,Turkey,TUR,,,,,,,,27,"Mineral fuels, mineral oils and products of their distillation; bituminous substances; mineral waxes",1,No Quantity,,,,,,,870846,,,0
H4,2013,2013,2013,2,0,1,Import,50,Bangladesh,BGD,800,Uganda,UGA,,,,,,,,27,"Mineral fuels, mineral oils and products of their distillation; bituminous substances; mineral waxes",1,No Quantity,,,,,,,311373,,,0
H4,2013,2013,2013,2,0,1,Import,50,Bangladesh,BGD,804,Ukraine,UKR,,,,,,,,27,"Mineral fuels, mineral oils and products of their distillation; bituminous substances; mineral waxes",1,No Quantity,,,,,,,103167,,,0
H4,2013,2013,2013,2,0,1,Import,50,Bangladesh,BGD,818,Egypt,EGY,,,,,,,,27,"Mineral fuels, mineral oils and products of their distillation; bituminous substances; mineral waxes",1,No Quantity,,,,,,,113456,,,0
H4,2013,2013,2013,2,0,1,Import,50,Bangladesh,BGD,826,United Kingdom,GBR,,,,,,,,27,"Mineral fuels, mineral oils and products of their distillation; bituminous substances; mineral waxes",1,No Quantity,,,,,,,511330,,,0
H4,2013,2013,2013,2,0,1,Import,50,Bangladesh,BGD,842,USA,USA,,,,,,,,27,"Mineral fuels, mineral oils and products of their distillation; bituminous substances; mineral waxes",1,No Quantity,,,,,,,1267741,,,0
H4,2013,2013,2013,2,0,1,Import,50,Bangladesh,BGD,899,"Areas, nes",,,,,,,,,27,"Mineral fuels, mineral oils and products of their distillation; bituminous substances; mineral waxes",1,No Quantity,,,,,,,118,,,0
H4,2015,2015,2015,2,0,1,Import,50,Bangladesh,BGD,0,World,WLD,,,,,,,,27,"Mineral fuels, mineral oils and products of their distillation; bituminous substances; mineral waxes",1,No Quantity,,,,,,,5219952822,,,0
H4,2015,2015,2015,2,0,1,Import,50,Bangladesh,BGD,12,Algeria,DZA,,,,,,,,27,"Mineral fuels, mineral oils and products of their distillation; bituminous substances; mineral waxes",1,No Quantity,,,,,,,1512,,,0
H4,2015,2015,2015,2,0,1,Import,50,Bangladesh,BGD,32,Argentina,ARG,,,,,,,,27,"Mineral fuels, mineral oils and products of their distillation; bituminous substances; mineral waxes",1,No Quantity,,,,,,,1674595,,,0
H4,2015,2015,2015,2,0,1,Import,50,Bangladesh,BGD,36,Australia,AUS,,,,,,,,27,"Mineral fuels, mineral oils and products of their distillation; bituminous substances; mineral waxes",1,No Quantity,,,,,,,1669514,,,0
H4,2015,2015,2015,2,0,1,Import,50,Bangladesh,BGD,40,Austria,AUT,,,,,,,,27,"Mineral fuels, mineral oils and products of their distillation; bituminous substances; mineral waxes",1,No Quantity,,,,,,,105,,,0
H4,2015,2015,2015,2,0,1,Import,50,Bangladesh,BGD,48,Bahrain,BHR,,,,,,,,27,"Mineral fuels, mineral oils and products of their distillation; bituminous substances; mineral waxes",1,No Quantity,,,,,,,32072,,,0
H4,2015,2015,2015,2,0,1,Import,50,Bangladesh,BGD,56,Belgium,BEL,,,,,,,,27,"Mineral fuels, mineral oils and products of their distillation; bituminous substances; mineral waxes",1,No Quantity,,,,,,,377304,,,0
H4,2015,2015,2015,2,0,1,Import,50,Bangladesh,BGD,64,Bhutan,BTN,,,,,,,,27,"Mineral fuels, mineral oils and products of their distillation; bituminous substances; mineral waxes",1,No Quantity,,,,,,,75967,,,0
H4,2015,2015,2015,2,0,1,Import,50,Bangladesh,BGD,76,Brazil,BRA,,,,,,,,27,"Mineral fuels, mineral oils and products of their distillation; bituminous substances; mineral waxes",1,No Quantity,,,,,,,82790,,,0
H4,2015,2015,2015,2,0,1,Import,50,Bangladesh,BGD,100,Bulgaria,BGR,,,,,,,,27,"Mineral fuels, mineral oils and products of their distillation; bituminous substances; mineral waxes",1,No Quantity,,,,,,,12366,,,0
H4,2015,2015,2015,2,0,1,Import,50,Bangladesh,BGD,124,Canada,CAN,,,,,,,,27,"Mineral fuels, mineral oils and products of their distillation; bituminous substances; mineral waxes",1,No Quantity,,,,,,,33,,,0
H4,2015,2015,2015,2,0,1,Import,50,Bangladesh,BGD,144,Sri Lanka,LKA,,,,,,,,27,"Mineral fuels, mineral oils and products of their distillation; bituminous substances; mineral waxes",1,No Quantity,,,,,,,4129146,,,0
H4,2015,2015,2015,2,0,1,Import,50,Bangladesh,BGD,156,China,CHN,,,,,,,,27,"Mineral fuels, mineral oils and products of their distillation; bituminous substances; mineral waxes",1,No Quantity,,,,,,,211784193,,,0
H4,2015,2015,2015,2,0,1,Import,50,Bangladesh,BGD,180,Dem. Rep. of the Congo,COD,,,,,,,,27,"Mineral fuels, mineral oils and products of their distillation; bituminous substances; mineral waxes",1,No Quantity,,,,,,,30,,,0
H4,2015,2015,2015,2,0,1,Import,50,Bangladesh,BGD,191,Croatia,HRV,,,,,,,,27,"Mineral fuels, mineral oils and products of their distillation; bituminous substances; mineral waxes",1,No Quantity,,,,,,,34212,,,0
H4,2015,2015,2015,2,0,1,Import,50,Bangladesh,BGD,208,Denmark,DNK,,,,,,,,27,"Mineral fuels, mineral oils and products of their distillation; bituminous substances; mineral waxes",1,No Quantity,,,,,,,10779,,,0
H4,2015,2015,2015,2,0,1,Import,50,Bangladesh,BGD,212,Dominica,DMA,,,,,,,,27,"Mineral fuels, mineral oils and products of their distillation; bituminous substances; mineral waxes",1,No Quantity,,,,,,,40963,,,0
H4,2015,2015,2015,2,0,1,Import,50,Bangladesh,BGD,246,Finland,FIN,,,,,,,,27,"Mineral fuels, mineral oils and products of their distillation; bituminous substances; mineral waxes",1,No Quantity,,,,,,,53549,,,0
H4,2015,2015,2015,2,0,1,Import,50,Bangladesh,BGD,251,France,FRA,,,,,,,,27,"Mineral fuels, mineral oils and products of their distillation; bituminous substances; mineral waxes",1,No Quantity,,,,,,,121833,,,0
H4,2015,2015,2015,2,0,1,Import,50,Bangladesh,BGD,276,Germany,DEU,,,,,,,,27,"Mineral fuels, mineral oils and products of their distillation; bituminous substances; mineral waxes",1,No Quantity,,,,,,,1108944,,,0
H4,2015,2015,2015,2,0,1,Import,50,Bangladesh,BGD,300,Greece,GRC,,,,,,,,27,"Mineral fuels, mineral oils and products of their distillation; bituminous substances; mineral waxes",1,No Quantity,,,,,,,216859,,,0
H4,2015,2015,2015,2,0,1,Import,50,Bangladesh,BGD,344,"China, Hong Kong SAR",HKG,,,,,,,,27,"Mineral fuels, mineral oils and products of their distillation; bituminous substances; mineral waxes",1,No Quantity,,,,,,,5619480,,,0
H4,2015,2015,2015,2,0,1,Import,50,Bangladesh,BGD,360,Indonesia,IDN,,,,,,,,27,"Mineral fuels, mineral oils and products of their distillation; bituminous substances; mineral waxes",1,No Quantity,,,,,,,219532110,,,0
H4,2015,2015,2015,2,0,1,Import,50,Bangladesh,BGD,364,Iran,IRN,,,,,,,,27,"Mineral fuels, mineral oils and products of their distillation; bituminous substances; mineral waxes",1,No Quantity,,,,,,,32024,,,0
H4,2015,2015,2015,2,0,1,Import,50,Bangladesh,BGD,376,Israel,ISR,,,,,,,,27,"Mineral fuels, mineral oils and products of their distillation; bituminous substances; mineral waxes",1,No Quantity,,,,,,,6126,,,0
H4,2015,2015,2015,2,0,1,Import,50,Bangladesh,BGD,381,Italy,ITA,,,,,,,,27,"Mineral fuels, mineral oils and products of their distillation; bituminous substances; mineral waxes",1,No Quantity,,,,,,,2445495,,,0
H4,2015,2015,2015,2,0,1,Import,50,Bangladesh,BGD,392,Japan,JPN,,,,,,,,27,"Mineral fuels, mineral oils and products of their distillation; bituminous substances; mineral waxes",1,No Quantity,,,,,,,4647348,,,0
H4,2015,2015,2015,2,0,1,Import,50,Bangladesh,BGD,404,Kenya,KEN,,,,,,,,27,"Mineral fuels, mineral oils and products of their distillation; bituminous substances; mineral waxes",1,No Quantity,,,,,,,15139,,,0
H4,2015,2015,2015,2,0,1,Import,50,Bangladesh,BGD,410,Rep. of Korea,KOR,,,,,,,,27,"Mineral fuels, mineral oils and products of their distillation; bituminous substances; mineral waxes",1,No Quantity,,,,,,,15334308,,,0
H4,2015,2015,2015,2,0,1,Import,50,Bangladesh,BGD,414,Kuwait,KWT,,,,,,,,27,"Mineral fuels, mineral oils and products of their distillation; bituminous substances; mineral waxes",1,No Quantity,,,,,,,1192241629,,,0
H4,2015,2015,2015,2,0,1,Import,50,Bangladesh,BGD,430,Liberia,LBR,,,,,,,,27,"Mineral fuels, mineral oils and products of their distillation; bituminous substances; mineral waxes",1,No Quantity,,,,,,,245979,,,0
H4,2015,2015,2015,2,0,1,Import,50,Bangladesh,BGD,440,Lithuania,LTU,,,,,,,,27,"Mineral fuels, mineral oils and products of their distillation; bituminous substances; mineral waxes",1,No Quantity,,,,,,,39264,,,0
H4,2015,2015,2015,2,0,1,Import,50,Bangladesh,BGD,458,Malaysia,MYS,,,,,,,,27,"Mineral fuels, mineral oils and products of their distillation; bituminous substances; mineral waxes",1,No Quantity,,,,,,,390901770,,,0
H4,2015,2015,2015,2,0,1,Import,50,Bangladesh,BGD,490,"Other Asia, nes",,,,,,,,,27,"Mineral fuels, mineral oils and products of their distillation; bituminous substances; mineral waxes",1,No Quantity,,,,,,,9154222,,,0
H4,2015,2015,2015,2,0,1,Import,50,Bangladesh,BGD,512,Oman,OMN,,,,,,,,27,"Mineral fuels, mineral oils and products of their distillation; bituminous substances; mineral waxes",1,No Quantity,,,,,,,14927793,,,0
H4,2015,2015,2015,2,0,1,Import,50,Bangladesh,BGD,528,Netherlands,NLD,,,,,,,,27,"Mineral fuels, mineral oils and products of their distillation; bituminous substances; mineral waxes",1,No Quantity,,,,,,,118056,,,0
H4,2015,2015,2015,2,0,1,Import,50,Bangladesh,BGD,568,"Other Europe, nes",,,,,,,,,27,"Mineral fuels, mineral oils and products of their distillation; bituminous substances; mineral waxes",1,No Quantity,,,,,,,95616,,,0
H4,2015,2015,2015,2,0,1,Import,50,Bangladesh,BGD,586,Pakistan,PAK,,,,,,,,27,"Mineral fuels, mineral oils and products of their distillation; bituminous substances; mineral waxes",1,No Quantity,,,,,,,3629161,,,0
H4,2015,2015,2015,2,0,1,Import,50,Bangladesh,BGD,608,Philippines,PHL,,,,,,,,27,"Mineral fuels, mineral oils and products of their distillation; bituminous substances; mineral waxes",1,No Quantity,,,,,,,21378857,,,0
H4,2015,2015,2015,2,0,1,Import,50,Bangladesh,BGD,616,Poland,POL,,,,,,,,27,"Mineral fuels, mineral oils and products of their distillation; bituminous substances; mineral waxes",1,No Quantity,,,,,,,683460,,,0
H4,2015,2015,2015,2,0,1,Import,50,Bangladesh,BGD,620,Portugal,PRT,,,,,,,,27,"Mineral fuels, mineral oils and products of their distillation; bituminous substances; mineral waxes",1,No Quantity,,,,,,,407424,,,0
H4,2015,2015,2015,2,0,1,Import,50,Bangladesh,BGD,634,Qatar,QAT,,,,,,,,27,"Mineral fuels, mineral oils and products of their distillation; bituminous substances; mineral waxes",1,No Quantity,,,,,,,30922,,,0
H4,2015,2015,2015,2,0,1,Import,50,Bangladesh,BGD,643,Russian Federation,RUS,,,,,,,,27,"Mineral fuels, mineral oils and products of their distillation; bituminous substances; mineral waxes",1,No Quantity,,,,,,,327492,,,0
H4,2015,2015,2015,2,0,1,Import,50,Bangladesh,BGD,659,Saint Kitts and Nevis,KNA,,,,,,,,27,"Mineral fuels, mineral oils and products of their distillation; bituminous substances; mineral waxes",1,No Quantity,,,,,,,2736,,,0
H4,2015,2015,2015,2,0,1,Import,50,Bangladesh,BGD,682,Saudi Arabia,SAU,,,,,,,,27,"Mineral fuels, mineral oils and products of their distillation; bituminous substances; mineral waxes",1,No Quantity,,,,,,,215496810,,,0
H4,2015,2015,2015,2,0,1,Import,50,Bangladesh,BGD,688,Serbia,SRB,,,,,,,,27,"Mineral fuels, mineral oils and products of their distillation; bituminous substances; mineral waxes",1,No Quantity,,,,,,,6949,,,0
H4,2015,2015,2015,2,0,1,Import,50,Bangladesh,BGD,690,Seychelles,SYC,,,,,,,,27,"Mineral fuels, mineral oils and products of their distillation; bituminous substances; mineral waxes",1,No Quantity,,,,,,,111477,,,0
H4,2015,2015,2015,2,0,1,Import,50,Bangladesh,BGD,699,India,IND,,,,,,,,27,"Mineral fuels, mineral oils and products of their distillation; bituminous substances; mineral waxes",1,No Quantity,,,,,,,169543172,,,0
H4,2015,2015,2015,2,0,1,Import,50,Bangladesh,BGD,702,Singapore,SGP,,,,,,,,27,"Mineral fuels, mineral oils and products of their distillation; bituminous substances; mineral waxes",1,No Quantity,,,,,,,2353193272,,,0
H4,2015,2015,2015,2,0,1,Import,50,Bangladesh,BGD,704,Viet Nam,VNM,,,,,,,,27,"Mineral fuels, mineral oils and products of their distillation; bituminous substances; mineral waxes",1,No Quantity,,,,,,,33524500,,,0
H4,2015,2015,2015,2,0,1,Import,50,Bangladesh,BGD,710,South Africa,ZAF,,,,,,,,27,"Mineral fuels, mineral oils and products of their distillation; bituminous substances; mineral waxes",1,No Quantity,,,,,,,49545727,,,0
H4,2015,2015,2015,2,0,1,Import,50,Bangladesh,BGD,724,Spain,ESP,,,,,,,,27,"Mineral fuels, mineral oils and products of their distillation; bituminous substances; mineral waxes",1,No Quantity,,,,,,,1749949,,,0
H4,2015,2015,2015,2,0,1,Import,50,Bangladesh,BGD,752,Sweden,SWE,,,,,,,,27,"Mineral fuels, mineral oils and products of their distillation; bituminous substances; mineral waxes",1,No Quantity,,,,,,,549,,,0
H4,2015,2015,2015,2,0,1,Import,50,Bangladesh,BGD,757,Switzerland,CHE,,,,,,,,27,"Mineral fuels, mineral oils and products of their distillation; bituminous substances; mineral waxes",1,No Quantity,,,,,,,9484,,,0
H4,2015,2015,2015,2,0,1,Import,50,Bangladesh,BGD,764,Thailand,THA,,,,,,,,27,"Mineral fuels, mineral oils and products of their distillation; bituminous substances; mineral waxes",1,No Quantity,,,,,,,14627640,,,0
H4,2015,2015,2015,2,0,1,Import,50,Bangladesh,BGD,784,United Arab Emirates,ARE,,,,,,,,27,"Mineral fuels, mineral oils and products of their distillation; bituminous substances; mineral waxes",1,No Quantity,,,,,,,266543780,,,0
H4,2015,2015,2015,2,0,1,Import,50,Bangladesh,BGD,792,Turkey,TUR,,,,,,,,27,"Mineral fuels, mineral oils and products of their distillation; bituminous substances; mineral waxes",1,No Quantity,,,,,,,10075973,,,0
H4,2015,2015,2015,2,0,1,Import,50,Bangladesh,BGD,800,Uganda,UGA,,,,,,,,27,"Mineral fuels, mineral oils and products of their distillation; bituminous substances; mineral waxes",1,No Quantity,,,,,,,116064,,,0
H4,2015,2015,2015,2,0,1,Import,50,Bangladesh,BGD,804,Ukraine,UKR,,,,,,,,27,"Mineral fuels, mineral oils and products of their distillation; bituminous substances; mineral waxes",1,No Quantity,,,,,,,132377,,,0
H4,2015,2015,2015,2,0,1,Import,50,Bangladesh,BGD,826,United Kingdom,GBR,,,,,,,,27,"Mineral fuels, mineral oils and products of their distillation; bituminous substances; mineral waxes",1,No Quantity,,,,,,,378640,,,0
H4,2015,2015,2015,2,0,1,Import,50,Bangladesh,BGD,842,USA,USA,,,,,,,,27,"Mineral fuels, mineral oils and products of their distillation; bituminous substances; mineral waxes",1,No Quantity,,,,,,,1653281,,,0
