Classification,Year,Period,Period Desc.,Aggregate Level,Is Leaf Code,Trade Flow Code,Trade Flow,Reporter Code,Reporter,Reporter ISO,Partner Code,Partner,Partner ISO,2nd Partner Code,2nd Partner,2nd Partner ISO,Customs Proc. Code,Customs,Mode of Transport Code,Mode of Transport,Commodity Code,Commodity,Qty Unit Code,Qty Unit,Qty,Alt Qty Unit Code,Alt Qty Unit,Alt Qty,Netweight (kg),Gross weight (kg),Trade Value (US$),CIF Trade Value (US$),FOB Trade Value (US$),Flag
H5,2017,2017,2017,2,0,1,Import,68,Bolivia (Plurinational State of),BOL,0,World,WLD,,,,,,,,27,"Mineral fuels, mineral oils and products of their distillation; bituminous substances; mineral waxes",1,No Quantity,0,,,,0,,983373058,,,4
H5,2017,2017,2017,2,0,1,Import,68,Bolivia (Plurinational State of),BOL,8,Albania,ALB,,,,,,,,27,"Mineral fuels, mineral oils and products of their distillation; bituminous substances; mineral waxes",1,No Quantity,0,,,,0,,4485,,,0
H5,2017,2017,2017,2,0,1,Import,68,Bolivia (Plurinational State of),BOL,32,Argentina,ARG,,,,,,,,27,"Mineral fuels, mineral oils and products of their distillation; bituminous substances; mineral waxes",1,No Quantity,0,,,,0,,508352924,,,0
H5,2017,2017,2017,2,0,1,Import,68,Bolivia (Plurinational State of),BOL,40,Austria,AUT,,,,,,,,27,"Mineral fuels, mineral oils and products of their distillation; bituminous substances; mineral waxes",1,No Quantity,0,,,,0,,3065,,,0
H5,2017,2017,2017,2,0,1,Import,68,Bolivia (Plurinational State of),BOL,56,Belgium,BEL,,,,,,,,27,"Mineral fuels, mineral oils and products of their distillation; bituminous substances; mineral waxes",1,No Quantity,0,,,,0,,44771,,,0
H5,2017,2017,2017,2,0,1,Import,68,Bolivia (Plurinational State of),BOL,76,Brazil,BRA,,,,,,,,27,"Mineral fuels, mineral oils and products of their distillation; bituminous substances; mineral waxes",1,No Quantity,0,,,,0,,50382679,,,0
H5,2017,2017,2017,2,0,1,Import,68,Bolivia (Plurinational State of),BOL,124,Canada,CAN,,,,,,,,27,"Mineral fuels, mineral oils and products of their distillation; bituminous substances; mineral waxes",1,No Quantity,0,,,,0,,82008,,,0
H5,2017,2017,2017,2,0,1,Import,68,Bolivia (Plurinational State of),BOL,152,Chile,CHL,,,,,,,,27,"Mineral fuels, mineral oils and products of their distillation; bituminous substances; mineral waxes",1,No Quantity,0,,,,0,,148516378,,,0
H5,2017,2017,2017,2,0,1,Import,68,Bolivia (Plurinational State of),BOL,156,China,CHN,,,,,,,,27,"Mineral fuels, mineral oils and products of their distillation; bituminous substances; mineral waxes",1,No Quantity,0,,,,0,,1993489,,,0
H5,2017,2017,2017,2,0,1,Import,68,Bolivia (Plurinational State of),BOL,170,Colombia,COL,,,,,,,,27,"Mineral fuels, mineral oils and products of their distillation; bituminous substances; mineral waxes",1,No Quantity,0,,,,0,,1574705,,,0
H5,2017,2017,2017,2,0,1,Import,68,Bolivia (Plurinational State of),BOL,192,Cuba,CUB,,,,,,,,27,"Mineral fuels, mineral oils and products of their distillation; bituminous substances; mineral waxes",1,No Quantity,0,,,,0,,75775,,,0
H5,2017,2017,2017,2,0,1,Import,68,Bolivia (Plurinational State of),BOL,214,Dominican Rep.,DOM,,,,,,,,27,"Mineral fuels, mineral oils and products of their distillation; bituminous substances; mineral waxes",1,No Quantity,0,,,,0,,5183,,,0
H5,2017,2017,2017,2,0,1,Import,68,Bolivia (Plurinational State of),BOL,218,Ecuador,ECU,,,,,,,,27,"Mineral fuels, mineral oils and products of their distillation; bituminous substances; mineral waxes",1,No Quantity,0,,,,0,,85092,,,0
H5,2017,2017,2017,2,0,1,Import,68,Bolivia (Plurinational State of),BOL,251,France,FRA,,,,,,,,27,"Mineral fuels, mineral oils and products of their distillation; bituminous substances; mineral waxes",1,No Quantity,0,,,,0,,457107,,,0
H5,2017,2017,2017,2,0,1,Import,68,Bolivia (Plurinational State of),BOL,276,Germany,DEU,,,,,,,,27,"Mineral fuels, mineral oils and products of their distillation; bituminous substances; mineral waxes",1,No Quantity,0,,,,0,,793036,,,0
H5,2017,2017,2017,2,0,1,Import,68,Bolivia (Plurinational State of),BOL,344,"China, Hong Kong SAR",HKG,,,,,,,,27,"Mineral fuels, mineral oils and products of their distillation; bituminous substances; mineral waxes",1,No Quantity,0,,,,0,,165630,,,0
H5,2017,2017,2017,2,0,1,Import,68,Bolivia (Plurinational State of),BOL,364,Iran,IRN,,,,,,,,27,"Mineral fuels, mineral oils and products of their distillation; bituminous substances; mineral waxes",1,No Quantity,0,,,,0,,40381,,,0
H5,2017,2017,2017,2,0,1,Import,68,Bolivia (Plurinational State of),BOL,376,Israel,ISR,,,,,,,,27,"Mineral fuels, mineral oils and products of their distillation; bituminous substances; mineral waxes",1,No Quantity,0,,,,0,,6279,,,0
H5,2017,2017,2017,2,0,1,Import,68,Bolivia (Plurinational State of),BOL,381,Italy,ITA,,,,,,,,27,"Mineral fuels, mineral oils and products of their distillation; bituminous substances; mineral waxes",1,No Quantity,0,,,,0,,146419,,,0
H5,2017,2017,2017,2,0,1,Import,68,Bolivia (Plurinational State of),BOL,392,Japan,JPN,,,,,,,,27,"Mineral fuels, mineral oils and products of their distillation; bituminous substances; mineral waxes",1,No Quantity,0,,,,0,,23056,,,0
H5,2017,2017,2017,2,0,1,Import,68,Bolivia (Plurinational State of),BOL,410,Rep. of Korea,KOR,,,,,,,,27,"Mineral fuels, mineral oils and products of their distillation; bituminous substances; mineral waxes",1,No Quantity,0,,,,0,,1187,,,0
H5,2017,2017,2017,2,0,1,Import,68,Bolivia (Plurinational State of),BOL,458,Malaysia,MYS,,,,,,,,27,"Mineral fuels, mineral oils and products of their distillation; bituminous substances; mineral waxes",1,No Quantity,0,,,,0,,57,,,0
H5,2017,2017,2017,2,0,1,Import,68,Bolivia (Plurinational State of),BOL,484,Mexico,MEX,,,,,,,,27,"Mineral fuels, mineral oils and products of their distillation; bituminous substances; mineral waxes",1,No Quantity,0,,,,0,,2710634,,,0
H5,2017,2017,2017,2,0,1,Import,68,Bolivia (Plurinational State of),BOL,528,Netherlands,NLD,,,,,,,,27,"Mineral fuels, mineral oils and products of their distillation; bituminous substances; mineral waxes",1,No Quantity,0,,,,0,,370421,,,0
H5,2017,2017,2017,2,0,1,Import,68,Bolivia (Plurinational State of),BOL,591,Panama,PAN,,,,,,,,27,"Mineral fuels, mineral oils and products of their distillation; bituminous substances; mineral waxes",1,No Quantity,0,,,,0,,3628,,,0
H5,2017,2017,2017,2,0,1,Import,68,Bolivia (Plurinational State of),BOL,600,Paraguay,PRY,,,,,,,,27,"Mineral fuels, mineral oils and products of their distillation; bituminous substances; mineral waxes",1,No Quantity,0,,,,0,,1317746,,,0
H5,2017,2017,2017,2,0,1,Import,68,Bolivia (Plurinational State of),BOL,604,Peru,PER,,,,,,,,27,"Mineral fuels, mineral oils and products of their distillation; bituminous substances; mineral waxes",1,No Quantity,0,,,,0,,98537155,,,0
H5,2017,2017,2017,2,0,1,Import,68,Bolivia (Plurinational State of),BOL,643,Russian Federation,RUS,,,,,,,,27,"Mineral fuels, mineral oils and products of their distillation; bituminous substances; mineral waxes",1,No Quantity,0,,,,0,,7065037,,,0
H5,2017,2017,2017,2,0,1,Import,68,Bolivia (Plurinational State of),BOL,699,India,IND,,,,,,,,27,"Mineral fuels, mineral oils and products of their distillation; bituminous substances; mineral waxes",1,No Quantity,0,,,,0,,95980,,,0
H5,2017,2017,2017,2,0,1,Import,68,Bolivia (Plurinational State of),BOL,702,Singapore,SGP,,,,,,,,27,"Mineral fuels, mineral oils and products of their distillation; bituminous substances; mineral waxes",1,No Quantity,0,,,,0,,18292526,,,0
H5,2017,2017,2017,2,0,1,Import,68,Bolivia (Plurinational State of),BOL,710,South Africa,ZAF,,,,,,,,27,"Mineral fuels, mineral oils and products of their distillation; bituminous substances; mineral waxes",1,No Quantity,0,,,,0,,32,,,0
H5,2017,2017,2017,2,0,1,Import,68,Bolivia (Plurinational State of),BOL,724,Spain,ESP,,,,,,,,27,"Mineral fuels, mineral oils and products of their distillation; bituminous substances; mineral waxes",1,No Quantity,0,,,,0,,7560922,,,0
H5,2017,2017,2017,2,0,1,Import,68,Bolivia (Plurinational State of),BOL,752,Sweden,SWE,,,,,,,,27,"Mineral fuels, mineral oils and products of their distillation; bituminous substances; mineral waxes",1,No Quantity,0,,,,0,,180466,,,0
H5,2017,2017,2017,2,0,1,Import,68,Bolivia (Plurinational State of),BOL,757,Switzerland,CHE,,,,,,,,27,"Mineral fuels, mineral oils and products of their distillation; bituminous substances; mineral waxes",1,No Quantity,0,,,,0,,71171493,,,0
H5,2017,2017,2017,2,0,1,Import,68,Bolivia (Plurinational State of),BOL,764,Thailand,THA,,,,,,,,27,"Mineral fuels, mineral oils and products of their distillation; bituminous substances; mineral waxes",1,No Quantity,0,,,,0,,61,,,0
H5,2017,2017,2017,2,0,1,Import,68,Bolivia (Plurinational State of),BOL,784,United Arab Emirates,ARE,,,,,,,,27,"Mineral fuels, mineral oils and products of their distillation; bituminous substances; mineral waxes",1,No Quantity,0,,,,0,,3637680,,,0
H5,2017,2017,2017,2,0,1,Import,68,Bolivia (Plurinational State of),BOL,826,United Kingdom,GBR,,,,,,,,27,"Mineral fuels, mineral oils and products of their distillation; bituminous substances; mineral waxes",1,No Quantity,0,,,,0,,19,,,0
H5,2017,2017,2017,2,0,1,Import,68,Bolivia (Plurinational State of),BOL,842,USA,USA,,,,,,,,27,"Mineral fuels, mineral oils and products of their distillation; bituminous substances; mineral waxes",1,No Quantity,0,,,,0,,55826043,,,4
H5,2017,2017,2017,2,0,1,Import,68,Bolivia (Plurinational State of),BOL,858,Uruguay,URY,,,,,,,,27,"Mineral fuels, mineral oils and products of their distillation; bituminous substances; mineral waxes",1,No Quantity,0,,,,0,,770753,,,0
H5,2017,2017,2017,2,0,1,Import,68,Bolivia (Plurinational State of),BOL,862,Venezuela,VEN,,,,,,,,27,"Mineral fuels, mineral oils and products of their distillation; bituminous substances; mineral waxes",1,No Quantity,0,,,,0,,3078736,,,0
H5,2018,2018,2018,2,0,1,Import,68,Bolivia (Plurinational State of),BOL,0,World,WLD,,,,,,,,27,"Mineral fuels, mineral oils and products of their distillation; bituminous substances; mineral waxes",1,No Quantity,0,,,,0,,1303770580,,,4
H5,2018,2018,2018,2,0,1,Import,68,Bolivia (Plurinational State of),BOL,32,Argentina,ARG,,,,,,,,27,"Mineral fuels, mineral oils and products of their distillation; bituminous substances; mineral waxes",1,No Quantity,0,,,,0,,486051885,,,4
H5,2018,2018,2018,2,0,1,Import,68,Bolivia (Plurinational State of),BOL,56,Belgium,BEL,,,,,,,,27,"Mineral fuels, mineral oils and products of their distillation; bituminous substances; mineral waxes",1,No Quantity,0,,,,0,,33478,,,0
H5,2018,2018,2018,2,0,1,Import,68,Bolivia (Plurinational State of),BOL,76,Brazil,BRA,,,,,,,,27,"Mineral fuels, mineral oils and products of their distillation; bituminous substances; mineral waxes",1,No Quantity,0,,,,0,,33460785,,,0
H5,2018,2018,2018,2,0,1,Import,68,Bolivia (Plurinational State of),BOL,124,Canada,CAN,,,,,,,,27,"Mineral fuels, mineral oils and products of their distillation; bituminous substances; mineral waxes",1,No Quantity,0,,,,0,,163616,,,0
H5,2018,2018,2018,2,0,1,Import,68,Bolivia (Plurinational State of),BOL,152,Chile,CHL,,,,,,,,27,"Mineral fuels, mineral oils and products of their distillation; bituminous substances; mineral waxes",1,No Quantity,0,,,,0,,258678413,,,4
H5,2018,2018,2018,2,0,1,Import,68,Bolivia (Plurinational State of),BOL,156,China,CHN,,,,,,,,27,"Mineral fuels, mineral oils and products of their distillation; bituminous substances; mineral waxes",1,No Quantity,0,,,,0,,1507496,,,0
H5,2018,2018,2018,2,0,1,Import,68,Bolivia (Plurinational State of),BOL,170,Colombia,COL,,,,,,,,27,"Mineral fuels, mineral oils and products of their distillation; bituminous substances; mineral waxes",1,No Quantity,0,,,,0,,645318,,,0
H5,2018,2018,2018,2,0,1,Import,68,Bolivia (Plurinational State of),BOL,214,Dominican Rep.,DOM,,,,,,,,27,"Mineral fuels, mineral oils and products of their distillation; bituminous substances; mineral waxes",1,No Quantity,0,,,,0,,392110,,,0
H5,2018,2018,2018,2,0,1,Import,68,Bolivia (Plurinational State of),BOL,218,Ecuador,ECU,,,,,,,,27,"Mineral fuels, mineral oils and products of their distillation; bituminous substances; mineral waxes",1,No Quantity,0,,,,0,,258640,,,0
H5,2018,2018,2018,2,0,1,Import,68,Bolivia (Plurinational State of),BOL,233,Estonia,EST,,,,,,,,27,"Mineral fuels, mineral oils and products of their distillation; bituminous substances; mineral waxes",1,No Quantity,0,,,,0,,33052,,,0
H5,2018,2018,2018,2,0,1,Import,68,Bolivia (Plurinational State of),BOL,251,France,FRA,,,,,,,,27,"Mineral fuels, mineral oils and products of their distillation; bituminous substances; mineral waxes",1,No Quantity,0,,,,0,,324532,,,0
H5,2018,2018,2018,2,0,1,Import,68,Bolivia (Plurinational State of),BOL,276,Germany,DEU,,,,,,,,27,"Mineral fuels, mineral oils and products of their distillation; bituminous substances; mineral waxes",1,No Quantity,0,,,,0,,883424,,,4
H5,2018,2018,2018,2,0,1,Import,68,Bolivia (Plurinational State of),BOL,320,Guatemala,GTM,,,,,,,,27,"Mineral fuels, mineral oils and products of their distillation; bituminous substances; mineral waxes",1,No Quantity,0,,,,0,,10458,,,0
H5,2018,2018,2018,2,0,1,Import,68,Bolivia (Plurinational State of),BOL,381,Italy,ITA,,,,,,,,27,"Mineral fuels, mineral oils and products of their distillation; bituminous substances; mineral waxes",1,No Quantity,0,,,,0,,431206,,,0
H5,2018,2018,2018,2,0,1,Import,68,Bolivia (Plurinational State of),BOL,392,Japan,JPN,,,,,,,,27,"Mineral fuels, mineral oils and products of their distillation; bituminous substances; mineral waxes",1,No Quantity,0,,,,0,,182438,,,0
H5,2018,2018,2018,2,0,1,Import,68,Bolivia (Plurinational State of),BOL,410,Rep. of Korea,KOR,,,,,,,,27,"Mineral fuels, mineral oils and products of their distillation; bituminous substances; mineral waxes",1,No Quantity,0,,,,0,,1404,,,0
H5,2018,2018,2018,2,0,1,Import,68,Bolivia (Plurinational State of),BOL,484,Mexico,MEX,,,,,,,,27,"Mineral fuels, mineral oils and products of their distillation; bituminous substances; mineral waxes",1,No Quantity,0,,,,0,,2823677,,,0
H5,2018,2018,2018,2,0,1,Import,68,Bolivia (Plurinational State of),BOL,528,Netherlands,NLD,,,,,,,,27,"Mineral fuels, mineral oils and products of their distillation; bituminous substances; mineral waxes",1,No Quantity,0,,,,0,,15373872,,,4
H5,2018,2018,2018,2,0,1,Import,68,Bolivia (Plurinational State of),BOL,531,Cura�ao,CUW,,,,,,,,27,"Mineral fuels, mineral oils and products of their distillation; bituminous substances; mineral waxes",1,No Quantity,0,,,,0,,1393983,,,0
H5,2018,2018,2018,2,0,1,Import,68,Bolivia (Plurinational State of),BOL,584,Marshall Isds,MHL,,,,,,,,27,"Mineral fuels, mineral oils and products of their distillation; bituminous substances; mineral waxes",1,No Quantity,0,,,,0,,7308868,,,4
H5,2018,2018,2018,2,0,1,Import,68,Bolivia (Plurinational State of),BOL,591,Panama,PAN,,,,,,,,27,"Mineral fuels, mineral oils and products of their distillation; bituminous substances; mineral waxes",1,No Quantity,0,,,,0,,32235,,,0
H5,2018,2018,2018,2,0,1,Import,68,Bolivia (Plurinational State of),BOL,600,Paraguay,PRY,,,,,,,,27,"Mineral fuels, mineral oils and products of their distillation; bituminous substances; mineral waxes",1,No Quantity,0,,,,0,,26154050,,,4
H5,2018,2018,2018,2,0,1,Import,68,Bolivia (Plurinational State of),BOL,604,Peru,PER,,,,,,,,27,"Mineral fuels, mineral oils and products of their distillation; bituminous substances; mineral waxes",1,No Quantity,0,,,,0,,120911956,,,4
H5,2018,2018,2018,2,0,1,Import,68,Bolivia (Plurinational State of),BOL,620,Portugal,PRT,,,,,,,,27,"Mineral fuels, mineral oils and products of their distillation; bituminous substances; mineral waxes",1,No Quantity,0,,,,0,,86874,,,0
H5,2018,2018,2018,2,0,1,Import,68,Bolivia (Plurinational State of),BOL,643,Russian Federation,RUS,,,,,,,,27,"Mineral fuels, mineral oils and products of their distillation; bituminous substances; mineral waxes",1,No Quantity,0,,,,0,,10999278,,,0
H5,2018,2018,2018,2,0,1,Import,68,Bolivia (Plurinational State of),BOL,682,Saudi Arabia,SAU,,,,,,,,27,"Mineral fuels, mineral oils and products of their distillation; bituminous substances; mineral waxes",1,No Quantity,0,,,,0,,17613015,,,0
H5,2018,2018,2018,2,0,1,Import,68,Bolivia (Plurinational State of),BOL,699,India,IND,,,,,,,,27,"Mineral fuels, mineral oils and products of their distillation; bituminous substances; mineral waxes",1,No Quantity,0,,,,0,,68410,,,0
H5,2018,2018,2018,2,0,1,Import,68,Bolivia (Plurinational State of),BOL,702,Singapore,SGP,,,,,,,,27,"Mineral fuels, mineral oils and products of their distillation; bituminous substances; mineral waxes",1,No Quantity,0,,,,0,,150243479,,,4
H5,2018,2018,2018,2,0,1,Import,68,Bolivia (Plurinational State of),BOL,724,Spain,ESP,,,,,,,,27,"Mineral fuels, mineral oils and products of their distillation; bituminous substances; mineral waxes",1,No Quantity,0,,,,0,,12327802,,,0
H5,2018,2018,2018,2,0,1,Import,68,Bolivia (Plurinational State of),BOL,748,Eswatini,SWZ,,,,,,,,27,"Mineral fuels, mineral oils and products of their distillation; bituminous substances; mineral waxes",1,No Quantity,0,,,,0,,24343375,,,0
H5,2018,2018,2018,2,0,1,Import,68,Bolivia (Plurinational State of),BOL,752,Sweden,SWE,,,,,,,,27,"Mineral fuels, mineral oils and products of their distillation; bituminous substances; mineral waxes",1,No Quantity,0,,,,0,,919776,,,0
H5,2018,2018,2018,2,0,1,Import,68,Bolivia (Plurinational State of),BOL,757,Switzerland,CHE,,,,,,,,27,"Mineral fuels, mineral oils and products of their distillation; bituminous substances; mineral waxes",1,No Quantity,0,,,,0,,23290637,,,0
H5,2018,2018,2018,2,0,1,Import,68,Bolivia (Plurinational State of),BOL,784,United Arab Emirates,ARE,,,,,,,,27,"Mineral fuels, mineral oils and products of their distillation; bituminous substances; mineral waxes",1,No Quantity,0,,,,0,,1614723,,,0
H5,2018,2018,2018,2,0,1,Import,68,Bolivia (Plurinational State of),BOL,792,Turkey,TUR,,,,,,,,27,"Mineral fuels, mineral oils and products of their distillation; bituminous substances; mineral waxes",1,No Quantity,0,,,,0,,15314360,,,4
H5,2018,2018,2018,2,0,1,Import,68,Bolivia (Plurinational State of),BOL,826,United Kingdom,GBR,,,,,,,,27,"Mineral fuels, mineral oils and products of their distillation; bituminous substances; mineral waxes",1,No Quantity,0,,,,0,,5861,,,0
H5,2018,2018,2018,2,0,1,Import,68,Bolivia (Plurinational State of),BOL,842,USA,USA,,,,,,,,27,"Mineral fuels, mineral oils and products of their distillation; bituminous substances; mineral waxes",1,No Quantity,0,,,,0,,88773546,,,4
H5,2018,2018,2018,2,0,1,Import,68,Bolivia (Plurinational State of),BOL,858,Uruguay,URY,,,,,,,,27,"Mineral fuels, mineral oils and products of their distillation; bituminous substances; mineral waxes",1,No Quantity,0,,,,0,,771654,,,0
H5,2018,2018,2018,2,0,1,Import,68,Bolivia (Plurinational State of),BOL,862,Venezuela,VEN,,,,,,,,27,"Mineral fuels, mineral oils and products of their distillation; bituminous substances; mineral waxes",1,No Quantity,0,,,,0,,340876,,,0
H5,2019,2019,2019,2,0,1,Import,68,Bolivia (Plurinational State of),BOL,0,World,WLD,,,,,,,,27,"Mineral fuels, mineral oils and products of their distillation; bituminous substances; mineral waxes",1,No Quantity,0,,,,,,1632795870,,,4
H5,2019,2019,2019,2,0,1,Import,68,Bolivia (Plurinational State of),BOL,16,American Samoa,ASM,,,,,,,,27,"Mineral fuels, mineral oils and products of their distillation; bituminous substances; mineral waxes",1,No Quantity,0,,,,0,,1513058,,,0
H5,2019,2019,2019,2,0,1,Import,68,Bolivia (Plurinational State of),BOL,32,Argentina,ARG,,,,,,,,27,"Mineral fuels, mineral oils and products of their distillation; bituminous substances; mineral waxes",1,No Quantity,0,,,,0,,457273796,,,0
H5,2019,2019,2019,2,0,1,Import,68,Bolivia (Plurinational State of),BOL,36,Australia,AUS,,,,,,,,27,"Mineral fuels, mineral oils and products of their distillation; bituminous substances; mineral waxes",1,No Quantity,0,,,,,,302,,,0
H5,2019,2019,2019,2,0,1,Import,68,Bolivia (Plurinational State of),BOL,40,Austria,AUT,,,,,,,,27,"Mineral fuels, mineral oils and products of their distillation; bituminous substances; mineral waxes",1,No Quantity,0,,,,0,,850586,,,0
H5,2019,2019,2019,2,0,1,Import,68,Bolivia (Plurinational State of),BOL,56,Belgium,BEL,,,,,,,,27,"Mineral fuels, mineral oils and products of their distillation; bituminous substances; mineral waxes",1,No Quantity,0,,,,0,,178101,,,0
H5,2019,2019,2019,2,0,1,Import,68,Bolivia (Plurinational State of),BOL,76,Brazil,BRA,,,,,,,,27,"Mineral fuels, mineral oils and products of their distillation; bituminous substances; mineral waxes",1,No Quantity,0,,,,0,,33788161,,,0
H5,2019,2019,2019,2,0,1,Import,68,Bolivia (Plurinational State of),BOL,100,Bulgaria,BGR,,,,,,,,27,"Mineral fuels, mineral oils and products of their distillation; bituminous substances; mineral waxes",1,No Quantity,0,,,,0,,3219,,,0
H5,2019,2019,2019,2,0,1,Import,68,Bolivia (Plurinational State of),BOL,124,Canada,CAN,,,,,,,,27,"Mineral fuels, mineral oils and products of their distillation; bituminous substances; mineral waxes",1,No Quantity,0,,,,0,,203072,,,0
H5,2019,2019,2019,2,0,1,Import,68,Bolivia (Plurinational State of),BOL,152,Chile,CHL,,,,,,,,27,"Mineral fuels, mineral oils and products of their distillation; bituminous substances; mineral waxes",1,No Quantity,0,,,,0,,291948105,,,0
H5,2019,2019,2019,2,0,1,Import,68,Bolivia (Plurinational State of),BOL,156,China,CHN,,,,,,,,27,"Mineral fuels, mineral oils and products of their distillation; bituminous substances; mineral waxes",1,No Quantity,0,,,,0,,1844898,,,0
H5,2019,2019,2019,2,0,1,Import,68,Bolivia (Plurinational State of),BOL,170,Colombia,COL,,,,,,,,27,"Mineral fuels, mineral oils and products of their distillation; bituminous substances; mineral waxes",1,No Quantity,0,,,,0,,1267424,,,0
H5,2019,2019,2019,2,0,1,Import,68,Bolivia (Plurinational State of),BOL,192,Cuba,CUB,,,,,,,,27,"Mineral fuels, mineral oils and products of their distillation; bituminous substances; mineral waxes",1,No Quantity,0,,,,0,,11815,,,0
H5,2019,2019,2019,2,0,1,Import,68,Bolivia (Plurinational State of),BOL,214,Dominican Rep.,DOM,,,,,,,,27,"Mineral fuels, mineral oils and products of their distillation; bituminous substances; mineral waxes",1,No Quantity,0,,,,0,,47835,,,0
H5,2019,2019,2019,2,0,1,Import,68,Bolivia (Plurinational State of),BOL,218,Ecuador,ECU,,,,,,,,27,"Mineral fuels, mineral oils and products of their distillation; bituminous substances; mineral waxes",1,No Quantity,0,,,,0,,7169706,,,0
H5,2019,2019,2019,2,0,1,Import,68,Bolivia (Plurinational State of),BOL,233,Estonia,EST,,,,,,,,27,"Mineral fuels, mineral oils and products of their distillation; bituminous substances; mineral waxes",1,No Quantity,0,,,,0,,13565993,,,0
H5,2019,2019,2019,2,0,1,Import,68,Bolivia (Plurinational State of),BOL,251,France,FRA,,,,,,,,27,"Mineral fuels, mineral oils and products of their distillation; bituminous substances; mineral waxes",1,No Quantity,0,,,,0,,1053380,,,0
H5,2019,2019,2019,2,0,1,Import,68,Bolivia (Plurinational State of),BOL,276,Germany,DEU,,,,,,,,27,"Mineral fuels, mineral oils and products of their distillation; bituminous substances; mineral waxes",1,No Quantity,0,,,,0,,1140868,,,4
H5,2019,2019,2019,2,0,1,Import,68,Bolivia (Plurinational State of),BOL,344,"China, Hong Kong SAR",HKG,,,,,,,,27,"Mineral fuels, mineral oils and products of their distillation; bituminous substances; mineral waxes",1,No Quantity,0,,,,0,,18123,,,0
H5,2019,2019,2019,2,0,1,Import,68,Bolivia (Plurinational State of),BOL,381,Italy,ITA,,,,,,,,27,"Mineral fuels, mineral oils and products of their distillation; bituminous substances; mineral waxes",1,No Quantity,0,,,,0,,396162,,,0
H5,2019,2019,2019,2,0,1,Import,68,Bolivia (Plurinational State of),BOL,392,Japan,JPN,,,,,,,,27,"Mineral fuels, mineral oils and products of their distillation; bituminous substances; mineral waxes",1,No Quantity,0,,,,0,,190743,,,0
H5,2019,2019,2019,2,0,1,Import,68,Bolivia (Plurinational State of),BOL,410,Rep. of Korea,KOR,,,,,,,,27,"Mineral fuels, mineral oils and products of their distillation; bituminous substances; mineral waxes",1,No Quantity,0,,,,0,,44173,,,0
H5,2019,2019,2019,2,0,1,Import,68,Bolivia (Plurinational State of),BOL,440,Lithuania,LTU,,,,,,,,27,"Mineral fuels, mineral oils and products of their distillation; bituminous substances; mineral waxes",1,No Quantity,0,,,,0,,2845756,,,0
H5,2019,2019,2019,2,0,1,Import,68,Bolivia (Plurinational State of),BOL,458,Malaysia,MYS,,,,,,,,27,"Mineral fuels, mineral oils and products of their distillation; bituminous substances; mineral waxes",1,No Quantity,0,,,,0,,279037,,,0
H5,2019,2019,2019,2,0,1,Import,68,Bolivia (Plurinational State of),BOL,484,Mexico,MEX,,,,,,,,27,"Mineral fuels, mineral oils and products of their distillation; bituminous substances; mineral waxes",1,No Quantity,0,,,,0,,3894197,,,0
H5,2019,2019,2019,2,0,1,Import,68,Bolivia (Plurinational State of),BOL,528,Netherlands,NLD,,,,,,,,27,"Mineral fuels, mineral oils and products of their distillation; bituminous substances; mineral waxes",1,No Quantity,0,,,,0,,46837811,,,0
H5,2019,2019,2019,2,0,1,Import,68,Bolivia (Plurinational State of),BOL,591,Panama,PAN,,,,,,,,27,"Mineral fuels, mineral oils and products of their distillation; bituminous substances; mineral waxes",1,No Quantity,0,,,,0,,16857201,,,0
H5,2019,2019,2019,2,0,1,Import,68,Bolivia (Plurinational State of),BOL,600,Paraguay,PRY,,,,,,,,27,"Mineral fuels, mineral oils and products of their distillation; bituminous substances; mineral waxes",1,No Quantity,0,,,,0,,20124213,,,0
H5,2019,2019,2019,2,0,1,Import,68,Bolivia (Plurinational State of),BOL,604,Peru,PER,,,,,,,,27,"Mineral fuels, mineral oils and products of their distillation; bituminous substances; mineral waxes",1,No Quantity,0,,,,0,,147473177,,,0
H5,2019,2019,2019,2,0,1,Import,68,Bolivia (Plurinational State of),BOL,643,Russian Federation,RUS,,,,,,,,27,"Mineral fuels, mineral oils and products of their distillation; bituminous substances; mineral waxes",1,No Quantity,0,,,,0,,106941496,,,0
H5,2019,2019,2019,2,0,1,Import,68,Bolivia (Plurinational State of),BOL,682,Saudi Arabia,SAU,,,,,,,,27,"Mineral fuels, mineral oils and products of their distillation; bituminous substances; mineral waxes",1,No Quantity,0,,,,0,,48213674,,,0
H5,2019,2019,2019,2,0,1,Import,68,Bolivia (Plurinational State of),BOL,699,India,IND,,,,,,,,27,"Mineral fuels, mineral oils and products of their distillation; bituminous substances; mineral waxes",1,No Quantity,0,,,,0,,283922,,,0
H5,2019,2019,2019,2,0,1,Import,68,Bolivia (Plurinational State of),BOL,702,Singapore,SGP,,,,,,,,27,"Mineral fuels, mineral oils and products of their distillation; bituminous substances; mineral waxes",1,No Quantity,0,,,,0,,134375779,,,0
H5,2019,2019,2019,2,0,1,Import,68,Bolivia (Plurinational State of),BOL,724,Spain,ESP,,,,,,,,27,"Mineral fuels, mineral oils and products of their distillation; bituminous substances; mineral waxes",1,No Quantity,0,,,,0,,43099514,,,0
H5,2019,2019,2019,2,0,1,Import,68,Bolivia (Plurinational State of),BOL,748,Eswatini,SWZ,,,,,,,,27,"Mineral fuels, mineral oils and products of their distillation; bituminous substances; mineral waxes",1,No Quantity,0,,,,0,,23345705,,,0
H5,2019,2019,2019,2,0,1,Import,68,Bolivia (Plurinational State of),BOL,752,Sweden,SWE,,,,,,,,27,"Mineral fuels, mineral oils and products of their distillation; bituminous substances; mineral waxes",1,No Quantity,0,,,,0,,158605,,,0
H5,2019,2019,2019,2,0,1,Import,68,Bolivia (Plurinational State of),BOL,757,Switzerland,CHE,,,,,,,,27,"Mineral fuels, mineral oils and products of their distillation; bituminous substances; mineral waxes",1,No Quantity,0,,,,0,,136470553,,,0
H5,2019,2019,2019,2,0,1,Import,68,Bolivia (Plurinational State of),BOL,784,United Arab Emirates,ARE,,,,,,,,27,"Mineral fuels, mineral oils and products of their distillation; bituminous substances; mineral waxes",1,No Quantity,0,,,,0,,1369498,,,0
H5,2019,2019,2019,2,0,1,Import,68,Bolivia (Plurinational State of),BOL,792,Turkey,TUR,,,,,,,,27,"Mineral fuels, mineral oils and products of their distillation; bituminous substances; mineral waxes",1,No Quantity,0,,,,0,,149,,,0
H5,2019,2019,2019,2,0,1,Import,68,Bolivia (Plurinational State of),BOL,795,Turkmenistan,TKM,,,,,,,,27,"Mineral fuels, mineral oils and products of their distillation; bituminous substances; mineral waxes",1,No Quantity,0,,,,0,,1642510,,,0
H5,2019,2019,2019,2,0,1,Import,68,Bolivia (Plurinational State of),BOL,826,United Kingdom,GBR,,,,,,,,27,"Mineral fuels, mineral oils and products of their distillation; bituminous substances; mineral waxes",1,No Quantity,0,,,,0,,3915,,,0
H5,2019,2019,2019,2,0,1,Import,68,Bolivia (Plurinational State of),BOL,842,USA,USA,,,,,,,,27,"Mineral fuels, mineral oils and products of their distillation; bituminous substances; mineral waxes",1,No Quantity,0,,,,0,,75562727,,,4
H5,2019,2019,2019,2,0,1,Import,68,Bolivia (Plurinational State of),BOL,858,Uruguay,URY,,,,,,,,27,"Mineral fuels, mineral oils and products of their distillation; bituminous substances; mineral waxes",1,No Quantity,0,,,,0,,10156949,,,0
H5,2019,2019,2019,2,0,1,Import,68,Bolivia (Plurinational State of),BOL,862,Venezuela,VEN,,,,,,,,27,"Mineral fuels, mineral oils and products of their distillation; bituminous substances; mineral waxes",1,No Quantity,0,,,,0,,349942,,,0
H5,2020,2020,2020,2,0,1,Import,68,Bolivia (Plurinational State of),BOL,0,World,WLD,,,,,,,,27,"Mineral fuels, mineral oils and products of their distillation; bituminous substances; mineral waxes",1,No Quantity,0,,,,0,,938458237,,,4
H5,2020,2020,2020,2,0,1,Import,68,Bolivia (Plurinational State of),BOL,32,Argentina,ARG,,,,,,,,27,"Mineral fuels, mineral oils and products of their distillation; bituminous substances; mineral waxes",1,No Quantity,0,,,,0,,160569670,,,0
H5,2020,2020,2020,2,0,1,Import,68,Bolivia (Plurinational State of),BOL,56,Belgium,BEL,,,,,,,,27,"Mineral fuels, mineral oils and products of their distillation; bituminous substances; mineral waxes",1,No Quantity,0,,,,0,,740264,,,0
H5,2020,2020,2020,2,0,1,Import,68,Bolivia (Plurinational State of),BOL,76,Brazil,BRA,,,,,,,,27,"Mineral fuels, mineral oils and products of their distillation; bituminous substances; mineral waxes",1,No Quantity,0,,,,0,,40249270,,,0
H5,2020,2020,2020,2,0,1,Import,68,Bolivia (Plurinational State of),BOL,100,Bulgaria,BGR,,,,,,,,27,"Mineral fuels, mineral oils and products of their distillation; bituminous substances; mineral waxes",1,No Quantity,0,,,,0,,140,,,0
H5,2020,2020,2020,2,0,1,Import,68,Bolivia (Plurinational State of),BOL,112,Belarus,BLR,,,,,,,,27,"Mineral fuels, mineral oils and products of their distillation; bituminous substances; mineral waxes",1,No Quantity,0,,,,0,,8516263,,,0
H5,2020,2020,2020,2,0,1,Import,68,Bolivia (Plurinational State of),BOL,124,Canada,CAN,,,,,,,,27,"Mineral fuels, mineral oils and products of their distillation; bituminous substances; mineral waxes",1,No Quantity,0,,,,0,,209881,,,0
H5,2020,2020,2020,2,0,1,Import,68,Bolivia (Plurinational State of),BOL,152,Chile,CHL,,,,,,,,27,"Mineral fuels, mineral oils and products of their distillation; bituminous substances; mineral waxes",1,No Quantity,0,,,,0,,160131937,,,0
H5,2020,2020,2020,2,0,1,Import,68,Bolivia (Plurinational State of),BOL,156,China,CHN,,,,,,,,27,"Mineral fuels, mineral oils and products of their distillation; bituminous substances; mineral waxes",1,No Quantity,0,,,,0,,2443327,,,0
H5,2020,2020,2020,2,0,1,Import,68,Bolivia (Plurinational State of),BOL,170,Colombia,COL,,,,,,,,27,"Mineral fuels, mineral oils and products of their distillation; bituminous substances; mineral waxes",1,No Quantity,0,,,,0,,1734197,,,0
H5,2020,2020,2020,2,0,1,Import,68,Bolivia (Plurinational State of),BOL,218,Ecuador,ECU,,,,,,,,27,"Mineral fuels, mineral oils and products of their distillation; bituminous substances; mineral waxes",1,No Quantity,0,,,,0,,5279056,,,0
H5,2020,2020,2020,2,0,1,Import,68,Bolivia (Plurinational State of),BOL,233,Estonia,EST,,,,,,,,27,"Mineral fuels, mineral oils and products of their distillation; bituminous substances; mineral waxes",1,No Quantity,0,,,,0,,3756930,,,0
H5,2020,2020,2020,2,0,1,Import,68,Bolivia (Plurinational State of),BOL,251,France,FRA,,,,,,,,27,"Mineral fuels, mineral oils and products of their distillation; bituminous substances; mineral waxes",1,No Quantity,0,,,,0,,490930,,,0
H5,2020,2020,2020,2,0,1,Import,68,Bolivia (Plurinational State of),BOL,276,Germany,DEU,,,,,,,,27,"Mineral fuels, mineral oils and products of their distillation; bituminous substances; mineral waxes",1,No Quantity,0,,,,0,,1234788,,,4
H5,2020,2020,2020,2,0,1,Import,68,Bolivia (Plurinational State of),BOL,381,Italy,ITA,,,,,,,,27,"Mineral fuels, mineral oils and products of their distillation; bituminous substances; mineral waxes",1,No Quantity,0,,,,0,,790241,,,0
H5,2020,2020,2020,2,0,1,Import,68,Bolivia (Plurinational State of),BOL,392,Japan,JPN,,,,,,,,27,"Mineral fuels, mineral oils and products of their distillation; bituminous substances; mineral waxes",1,No Quantity,0,,,,0,,236868,,,0
H5,2020,2020,2020,2,0,1,Import,68,Bolivia (Plurinational State of),BOL,410,Rep. of Korea,KOR,,,,,,,,27,"Mineral fuels, mineral oils and products of their distillation; bituminous substances; mineral waxes",1,No Quantity,0,,,,0,,132954,,,0
H5,2020,2020,2020,2,0,1,Import,68,Bolivia (Plurinational State of),BOL,458,Malaysia,MYS,,,,,,,,27,"Mineral fuels, mineral oils and products of their distillation; bituminous substances; mineral waxes",1,No Quantity,0,,,,0,,292031,,,0
H5,2020,2020,2020,2,0,1,Import,68,Bolivia (Plurinational State of),BOL,484,Mexico,MEX,,,,,,,,27,"Mineral fuels, mineral oils and products of their distillation; bituminous substances; mineral waxes",1,No Quantity,0,,,,0,,4155128,,,0
H5,2020,2020,2020,2,0,1,Import,68,Bolivia (Plurinational State of),BOL,512,Oman,OMN,,,,,,,,27,"Mineral fuels, mineral oils and products of their distillation; bituminous substances; mineral waxes",1,No Quantity,0,,,,0,,26715652,,,0
H5,2020,2020,2020,2,0,1,Import,68,Bolivia (Plurinational State of),BOL,528,Netherlands,NLD,,,,,,,,27,"Mineral fuels, mineral oils and products of their distillation; bituminous substances; mineral waxes",1,No Quantity,0,,,,0,,26853339,,,0
H5,2020,2020,2020,2,0,1,Import,68,Bolivia (Plurinational State of),BOL,591,Panama,PAN,,,,,,,,27,"Mineral fuels, mineral oils and products of their distillation; bituminous substances; mineral waxes",1,No Quantity,0,,,,0,,23572873,,,0
H5,2020,2020,2020,2,0,1,Import,68,Bolivia (Plurinational State of),BOL,604,Peru,PER,,,,,,,,27,"Mineral fuels, mineral oils and products of their distillation; bituminous substances; mineral waxes",1,No Quantity,0,,,,0,,137440211,,,0
H5,2020,2020,2020,2,0,1,Import,68,Bolivia (Plurinational State of),BOL,643,Russian Federation,RUS,,,,,,,,27,"Mineral fuels, mineral oils and products of their distillation; bituminous substances; mineral waxes",1,No Quantity,0,,,,0,,85010416,,,0
H5,2020,2020,2020,2,0,1,Import,68,Bolivia (Plurinational State of),BOL,699,India,IND,,,,,,,,27,"Mineral fuels, mineral oils and products of their distillation; bituminous substances; mineral waxes",1,No Quantity,0,,,,0,,36412284,,,0
H5,2020,2020,2020,2,0,1,Import,68,Bolivia (Plurinational State of),BOL,702,Singapore,SGP,,,,,,,,27,"Mineral fuels, mineral oils and products of their distillation; bituminous substances; mineral waxes",1,No Quantity,0,,,,0,,48863544,,,0
H5,2020,2020,2020,2,0,1,Import,68,Bolivia (Plurinational State of),BOL,724,Spain,ESP,,,,,,,,27,"Mineral fuels, mineral oils and products of their distillation; bituminous substances; mineral waxes",1,No Quantity,0,,,,0,,1427031,,,0
H5,2020,2020,2020,2,0,1,Import,68,Bolivia (Plurinational State of),BOL,752,Sweden,SWE,,,,,,,,27,"Mineral fuels, mineral oils and products of their distillation; bituminous substances; mineral waxes",1,No Quantity,0,,,,0,,211196,,,0
H5,2020,2020,2020,2,0,1,Import,68,Bolivia (Plurinational State of),BOL,757,Switzerland,CHE,,,,,,,,27,"Mineral fuels, mineral oils and products of their distillation; bituminous substances; mineral waxes",1,No Quantity,0,,,,0,,4846483,,,0
H5,2020,2020,2020,2,0,1,Import,68,Bolivia (Plurinational State of),BOL,784,United Arab Emirates,ARE,,,,,,,,27,"Mineral fuels, mineral oils and products of their distillation; bituminous substances; mineral waxes",1,No Quantity,0,,,,0,,1268510,,,0
H5,2020,2020,2020,2,0,1,Import,68,Bolivia (Plurinational State of),BOL,826,United Kingdom,GBR,,,,,,,,27,"Mineral fuels, mineral oils and products of their distillation; bituminous substances; mineral waxes",1,No Quantity,0,,,,0,,22915,,,0
H5,2020,2020,2020,2,0,1,Import,68,Bolivia (Plurinational State of),BOL,842,USA,USA,,,,,,,,27,"Mineral fuels, mineral oils and products of their distillation; bituminous substances; mineral waxes",1,No Quantity,0,,,,0,,154664937,,,4
H5,2020,2020,2020,2,0,1,Import,68,Bolivia (Plurinational State of),BOL,858,Uruguay,URY,,,,,,,,27,"Mineral fuels, mineral oils and products of their distillation; bituminous substances; mineral waxes",1,No Quantity,0,,,,0,,2800,,,0
H5,2020,2020,2020,2,0,1,Import,68,Bolivia (Plurinational State of),BOL,862,Venezuela,VEN,,,,,,,,27,"Mineral fuels, mineral oils and products of their distillation; bituminous substances; mineral waxes",1,No Quantity,0,,,,0,,182157,,,0
H5,2021,2021,2021,2,0,1,Import,68,Bolivia (Plurinational State of),BOL,0,World,WLD,,,,,,,,27,"Mineral fuels, mineral oils and products of their distillation; bituminous substances; mineral waxes",1,No Quantity,0,,,,0,,2270561203,,,4
H5,2021,2021,2021,2,0,1,Import,68,Bolivia (Plurinational State of),BOL,32,Argentina,ARG,,,,,,,,27,"Mineral fuels, mineral oils and products of their distillation; bituminous substances; mineral waxes",1,No Quantity,0,,,,0,,712399428,,,4
H5,2021,2021,2021,2,0,1,Import,68,Bolivia (Plurinational State of),BOL,48,Bahrain,BHR,,,,,,,,27,"Mineral fuels, mineral oils and products of their distillation; bituminous substances; mineral waxes",1,No Quantity,0,,,,0,,49332722,,,4
H5,2021,2021,2021,2,0,1,Import,68,Bolivia (Plurinational State of),BOL,56,Belgium,BEL,,,,,,,,27,"Mineral fuels, mineral oils and products of their distillation; bituminous substances; mineral waxes",1,No Quantity,0,,,,0,,58371502,,,4
H5,2021,2021,2021,2,0,1,Import,68,Bolivia (Plurinational State of),BOL,76,Brazil,BRA,,,,,,,,27,"Mineral fuels, mineral oils and products of their distillation; bituminous substances; mineral waxes",1,No Quantity,0,,,,0,,112933052,,,4
H5,2021,2021,2021,2,0,1,Import,68,Bolivia (Plurinational State of),BOL,124,Canada,CAN,,,,,,,,27,"Mineral fuels, mineral oils and products of their distillation; bituminous substances; mineral waxes",1,No Quantity,0,,,,0,,163590,,,4
H5,2021,2021,2021,2,0,1,Import,68,Bolivia (Plurinational State of),BOL,152,Chile,CHL,,,,,,,,27,"Mineral fuels, mineral oils and products of their distillation; bituminous substances; mineral waxes",1,No Quantity,0,,,,0,,477362088,,,4
H5,2021,2021,2021,2,0,1,Import,68,Bolivia (Plurinational State of),BOL,156,China,CHN,,,,,,,,27,"Mineral fuels, mineral oils and products of their distillation; bituminous substances; mineral waxes",1,No Quantity,0,,,,0,,2977836,,,4
H5,2021,2021,2021,2,0,1,Import,68,Bolivia (Plurinational State of),BOL,170,Colombia,COL,,,,,,,,27,"Mineral fuels, mineral oils and products of their distillation; bituminous substances; mineral waxes",1,No Quantity,0,,,,0,,1796114,,,4
H5,2021,2021,2021,2,0,1,Import,68,Bolivia (Plurinational State of),BOL,218,Ecuador,ECU,,,,,,,,27,"Mineral fuels, mineral oils and products of their distillation; bituminous substances; mineral waxes",1,No Quantity,0,,,,0,,436392,,,4
H5,2021,2021,2021,2,0,1,Import,68,Bolivia (Plurinational State of),BOL,251,France,FRA,,,,,,,,27,"Mineral fuels, mineral oils and products of their distillation; bituminous substances; mineral waxes",1,No Quantity,0,,,,0,,255673,,,4
H5,2021,2021,2021,2,0,1,Import,68,Bolivia (Plurinational State of),BOL,276,Germany,DEU,,,,,,,,27,"Mineral fuels, mineral oils and products of their distillation; bituminous substances; mineral waxes",1,No Quantity,0,,,,0,,4345235,,,4
H5,2021,2021,2021,2,0,1,Import,68,Bolivia (Plurinational State of),BOL,360,Indonesia,IDN,,,,,,,,27,"Mineral fuels, mineral oils and products of their distillation; bituminous substances; mineral waxes",1,No Quantity,0,,,,0,,1235,,,4
H5,2021,2021,2021,2,0,1,Import,68,Bolivia (Plurinational State of),BOL,381,Italy,ITA,,,,,,,,27,"Mineral fuels, mineral oils and products of their distillation; bituminous substances; mineral waxes",1,No Quantity,0,,,,0,,821883,,,4
H5,2021,2021,2021,2,0,1,Import,68,Bolivia (Plurinational State of),BOL,392,Japan,JPN,,,,,,,,27,"Mineral fuels, mineral oils and products of their distillation; bituminous substances; mineral waxes",1,No Quantity,0,,,,0,,519981,,,4
H5,2021,2021,2021,2,0,1,Import,68,Bolivia (Plurinational State of),BOL,410,Rep. of Korea,KOR,,,,,,,,27,"Mineral fuels, mineral oils and products of their distillation; bituminous substances; mineral waxes",1,No Quantity,0,,,,0,,294680,,,4
H5,2021,2021,2021,2,0,1,Import,68,Bolivia (Plurinational State of),BOL,484,Mexico,MEX,,,,,,,,27,"Mineral fuels, mineral oils and products of their distillation; bituminous substances; mineral waxes",1,No Quantity,0,,,,0,,5545897,,,4
H5,2021,2021,2021,2,0,1,Import,68,Bolivia (Plurinational State of),BOL,490,"Other Asia, nes",,,,,,,,,27,"Mineral fuels, mineral oils and products of their distillation; bituminous substances; mineral waxes",1,No Quantity,0,,,,0,,85,,,4
H5,2021,2021,2021,2,0,1,Import,68,Bolivia (Plurinational State of),BOL,528,Netherlands,NLD,,,,,,,,27,"Mineral fuels, mineral oils and products of their distillation; bituminous substances; mineral waxes",1,No Quantity,0,,,,0,,71642524,,,4
H5,2021,2021,2021,2,0,1,Import,68,Bolivia (Plurinational State of),BOL,558,Nicaragua,NIC,,,,,,,,27,"Mineral fuels, mineral oils and products of their distillation; bituminous substances; mineral waxes",1,No Quantity,0,,,,0,,3121,,,4
H5,2021,2021,2021,2,0,1,Import,68,Bolivia (Plurinational State of),BOL,591,Panama,PAN,,,,,,,,27,"Mineral fuels, mineral oils and products of their distillation; bituminous substances; mineral waxes",1,No Quantity,0,,,,0,,43174631,,,4
H5,2021,2021,2021,2,0,1,Import,68,Bolivia (Plurinational State of),BOL,600,Paraguay,PRY,,,,,,,,27,"Mineral fuels, mineral oils and products of their distillation; bituminous substances; mineral waxes",1,No Quantity,0,,,,0,,148823,,,4
H5,2021,2021,2021,2,0,1,Import,68,Bolivia (Plurinational State of),BOL,604,Peru,PER,,,,,,,,27,"Mineral fuels, mineral oils and products of their distillation; bituminous substances; mineral waxes",1,No Quantity,0,,,,0,,311043118,,,4
H5,2021,2021,2021,2,0,1,Import,68,Bolivia (Plurinational State of),BOL,643,Russian Federation,RUS,,,,,,,,27,"Mineral fuels, mineral oils and products of their distillation; bituminous substances; mineral waxes",1,No Quantity,0,,,,0,,36241770,,,4
H5,2021,2021,2021,2,0,1,Import,68,Bolivia (Plurinational State of),BOL,699,India,IND,,,,,,,,27,"Mineral fuels, mineral oils and products of their distillation; bituminous substances; mineral waxes",1,No Quantity,0,,,,0,,43616263,,,4
H5,2021,2021,2021,2,0,1,Import,68,Bolivia (Plurinational State of),BOL,702,Singapore,SGP,,,,,,,,27,"Mineral fuels, mineral oils and products of their distillation; bituminous substances; mineral waxes",1,No Quantity,0,,,,0,,89029937,,,4
H5,2021,2021,2021,2,0,1,Import,68,Bolivia (Plurinational State of),BOL,704,Viet Nam,VNM,,,,,,,,27,"Mineral fuels, mineral oils and products of their distillation; bituminous substances; mineral waxes",1,No Quantity,0,,,,0,,217,,,4
H5,2021,2021,2021,2,0,1,Import,68,Bolivia (Plurinational State of),BOL,724,Spain,ESP,,,,,,,,27,"Mineral fuels, mineral oils and products of their distillation; bituminous substances; mineral waxes",1,No Quantity,0,,,,0,,3609249,,,4
H5,2021,2021,2021,2,0,1,Import,68,Bolivia (Plurinational State of),BOL,752,Sweden,SWE,,,,,,,,27,"Mineral fuels, mineral oils and products of their distillation; bituminous substances; mineral waxes",1,No Quantity,0,,,,0,,9256973,,,4
H5,2021,2021,2021,2,0,1,Import,68,Bolivia (Plurinational State of),BOL,757,Switzerland,CHE,,,,,,,,27,"Mineral fuels, mineral oils and products of their distillation; bituminous substances; mineral waxes",1,No Quantity,0,,,,0,,71974009,,,4
H5,2021,2021,2021,2,0,1,Import,68,Bolivia (Plurinational State of),BOL,784,United Arab Emirates,ARE,,,,,,,,27,"Mineral fuels, mineral oils and products of their distillation; bituminous substances; mineral waxes",1,No Quantity,0,,,,0,,422684,,,4
H5,2021,2021,2021,2,0,1,Import,68,Bolivia (Plurinational State of),BOL,792,Turkey,TUR,,,,,,,,27,"Mineral fuels, mineral oils and products of their distillation; bituminous substances; mineral waxes",1,No Quantity,0,,,,0,,14035,,,4
H5,2021,2021,2021,2,0,1,Import,68,Bolivia (Plurinational State of),BOL,818,Egypt,EGY,,,,,,,,27,"Mineral fuels, mineral oils and products of their distillation; bituminous substances; mineral waxes",1,No Quantity,0,,,,0,,18757,,,4
H5,2021,2021,2021,2,0,1,Import,68,Bolivia (Plurinational State of),BOL,826,United Kingdom,GBR,,,,,,,,27,"Mineral fuels, mineral oils and products of their distillation; bituminous substances; mineral waxes",1,No Quantity,0,,,,0,,7558,,,4
H5,2021,2021,2021,2,0,1,Import,68,Bolivia (Plurinational State of),BOL,842,USA,USA,,,,,,,,27,"Mineral fuels, mineral oils and products of their distillation; bituminous substances; mineral waxes",1,No Quantity,0,,,,0,,162315730,,,4
H5,2021,2021,2021,2,0,1,Import,68,Bolivia (Plurinational State of),BOL,858,Uruguay,URY,,,,,,,,27,"Mineral fuels, mineral oils and products of their distillation; bituminous substances; mineral waxes",1,No Quantity,0,,,,0,,24582,,,4
H5,2021,2021,2021,2,0,1,Import,68,Bolivia (Plurinational State of),BOL,862,Venezuela,VEN,,,,,,,,27,"Mineral fuels, mineral oils and products of their distillation; bituminous substances; mineral waxes",1,No Quantity,0,,,,0,,459829,,,4
H4,2012,2012,2012,2,0,1,Import,68,Bolivia (Plurinational State of),BOL,0,World,WLD,,,,,,,,27,"Mineral fuels, mineral oils and products of their distillation; bituminous substances; mineral waxes",1,No Quantity,0,,,,,,1287277628,,,0
H4,2012,2012,2012,2,0,1,Import,68,Bolivia (Plurinational State of),BOL,32,Argentina,ARG,,,,,,,,27,"Mineral fuels, mineral oils and products of their distillation; bituminous substances; mineral waxes",1,No Quantity,0,,,,0,,271544260,,,0
H4,2012,2012,2012,2,0,1,Import,68,Bolivia (Plurinational State of),BOL,36,Australia,AUS,,,,,,,,27,"Mineral fuels, mineral oils and products of their distillation; bituminous substances; mineral waxes",1,No Quantity,0,,,,,,101,,,0
H4,2012,2012,2012,2,0,1,Import,68,Bolivia (Plurinational State of),BOL,40,Austria,AUT,,,,,,,,27,"Mineral fuels, mineral oils and products of their distillation; bituminous substances; mineral waxes",1,No Quantity,0,,,,0,,626,,,0
H4,2012,2012,2012,2,0,1,Import,68,Bolivia (Plurinational State of),BOL,76,Brazil,BRA,,,,,,,,27,"Mineral fuels, mineral oils and products of their distillation; bituminous substances; mineral waxes",1,No Quantity,0,,,,0,,194312118,,,0
H4,2012,2012,2012,2,0,1,Import,68,Bolivia (Plurinational State of),BOL,124,Canada,CAN,,,,,,,,27,"Mineral fuels, mineral oils and products of their distillation; bituminous substances; mineral waxes",1,No Quantity,0,,,,0,,190044,,,0
H4,2012,2012,2012,2,0,1,Import,68,Bolivia (Plurinational State of),BOL,152,Chile,CHL,,,,,,,,27,"Mineral fuels, mineral oils and products of their distillation; bituminous substances; mineral waxes",1,No Quantity,0,,,,0,,136200715,,,0
H4,2012,2012,2012,2,0,1,Import,68,Bolivia (Plurinational State of),BOL,156,China,CHN,,,,,,,,27,"Mineral fuels, mineral oils and products of their distillation; bituminous substances; mineral waxes",1,No Quantity,0,,,,0,,723391,,,0
H4,2012,2012,2012,2,0,1,Import,68,Bolivia (Plurinational State of),BOL,170,Colombia,COL,,,,,,,,27,"Mineral fuels, mineral oils and products of their distillation; bituminous substances; mineral waxes",1,No Quantity,0,,,,0,,7687680,,,0
H4,2012,2012,2012,2,0,1,Import,68,Bolivia (Plurinational State of),BOL,218,Ecuador,ECU,,,,,,,,27,"Mineral fuels, mineral oils and products of their distillation; bituminous substances; mineral waxes",1,No Quantity,0,,,,0,,117895,,,0
H4,2012,2012,2012,2,0,1,Import,68,Bolivia (Plurinational State of),BOL,251,France,FRA,,,,,,,,27,"Mineral fuels, mineral oils and products of their distillation; bituminous substances; mineral waxes",1,No Quantity,0,,,,0,,1460190,,,0
H4,2012,2012,2012,2,0,1,Import,68,Bolivia (Plurinational State of),BOL,276,Germany,DEU,,,,,,,,27,"Mineral fuels, mineral oils and products of their distillation; bituminous substances; mineral waxes",1,No Quantity,0,,,,0,,576411,,,0
H4,2012,2012,2012,2,0,1,Import,68,Bolivia (Plurinational State of),BOL,344,"China, Hong Kong SAR",HKG,,,,,,,,27,"Mineral fuels, mineral oils and products of their distillation; bituminous substances; mineral waxes",1,No Quantity,0,,,,0,,340662,,,0
H4,2012,2012,2012,2,0,1,Import,68,Bolivia (Plurinational State of),BOL,381,Italy,ITA,,,,,,,,27,"Mineral fuels, mineral oils and products of their distillation; bituminous substances; mineral waxes",1,No Quantity,0,,,,0,,23701,,,0
H4,2012,2012,2012,2,0,1,Import,68,Bolivia (Plurinational State of),BOL,392,Japan,JPN,,,,,,,,27,"Mineral fuels, mineral oils and products of their distillation; bituminous substances; mineral waxes",1,No Quantity,0,,,,0,,4082,,,0
H4,2012,2012,2012,2,0,1,Import,68,Bolivia (Plurinational State of),BOL,410,Rep. of Korea,KOR,,,,,,,,27,"Mineral fuels, mineral oils and products of their distillation; bituminous substances; mineral waxes",1,No Quantity,0,,,,0,,383,,,0
H4,2012,2012,2012,2,0,1,Import,68,Bolivia (Plurinational State of),BOL,484,Mexico,MEX,,,,,,,,27,"Mineral fuels, mineral oils and products of their distillation; bituminous substances; mineral waxes",1,No Quantity,0,,,,0,,2221660,,,0
H4,2012,2012,2012,2,0,1,Import,68,Bolivia (Plurinational State of),BOL,528,Netherlands,NLD,,,,,,,,27,"Mineral fuels, mineral oils and products of their distillation; bituminous substances; mineral waxes",1,No Quantity,0,,,,0,,46886937,,,0
H4,2012,2012,2012,2,0,1,Import,68,Bolivia (Plurinational State of),BOL,600,Paraguay,PRY,,,,,,,,27,"Mineral fuels, mineral oils and products of their distillation; bituminous substances; mineral waxes",1,No Quantity,0,,,,0,,36103097,,,0
H4,2012,2012,2012,2,0,1,Import,68,Bolivia (Plurinational State of),BOL,604,Peru,PER,,,,,,,,27,"Mineral fuels, mineral oils and products of their distillation; bituminous substances; mineral waxes",1,No Quantity,0,,,,0,,30349321,,,0
H4,2012,2012,2012,2,0,1,Import,68,Bolivia (Plurinational State of),BOL,699,India,IND,,,,,,,,27,"Mineral fuels, mineral oils and products of their distillation; bituminous substances; mineral waxes",1,No Quantity,0,,,,0,,105248,,,0
H4,2012,2012,2012,2,0,1,Import,68,Bolivia (Plurinational State of),BOL,702,Singapore,SGP,,,,,,,,27,"Mineral fuels, mineral oils and products of their distillation; bituminous substances; mineral waxes",1,No Quantity,0,,,,0,,64492846,,,0
H4,2012,2012,2012,2,0,1,Import,68,Bolivia (Plurinational State of),BOL,724,Spain,ESP,,,,,,,,27,"Mineral fuels, mineral oils and products of their distillation; bituminous substances; mineral waxes",1,No Quantity,0,,,,0,,2626357,,,0
H4,2012,2012,2012,2,0,1,Import,68,Bolivia (Plurinational State of),BOL,752,Sweden,SWE,,,,,,,,27,"Mineral fuels, mineral oils and products of their distillation; bituminous substances; mineral waxes",1,No Quantity,0,,,,0,,145353,,,0
H4,2012,2012,2012,2,0,1,Import,68,Bolivia (Plurinational State of),BOL,757,Switzerland,CHE,,,,,,,,27,"Mineral fuels, mineral oils and products of their distillation; bituminous substances; mineral waxes",1,No Quantity,0,,,,0,,30137760,,,0
H4,2012,2012,2012,2,0,1,Import,68,Bolivia (Plurinational State of),BOL,784,United Arab Emirates,ARE,,,,,,,,27,"Mineral fuels, mineral oils and products of their distillation; bituminous substances; mineral waxes",1,No Quantity,0,,,,0,,110696,,,0
H4,2012,2012,2012,2,0,1,Import,68,Bolivia (Plurinational State of),BOL,792,Turkey,TUR,,,,,,,,27,"Mineral fuels, mineral oils and products of their distillation; bituminous substances; mineral waxes",1,No Quantity,0,,,,0,,15607,,,0
H4,2012,2012,2012,2,0,1,Import,68,Bolivia (Plurinational State of),BOL,826,United Kingdom,GBR,,,,,,,,27,"Mineral fuels, mineral oils and products of their distillation; bituminous substances; mineral waxes",1,No Quantity,0,,,,0,,12095,,,0
H4,2012,2012,2012,2,0,1,Import,68,Bolivia (Plurinational State of),BOL,842,USA,USA,,,,,,,,27,"Mineral fuels, mineral oils and products of their distillation; bituminous substances; mineral waxes",1,No Quantity,0,,,,0,,23032409,,,0
H4,2012,2012,2012,2,0,1,Import,68,Bolivia (Plurinational State of),BOL,862,Venezuela,VEN,,,,,,,,27,"Mineral fuels, mineral oils and products of their distillation; bituminous substances; mineral waxes",1,No Quantity,0,,,,0,,437855555,,,0
H4,2012,2012,2012,2,0,1,Import,68,Bolivia (Plurinational State of),BOL,899,"Areas, nes",,,,,,,,,27,"Mineral fuels, mineral oils and products of their distillation; bituminous substances; mineral waxes",1,No Quantity,0,,,,0,,413,,,0
H4,2013,2013,2013,2,0,1,Import,68,Bolivia (Plurinational State of),BOL,0,World,WLD,,,,,,,,27,"Mineral fuels, mineral oils and products of their distillation; bituminous substances; mineral waxes",1,No Quantity,0,,,,0,,1300376588,,,4
H4,2013,2013,2013,2,0,1,Import,68,Bolivia (Plurinational State of),BOL,32,Argentina,ARG,,,,,,,,27,"Mineral fuels, mineral oils and products of their distillation; bituminous substances; mineral waxes",1,No Quantity,0,,,,0,,288893395,,,0
H4,2013,2013,2013,2,0,1,Import,68,Bolivia (Plurinational State of),BOL,36,Australia,AUS,,,,,,,,27,"Mineral fuels, mineral oils and products of their distillation; bituminous substances; mineral waxes",1,No Quantity,0,,,,0,,120,,,0
H4,2013,2013,2013,2,0,1,Import,68,Bolivia (Plurinational State of),BOL,40,Austria,AUT,,,,,,,,27,"Mineral fuels, mineral oils and products of their distillation; bituminous substances; mineral waxes",1,No Quantity,0,,,,0,,521,,,0
H4,2013,2013,2013,2,0,1,Import,68,Bolivia (Plurinational State of),BOL,48,Bahrain,BHR,,,,,,,,27,"Mineral fuels, mineral oils and products of their distillation; bituminous substances; mineral waxes",1,No Quantity,0,,,,0,,224560,,,0
H4,2013,2013,2013,2,0,1,Import,68,Bolivia (Plurinational State of),BOL,76,Brazil,BRA,,,,,,,,27,"Mineral fuels, mineral oils and products of their distillation; bituminous substances; mineral waxes",1,No Quantity,0,,,,0,,144738951,,,0
H4,2013,2013,2013,2,0,1,Import,68,Bolivia (Plurinational State of),BOL,124,Canada,CAN,,,,,,,,27,"Mineral fuels, mineral oils and products of their distillation; bituminous substances; mineral waxes",1,No Quantity,0,,,,0,,135811,,,0
H4,2013,2013,2013,2,0,1,Import,68,Bolivia (Plurinational State of),BOL,152,Chile,CHL,,,,,,,,27,"Mineral fuels, mineral oils and products of their distillation; bituminous substances; mineral waxes",1,No Quantity,0,,,,0,,324614638,,,0
H4,2013,2013,2013,2,0,1,Import,68,Bolivia (Plurinational State of),BOL,156,China,CHN,,,,,,,,27,"Mineral fuels, mineral oils and products of their distillation; bituminous substances; mineral waxes",1,No Quantity,0,,,,0,,1088197,,,0
H4,2013,2013,2013,2,0,1,Import,68,Bolivia (Plurinational State of),BOL,170,Colombia,COL,,,,,,,,27,"Mineral fuels, mineral oils and products of their distillation; bituminous substances; mineral waxes",1,No Quantity,0,,,,0,,1464178,,,0
H4,2013,2013,2013,2,0,1,Import,68,Bolivia (Plurinational State of),BOL,214,Dominican Rep.,DOM,,,,,,,,27,"Mineral fuels, mineral oils and products of their distillation; bituminous substances; mineral waxes",1,No Quantity,0,,,,0,,30626,,,0
H4,2013,2013,2013,2,0,1,Import,68,Bolivia (Plurinational State of),BOL,218,Ecuador,ECU,,,,,,,,27,"Mineral fuels, mineral oils and products of their distillation; bituminous substances; mineral waxes",1,No Quantity,0,,,,0,,428201,,,0
H4,2013,2013,2013,2,0,1,Import,68,Bolivia (Plurinational State of),BOL,251,France,FRA,,,,,,,,27,"Mineral fuels, mineral oils and products of their distillation; bituminous substances; mineral waxes",1,No Quantity,0,,,,0,,789568,,,0
H4,2013,2013,2013,2,0,1,Import,68,Bolivia (Plurinational State of),BOL,268,Georgia,GEO,,,,,,,,27,"Mineral fuels, mineral oils and products of their distillation; bituminous substances; mineral waxes",1,No Quantity,0,,,,0,,36341,,,0
H4,2013,2013,2013,2,0,1,Import,68,Bolivia (Plurinational State of),BOL,276,Germany,DEU,,,,,,,,27,"Mineral fuels, mineral oils and products of their distillation; bituminous substances; mineral waxes",1,No Quantity,0,,,,0,,829873,,,4
H4,2013,2013,2013,2,0,1,Import,68,Bolivia (Plurinational State of),BOL,344,"China, Hong Kong SAR",HKG,,,,,,,,27,"Mineral fuels, mineral oils and products of their distillation; bituminous substances; mineral waxes",1,No Quantity,0,,,,0,,848482,,,0
H4,2013,2013,2013,2,0,1,Import,68,Bolivia (Plurinational State of),BOL,381,Italy,ITA,,,,,,,,27,"Mineral fuels, mineral oils and products of their distillation; bituminous substances; mineral waxes",1,No Quantity,0,,,,0,,35124,,,0
H4,2013,2013,2013,2,0,1,Import,68,Bolivia (Plurinational State of),BOL,392,Japan,JPN,,,,,,,,27,"Mineral fuels, mineral oils and products of their distillation; bituminous substances; mineral waxes",1,No Quantity,0,,,,0,,3406,,,0
H4,2013,2013,2013,2,0,1,Import,68,Bolivia (Plurinational State of),BOL,410,Rep. of Korea,KOR,,,,,,,,27,"Mineral fuels, mineral oils and products of their distillation; bituminous substances; mineral waxes",1,No Quantity,0,,,,0,,1170,,,0
H4,2013,2013,2013,2,0,1,Import,68,Bolivia (Plurinational State of),BOL,484,Mexico,MEX,,,,,,,,27,"Mineral fuels, mineral oils and products of their distillation; bituminous substances; mineral waxes",1,No Quantity,0,,,,0,,2748253,,,0
H4,2013,2013,2013,2,0,1,Import,68,Bolivia (Plurinational State of),BOL,490,"Other Asia, nes",,,,,,,,,27,"Mineral fuels, mineral oils and products of their distillation; bituminous substances; mineral waxes",1,No Quantity,0,,,,0,,11899322,,,0
H4,2013,2013,2013,2,0,1,Import,68,Bolivia (Plurinational State of),BOL,528,Netherlands,NLD,,,,,,,,27,"Mineral fuels, mineral oils and products of their distillation; bituminous substances; mineral waxes",1,No Quantity,0,,,,0,,72706636,,,0
H4,2013,2013,2013,2,0,1,Import,68,Bolivia (Plurinational State of),BOL,600,Paraguay,PRY,,,,,,,,27,"Mineral fuels, mineral oils and products of their distillation; bituminous substances; mineral waxes",1,No Quantity,0,,,,0,,23014254,,,0
H4,2013,2013,2013,2,0,1,Import,68,Bolivia (Plurinational State of),BOL,604,Peru,PER,,,,,,,,27,"Mineral fuels, mineral oils and products of their distillation; bituminous substances; mineral waxes",1,No Quantity,0,,,,0,,52340021,,,4
H4,2013,2013,2013,2,0,1,Import,68,Bolivia (Plurinational State of),BOL,699,India,IND,,,,,,,,27,"Mineral fuels, mineral oils and products of their distillation; bituminous substances; mineral waxes",1,No Quantity,0,,,,0,,141569,,,0
H4,2013,2013,2013,2,0,1,Import,68,Bolivia (Plurinational State of),BOL,702,Singapore,SGP,,,,,,,,27,"Mineral fuels, mineral oils and products of their distillation; bituminous substances; mineral waxes",1,No Quantity,0,,,,0,,87372981,,,0
H4,2013,2013,2013,2,0,1,Import,68,Bolivia (Plurinational State of),BOL,724,Spain,ESP,,,,,,,,27,"Mineral fuels, mineral oils and products of their distillation; bituminous substances; mineral waxes",1,No Quantity,0,,,,0,,4855600,,,0
H4,2013,2013,2013,2,0,1,Import,68,Bolivia (Plurinational State of),BOL,748,Eswatini,SWZ,,,,,,,,27,"Mineral fuels, mineral oils and products of their distillation; bituminous substances; mineral waxes",1,No Quantity,0,,,,0,,9524069,,,0
H4,2013,2013,2013,2,0,1,Import,68,Bolivia (Plurinational State of),BOL,752,Sweden,SWE,,,,,,,,27,"Mineral fuels, mineral oils and products of their distillation; bituminous substances; mineral waxes",1,No Quantity,0,,,,0,,105894,,,0
H4,2013,2013,2013,2,0,1,Import,68,Bolivia (Plurinational State of),BOL,757,Switzerland,CHE,,,,,,,,27,"Mineral fuels, mineral oils and products of their distillation; bituminous substances; mineral waxes",1,No Quantity,0,,,,0,,116216068,,,0
H4,2013,2013,2013,2,0,1,Import,68,Bolivia (Plurinational State of),BOL,764,Thailand,THA,,,,,,,,27,"Mineral fuels, mineral oils and products of their distillation; bituminous substances; mineral waxes",1,No Quantity,0,,,,0,,288,,,0
H4,2013,2013,2013,2,0,1,Import,68,Bolivia (Plurinational State of),BOL,784,United Arab Emirates,ARE,,,,,,,,27,"Mineral fuels, mineral oils and products of their distillation; bituminous substances; mineral waxes",1,No Quantity,0,,,,0,,485306,,,0
H4,2013,2013,2013,2,0,1,Import,68,Bolivia (Plurinational State of),BOL,792,Turkey,TUR,,,,,,,,27,"Mineral fuels, mineral oils and products of their distillation; bituminous substances; mineral waxes",1,No Quantity,0,,,,0,,2651,,,0
H4,2013,2013,2013,2,0,1,Import,68,Bolivia (Plurinational State of),BOL,826,United Kingdom,GBR,,,,,,,,27,"Mineral fuels, mineral oils and products of their distillation; bituminous substances; mineral waxes",1,No Quantity,0,,,,0,,59249,,,0
H4,2013,2013,2013,2,0,1,Import,68,Bolivia (Plurinational State of),BOL,842,USA,USA,,,,,,,,27,"Mineral fuels, mineral oils and products of their distillation; bituminous substances; mineral waxes",1,No Quantity,0,,,,0,,140288082,,,4
H4,2013,2013,2013,2,0,1,Import,68,Bolivia (Plurinational State of),BOL,862,Venezuela,VEN,,,,,,,,27,"Mineral fuels, mineral oils and products of their distillation; bituminous substances; mineral waxes",1,No Quantity,0,,,,0,,14453164,,,0
H4,2014,2014,2014,2,0,1,Import,68,Bolivia (Plurinational State of),BOL,0,World,WLD,,,,,,,,27,"Mineral fuels, mineral oils and products of their distillation; bituminous substances; mineral waxes",1,No Quantity,0,,,,,,1279965346,,,4
H4,2014,2014,2014,2,0,1,Import,68,Bolivia (Plurinational State of),BOL,32,Argentina,ARG,,,,,,,,27,"Mineral fuels, mineral oils and products of their distillation; bituminous substances; mineral waxes",1,No Quantity,0,,,,0,,432035060,,,0
H4,2014,2014,2014,2,0,1,Import,68,Bolivia (Plurinational State of),BOL,36,Australia,AUS,,,,,,,,27,"Mineral fuels, mineral oils and products of their distillation; bituminous substances; mineral waxes",1,No Quantity,0,,,,0,,215,,,0
H4,2014,2014,2014,2,0,1,Import,68,Bolivia (Plurinational State of),BOL,40,Austria,AUT,,,,,,,,27,"Mineral fuels, mineral oils and products of their distillation; bituminous substances; mineral waxes",1,No Quantity,0,,,,0,,2117,,,4
H4,2014,2014,2014,2,0,1,Import,68,Bolivia (Plurinational State of),BOL,48,Bahrain,BHR,,,,,,,,27,"Mineral fuels, mineral oils and products of their distillation; bituminous substances; mineral waxes",1,No Quantity,0,,,,0,,7471,,,0
H4,2014,2014,2014,2,0,1,Import,68,Bolivia (Plurinational State of),BOL,56,Belgium,BEL,,,,,,,,27,"Mineral fuels, mineral oils and products of their distillation; bituminous substances; mineral waxes",1,No Quantity,0,,,,0,,16983,,,0
H4,2014,2014,2014,2,0,1,Import,68,Bolivia (Plurinational State of),BOL,76,Brazil,BRA,,,,,,,,27,"Mineral fuels, mineral oils and products of their distillation; bituminous substances; mineral waxes",1,No Quantity,0,,,,0,,98880113,,,0
H4,2014,2014,2014,2,0,1,Import,68,Bolivia (Plurinational State of),BOL,124,Canada,CAN,,,,,,,,27,"Mineral fuels, mineral oils and products of their distillation; bituminous substances; mineral waxes",1,No Quantity,0,,,,0,,174733,,,0
H4,2014,2014,2014,2,0,1,Import,68,Bolivia (Plurinational State of),BOL,152,Chile,CHL,,,,,,,,27,"Mineral fuels, mineral oils and products of their distillation; bituminous substances; mineral waxes",1,No Quantity,0,,,,0,,184329071,,,0
H4,2014,2014,2014,2,0,1,Import,68,Bolivia (Plurinational State of),BOL,156,China,CHN,,,,,,,,27,"Mineral fuels, mineral oils and products of their distillation; bituminous substances; mineral waxes",1,No Quantity,0,,,,0,,1593223,,,0
H4,2014,2014,2014,2,0,1,Import,68,Bolivia (Plurinational State of),BOL,170,Colombia,COL,,,,,,,,27,"Mineral fuels, mineral oils and products of their distillation; bituminous substances; mineral waxes",1,No Quantity,0,,,,0,,168086,,,0
H4,2014,2014,2014,2,0,1,Import,68,Bolivia (Plurinational State of),BOL,218,Ecuador,ECU,,,,,,,,27,"Mineral fuels, mineral oils and products of their distillation; bituminous substances; mineral waxes",1,No Quantity,0,,,,0,,378376,,,0
H4,2014,2014,2014,2,0,1,Import,68,Bolivia (Plurinational State of),BOL,251,France,FRA,,,,,,,,27,"Mineral fuels, mineral oils and products of their distillation; bituminous substances; mineral waxes",1,No Quantity,0,,,,0,,24384252,,,0
H4,2014,2014,2014,2,0,1,Import,68,Bolivia (Plurinational State of),BOL,268,Georgia,GEO,,,,,,,,27,"Mineral fuels, mineral oils and products of their distillation; bituminous substances; mineral waxes",1,No Quantity,0,,,,0,,17956,,,0
H4,2014,2014,2014,2,0,1,Import,68,Bolivia (Plurinational State of),BOL,276,Germany,DEU,,,,,,,,27,"Mineral fuels, mineral oils and products of their distillation; bituminous substances; mineral waxes",1,No Quantity,0,,,,0,,697712,,,4
H4,2014,2014,2014,2,0,1,Import,68,Bolivia (Plurinational State of),BOL,344,"China, Hong Kong SAR",HKG,,,,,,,,27,"Mineral fuels, mineral oils and products of their distillation; bituminous substances; mineral waxes",1,No Quantity,0,,,,0,,578431,,,0
H4,2014,2014,2014,2,0,1,Import,68,Bolivia (Plurinational State of),BOL,376,Israel,ISR,,,,,,,,27,"Mineral fuels, mineral oils and products of their distillation; bituminous substances; mineral waxes",1,No Quantity,0,,,,0,,26214,,,0
H4,2014,2014,2014,2,0,1,Import,68,Bolivia (Plurinational State of),BOL,381,Italy,ITA,,,,,,,,27,"Mineral fuels, mineral oils and products of their distillation; bituminous substances; mineral waxes",1,No Quantity,0,,,,0,,30682,,,0
H4,2014,2014,2014,2,0,1,Import,68,Bolivia (Plurinational State of),BOL,392,Japan,JPN,,,,,,,,27,"Mineral fuels, mineral oils and products of their distillation; bituminous substances; mineral waxes",1,No Quantity,0,,,,0,,5717,,,0
H4,2014,2014,2014,2,0,1,Import,68,Bolivia (Plurinational State of),BOL,410,Rep. of Korea,KOR,,,,,,,,27,"Mineral fuels, mineral oils and products of their distillation; bituminous substances; mineral waxes",1,No Quantity,0,,,,0,,39,,,0
H4,2014,2014,2014,2,0,1,Import,68,Bolivia (Plurinational State of),BOL,484,Mexico,MEX,,,,,,,,27,"Mineral fuels, mineral oils and products of their distillation; bituminous substances; mineral waxes",1,No Quantity,0,,,,,,3084942,,,4
H4,2014,2014,2014,2,0,1,Import,68,Bolivia (Plurinational State of),BOL,528,Netherlands,NLD,,,,,,,,27,"Mineral fuels, mineral oils and products of their distillation; bituminous substances; mineral waxes",1,No Quantity,0,,,,0,,51054923,,,0
H4,2014,2014,2014,2,0,1,Import,68,Bolivia (Plurinational State of),BOL,591,Panama,PAN,,,,,,,,27,"Mineral fuels, mineral oils and products of their distillation; bituminous substances; mineral waxes",1,No Quantity,0,,,,0,,2376067,,,0
H4,2014,2014,2014,2,0,1,Import,68,Bolivia (Plurinational State of),BOL,600,Paraguay,PRY,,,,,,,,27,"Mineral fuels, mineral oils and products of their distillation; bituminous substances; mineral waxes",1,No Quantity,0,,,,0,,37536406,,,0
H4,2014,2014,2014,2,0,1,Import,68,Bolivia (Plurinational State of),BOL,604,Peru,PER,,,,,,,,27,"Mineral fuels, mineral oils and products of their distillation; bituminous substances; mineral waxes",1,No Quantity,0,,,,0,,83817394,,,0
H4,2014,2014,2014,2,0,1,Import,68,Bolivia (Plurinational State of),BOL,643,Russian Federation,RUS,,,,,,,,27,"Mineral fuels, mineral oils and products of their distillation; bituminous substances; mineral waxes",1,No Quantity,0,,,,0,,23363809,,,0
H4,2014,2014,2014,2,0,1,Import,68,Bolivia (Plurinational State of),BOL,659,Saint Kitts and Nevis,KNA,,,,,,,,27,"Mineral fuels, mineral oils and products of their distillation; bituminous substances; mineral waxes",1,No Quantity,0,,,,0,,5612986,,,0
H4,2014,2014,2014,2,0,1,Import,68,Bolivia (Plurinational State of),BOL,699,India,IND,,,,,,,,27,"Mineral fuels, mineral oils and products of their distillation; bituminous substances; mineral waxes",1,No Quantity,0,,,,0,,126917,,,0
H4,2014,2014,2014,2,0,1,Import,68,Bolivia (Plurinational State of),BOL,702,Singapore,SGP,,,,,,,,27,"Mineral fuels, mineral oils and products of their distillation; bituminous substances; mineral waxes",1,No Quantity,0,,,,0,,113457424,,,0
H4,2014,2014,2014,2,0,1,Import,68,Bolivia (Plurinational State of),BOL,724,Spain,ESP,,,,,,,,27,"Mineral fuels, mineral oils and products of their distillation; bituminous substances; mineral waxes",1,No Quantity,0,,,,0,,9099752,,,0
H4,2014,2014,2014,2,0,1,Import,68,Bolivia (Plurinational State of),BOL,748,Eswatini,SWZ,,,,,,,,27,"Mineral fuels, mineral oils and products of their distillation; bituminous substances; mineral waxes",1,No Quantity,0,,,,0,,15680552,,,0
H4,2014,2014,2014,2,0,1,Import,68,Bolivia (Plurinational State of),BOL,752,Sweden,SWE,,,,,,,,27,"Mineral fuels, mineral oils and products of their distillation; bituminous substances; mineral waxes",1,No Quantity,0,,,,,,113568,,,0
H4,2014,2014,2014,2,0,1,Import,68,Bolivia (Plurinational State of),BOL,757,Switzerland,CHE,,,,,,,,27,"Mineral fuels, mineral oils and products of their distillation; bituminous substances; mineral waxes",1,No Quantity,0,,,,0,,27469097,,,0
H4,2014,2014,2014,2,0,1,Import,68,Bolivia (Plurinational State of),BOL,784,United Arab Emirates,ARE,,,,,,,,27,"Mineral fuels, mineral oils and products of their distillation; bituminous substances; mineral waxes",1,No Quantity,0,,,,0,,123434,,,0
H4,2014,2014,2014,2,0,1,Import,68,Bolivia (Plurinational State of),BOL,788,Tunisia,TUN,,,,,,,,27,"Mineral fuels, mineral oils and products of their distillation; bituminous substances; mineral waxes",1,No Quantity,0,,,,0,,9197318,,,0
H4,2014,2014,2014,2,0,1,Import,68,Bolivia (Plurinational State of),BOL,804,Ukraine,UKR,,,,,,,,27,"Mineral fuels, mineral oils and products of their distillation; bituminous substances; mineral waxes",1,No Quantity,0,,,,0,,3205,,,0
H4,2014,2014,2014,2,0,1,Import,68,Bolivia (Plurinational State of),BOL,826,United Kingdom,GBR,,,,,,,,27,"Mineral fuels, mineral oils and products of their distillation; bituminous substances; mineral waxes",1,No Quantity,0,,,,0,,10521,,,0
H4,2014,2014,2014,2,0,1,Import,68,Bolivia (Plurinational State of),BOL,842,USA,USA,,,,,,,,27,"Mineral fuels, mineral oils and products of their distillation; bituminous substances; mineral waxes",1,No Quantity,0,,,,0,,153185069,,,4
H4,2014,2014,2014,2,0,1,Import,68,Bolivia (Plurinational State of),BOL,862,Venezuela,VEN,,,,,,,,27,"Mineral fuels, mineral oils and products of their distillation; bituminous substances; mineral waxes",1,No Quantity,0,,,,0,,1325489,,,0
H4,2015,2015,2015,2,0,1,Import,68,Bolivia (Plurinational State of),BOL,0,World,WLD,,,,,,,,27,"Mineral fuels, mineral oils and products of their distillation; bituminous substances; mineral waxes",1,No Quantity,0,,,,,,1150731150,,,4
H4,2015,2015,2015,2,0,1,Import,68,Bolivia (Plurinational State of),BOL,32,Argentina,ARG,,,,,,,,27,"Mineral fuels, mineral oils and products of their distillation; bituminous substances; mineral waxes",1,No Quantity,0,,,,0,,476631239,,,0
H4,2015,2015,2015,2,0,1,Import,68,Bolivia (Plurinational State of),BOL,40,Austria,AUT,,,,,,,,27,"Mineral fuels, mineral oils and products of their distillation; bituminous substances; mineral waxes",1,No Quantity,0,,,,0,,3776,,,0
H4,2015,2015,2015,2,0,1,Import,68,Bolivia (Plurinational State of),BOL,56,Belgium,BEL,,,,,,,,27,"Mineral fuels, mineral oils and products of their distillation; bituminous substances; mineral waxes",1,No Quantity,0,,,,0,,697033,,,0
H4,2015,2015,2015,2,0,1,Import,68,Bolivia (Plurinational State of),BOL,76,Brazil,BRA,,,,,,,,27,"Mineral fuels, mineral oils and products of their distillation; bituminous substances; mineral waxes",1,No Quantity,0,,,,0,,129268305,,,0
H4,2015,2015,2015,2,0,1,Import,68,Bolivia (Plurinational State of),BOL,124,Canada,CAN,,,,,,,,27,"Mineral fuels, mineral oils and products of their distillation; bituminous substances; mineral waxes",1,No Quantity,0,,,,0,,148764,,,0
H4,2015,2015,2015,2,0,1,Import,68,Bolivia (Plurinational State of),BOL,152,Chile,CHL,,,,,,,,27,"Mineral fuels, mineral oils and products of their distillation; bituminous substances; mineral waxes",1,No Quantity,0,,,,0,,198402827,,,0
H4,2015,2015,2015,2,0,1,Import,68,Bolivia (Plurinational State of),BOL,156,China,CHN,,,,,,,,27,"Mineral fuels, mineral oils and products of their distillation; bituminous substances; mineral waxes",1,No Quantity,0,,,,0,,1430210,,,0
H4,2015,2015,2015,2,0,1,Import,68,Bolivia (Plurinational State of),BOL,170,Colombia,COL,,,,,,,,27,"Mineral fuels, mineral oils and products of their distillation; bituminous substances; mineral waxes",1,No Quantity,0,,,,0,,14514,,,0
H4,2015,2015,2015,2,0,1,Import,68,Bolivia (Plurinational State of),BOL,192,Cuba,CUB,,,,,,,,27,"Mineral fuels, mineral oils and products of their distillation; bituminous substances; mineral waxes",1,No Quantity,0,,,,0,,7846,,,0
H4,2015,2015,2015,2,0,1,Import,68,Bolivia (Plurinational State of),BOL,218,Ecuador,ECU,,,,,,,,27,"Mineral fuels, mineral oils and products of their distillation; bituminous substances; mineral waxes",1,No Quantity,0,,,,0,,356976,,,0
H4,2015,2015,2015,2,0,1,Import,68,Bolivia (Plurinational State of),BOL,251,France,FRA,,,,,,,,27,"Mineral fuels, mineral oils and products of their distillation; bituminous substances; mineral waxes",1,No Quantity,0,,,,0,,975889,,,4
H4,2015,2015,2015,2,0,1,Import,68,Bolivia (Plurinational State of),BOL,276,Germany,DEU,,,,,,,,27,"Mineral fuels, mineral oils and products of their distillation; bituminous substances; mineral waxes",1,No Quantity,0,,,,0,,886768,,,0
H4,2015,2015,2015,2,0,1,Import,68,Bolivia (Plurinational State of),BOL,344,"China, Hong Kong SAR",HKG,,,,,,,,27,"Mineral fuels, mineral oils and products of their distillation; bituminous substances; mineral waxes",1,No Quantity,0,,,,0,,388918,,,0
H4,2015,2015,2015,2,0,1,Import,68,Bolivia (Plurinational State of),BOL,376,Israel,ISR,,,,,,,,27,"Mineral fuels, mineral oils and products of their distillation; bituminous substances; mineral waxes",1,No Quantity,0,,,,0,,682,,,0
H4,2015,2015,2015,2,0,1,Import,68,Bolivia (Plurinational State of),BOL,381,Italy,ITA,,,,,,,,27,"Mineral fuels, mineral oils and products of their distillation; bituminous substances; mineral waxes",1,No Quantity,0,,,,0,,31655,,,0
H4,2015,2015,2015,2,0,1,Import,68,Bolivia (Plurinational State of),BOL,392,Japan,JPN,,,,,,,,27,"Mineral fuels, mineral oils and products of their distillation; bituminous substances; mineral waxes",1,No Quantity,0,,,,0,,5108,,,0
H4,2015,2015,2015,2,0,1,Import,68,Bolivia (Plurinational State of),BOL,410,Rep. of Korea,KOR,,,,,,,,27,"Mineral fuels, mineral oils and products of their distillation; bituminous substances; mineral waxes",1,No Quantity,0,,,,0,,9481,,,0
H4,2015,2015,2015,2,0,1,Import,68,Bolivia (Plurinational State of),BOL,484,Mexico,MEX,,,,,,,,27,"Mineral fuels, mineral oils and products of their distillation; bituminous substances; mineral waxes",1,No Quantity,0,,,,0,,3278892,,,0
H4,2015,2015,2015,2,0,1,Import,68,Bolivia (Plurinational State of),BOL,528,Netherlands,NLD,,,,,,,,27,"Mineral fuels, mineral oils and products of their distillation; bituminous substances; mineral waxes",1,No Quantity,0,,,,0,,44432760,,,0
H4,2015,2015,2015,2,0,1,Import,68,Bolivia (Plurinational State of),BOL,591,Panama,PAN,,,,,,,,27,"Mineral fuels, mineral oils and products of their distillation; bituminous substances; mineral waxes",1,No Quantity,0,,,,0,,54027,,,0
H4,2015,2015,2015,2,0,1,Import,68,Bolivia (Plurinational State of),BOL,600,Paraguay,PRY,,,,,,,,27,"Mineral fuels, mineral oils and products of their distillation; bituminous substances; mineral waxes",1,No Quantity,0,,,,0,,25922646,,,0
H4,2015,2015,2015,2,0,1,Import,68,Bolivia (Plurinational State of),BOL,604,Peru,PER,,,,,,,,27,"Mineral fuels, mineral oils and products of their distillation; bituminous substances; mineral waxes",1,No Quantity,0,,,,0,,64408671,,,0
H4,2015,2015,2015,2,0,1,Import,68,Bolivia (Plurinational State of),BOL,699,India,IND,,,,,,,,27,"Mineral fuels, mineral oils and products of their distillation; bituminous substances; mineral waxes",1,No Quantity,0,,,,,,114582,,,4
H4,2015,2015,2015,2,0,1,Import,68,Bolivia (Plurinational State of),BOL,702,Singapore,SGP,,,,,,,,27,"Mineral fuels, mineral oils and products of their distillation; bituminous substances; mineral waxes",1,No Quantity,0,,,,0,,22692815,,,0
H4,2015,2015,2015,2,0,1,Import,68,Bolivia (Plurinational State of),BOL,724,Spain,ESP,,,,,,,,27,"Mineral fuels, mineral oils and products of their distillation; bituminous substances; mineral waxes",1,No Quantity,0,,,,0,,10389075,,,0
H4,2015,2015,2015,2,0,1,Import,68,Bolivia (Plurinational State of),BOL,748,Eswatini,SWZ,,,,,,,,27,"Mineral fuels, mineral oils and products of their distillation; bituminous substances; mineral waxes",1,No Quantity,0,,,,0,,7791825,,,0
H4,2015,2015,2015,2,0,1,Import,68,Bolivia (Plurinational State of),BOL,752,Sweden,SWE,,,,,,,,27,"Mineral fuels, mineral oils and products of their distillation; bituminous substances; mineral waxes",1,No Quantity,0,,,,0,,6022970,,,0
H4,2015,2015,2015,2,0,1,Import,68,Bolivia (Plurinational State of),BOL,757,Switzerland,CHE,,,,,,,,27,"Mineral fuels, mineral oils and products of their distillation; bituminous substances; mineral waxes",1,No Quantity,0,,,,0,,20170076,,,0
H4,2015,2015,2015,2,0,1,Import,68,Bolivia (Plurinational State of),BOL,784,United Arab Emirates,ARE,,,,,,,,27,"Mineral fuels, mineral oils and products of their distillation; bituminous substances; mineral waxes",1,No Quantity,0,,,,0,,11400,,,0
H4,2015,2015,2015,2,0,1,Import,68,Bolivia (Plurinational State of),BOL,792,Turkey,TUR,,,,,,,,27,"Mineral fuels, mineral oils and products of their distillation; bituminous substances; mineral waxes",1,No Quantity,0,,,,0,,8759,,,0
H4,2015,2015,2015,2,0,1,Import,68,Bolivia (Plurinational State of),BOL,826,United Kingdom,GBR,,,,,,,,27,"Mineral fuels, mineral oils and products of their distillation; bituminous substances; mineral waxes",1,No Quantity,0,,,,0,,6964,,,0
H4,2015,2015,2015,2,0,1,Import,68,Bolivia (Plurinational State of),BOL,842,USA,USA,,,,,,,,27,"Mineral fuels, mineral oils and products of their distillation; bituminous substances; mineral waxes",1,No Quantity,0,,,,0,,134525739,,,4
H4,2015,2015,2015,2,0,1,Import,68,Bolivia (Plurinational State of),BOL,858,Uruguay,URY,,,,,,,,27,"Mineral fuels, mineral oils and products of their distillation; bituminous substances; mineral waxes",1,No Quantity,0,,,,0,,3378,,,0
H4,2015,2015,2015,2,0,1,Import,68,Bolivia (Plurinational State of),BOL,862,Venezuela,VEN,,,,,,,,27,"Mineral fuels, mineral oils and products of their distillation; bituminous substances; mineral waxes",1,No Quantity,0,,,,0,,1636564,,,0
H4,2016,2016,2016,2,0,1,Import,68,Bolivia (Plurinational State of),BOL,0,World,WLD,,,,,,,,27,"Mineral fuels, mineral oils and products of their distillation; bituminous substances; mineral waxes",1,No Quantity,0,,,,0,,822171840,,,4
H4,2016,2016,2016,2,0,1,Import,68,Bolivia (Plurinational State of),BOL,32,Argentina,ARG,,,,,,,,27,"Mineral fuels, mineral oils and products of their distillation; bituminous substances; mineral waxes",1,No Quantity,0,,,,0,,301307455,,,0
H4,2016,2016,2016,2,0,1,Import,68,Bolivia (Plurinational State of),BOL,40,Austria,AUT,,,,,,,,27,"Mineral fuels, mineral oils and products of their distillation; bituminous substances; mineral waxes",1,No Quantity,0,,,,0,,3929,,,0
H4,2016,2016,2016,2,0,1,Import,68,Bolivia (Plurinational State of),BOL,76,Brazil,BRA,,,,,,,,27,"Mineral fuels, mineral oils and products of their distillation; bituminous substances; mineral waxes",1,No Quantity,0,,,,0,,68590154,,,0
H4,2016,2016,2016,2,0,1,Import,68,Bolivia (Plurinational State of),BOL,124,Canada,CAN,,,,,,,,27,"Mineral fuels, mineral oils and products of their distillation; bituminous substances; mineral waxes",1,No Quantity,0,,,,0,,184289,,,0
H4,2016,2016,2016,2,0,1,Import,68,Bolivia (Plurinational State of),BOL,152,Chile,CHL,,,,,,,,27,"Mineral fuels, mineral oils and products of their distillation; bituminous substances; mineral waxes",1,No Quantity,0,,,,0,,123868870,,,0
H4,2016,2016,2016,2,0,1,Import,68,Bolivia (Plurinational State of),BOL,156,China,CHN,,,,,,,,27,"Mineral fuels, mineral oils and products of their distillation; bituminous substances; mineral waxes",1,No Quantity,0,,,,0,,1454676,,,0
H4,2016,2016,2016,2,0,1,Import,68,Bolivia (Plurinational State of),BOL,170,Colombia,COL,,,,,,,,27,"Mineral fuels, mineral oils and products of their distillation; bituminous substances; mineral waxes",1,No Quantity,0,,,,0,,1260310,,,0
H4,2016,2016,2016,2,0,1,Import,68,Bolivia (Plurinational State of),BOL,192,Cuba,CUB,,,,,,,,27,"Mineral fuels, mineral oils and products of their distillation; bituminous substances; mineral waxes",1,No Quantity,0,,,,0,,13731,,,0
H4,2016,2016,2016,2,0,1,Import,68,Bolivia (Plurinational State of),BOL,214,Dominican Rep.,DOM,,,,,,,,27,"Mineral fuels, mineral oils and products of their distillation; bituminous substances; mineral waxes",1,No Quantity,0,,,,0,,7872,,,0
H4,2016,2016,2016,2,0,1,Import,68,Bolivia (Plurinational State of),BOL,218,Ecuador,ECU,,,,,,,,27,"Mineral fuels, mineral oils and products of their distillation; bituminous substances; mineral waxes",1,No Quantity,0,,,,0,,383580,,,0
H4,2016,2016,2016,2,0,1,Import,68,Bolivia (Plurinational State of),BOL,251,France,FRA,,,,,,,,27,"Mineral fuels, mineral oils and products of their distillation; bituminous substances; mineral waxes",1,No Quantity,0,,,,0,,317654,,,0
H4,2016,2016,2016,2,0,1,Import,68,Bolivia (Plurinational State of),BOL,276,Germany,DEU,,,,,,,,27,"Mineral fuels, mineral oils and products of their distillation; bituminous substances; mineral waxes",1,No Quantity,0,,,,0,,674578,,,4
H4,2016,2016,2016,2,0,1,Import,68,Bolivia (Plurinational State of),BOL,344,"China, Hong Kong SAR",HKG,,,,,,,,27,"Mineral fuels, mineral oils and products of their distillation; bituminous substances; mineral waxes",1,No Quantity,0,,,,0,,442860,,,0
H4,2016,2016,2016,2,0,1,Import,68,Bolivia (Plurinational State of),BOL,352,Iceland,ISL,,,,,,,,27,"Mineral fuels, mineral oils and products of their distillation; bituminous substances; mineral waxes",1,No Quantity,0,,,,0,,3848,,,0
H4,2016,2016,2016,2,0,1,Import,68,Bolivia (Plurinational State of),BOL,364,Iran,IRN,,,,,,,,27,"Mineral fuels, mineral oils and products of their distillation; bituminous substances; mineral waxes",1,No Quantity,0,,,,0,,22519,,,0
H4,2016,2016,2016,2,0,1,Import,68,Bolivia (Plurinational State of),BOL,376,Israel,ISR,,,,,,,,27,"Mineral fuels, mineral oils and products of their distillation; bituminous substances; mineral waxes",1,No Quantity,0,,,,0,,3882,,,0
H4,2016,2016,2016,2,0,1,Import,68,Bolivia (Plurinational State of),BOL,381,Italy,ITA,,,,,,,,27,"Mineral fuels, mineral oils and products of their distillation; bituminous substances; mineral waxes",1,No Quantity,0,,,,0,,31974,,,0
H4,2016,2016,2016,2,0,1,Import,68,Bolivia (Plurinational State of),BOL,392,Japan,JPN,,,,,,,,27,"Mineral fuels, mineral oils and products of their distillation; bituminous substances; mineral waxes",1,No Quantity,0,,,,0,,4115,,,0
H4,2016,2016,2016,2,0,1,Import,68,Bolivia (Plurinational State of),BOL,410,Rep. of Korea,KOR,,,,,,,,27,"Mineral fuels, mineral oils and products of their distillation; bituminous substances; mineral waxes",1,No Quantity,0,,,,0,,11868,,,0
H4,2016,2016,2016,2,0,1,Import,68,Bolivia (Plurinational State of),BOL,458,Malaysia,MYS,,,,,,,,27,"Mineral fuels, mineral oils and products of their distillation; bituminous substances; mineral waxes",1,No Quantity,0,,,,0,,246631,,,0
H4,2016,2016,2016,2,0,1,Import,68,Bolivia (Plurinational State of),BOL,484,Mexico,MEX,,,,,,,,27,"Mineral fuels, mineral oils and products of their distillation; bituminous substances; mineral waxes",1,No Quantity,0,,,,0,,2948831,,,0
H4,2016,2016,2016,2,0,1,Import,68,Bolivia (Plurinational State of),BOL,528,Netherlands,NLD,,,,,,,,27,"Mineral fuels, mineral oils and products of their distillation; bituminous substances; mineral waxes",1,No Quantity,0,,,,0,,2232276,,,0
H4,2016,2016,2016,2,0,1,Import,68,Bolivia (Plurinational State of),BOL,591,Panama,PAN,,,,,,,,27,"Mineral fuels, mineral oils and products of their distillation; bituminous substances; mineral waxes",1,No Quantity,0,,,,0,,4793,,,0
H4,2016,2016,2016,2,0,1,Import,68,Bolivia (Plurinational State of),BOL,600,Paraguay,PRY,,,,,,,,27,"Mineral fuels, mineral oils and products of their distillation; bituminous substances; mineral waxes",1,No Quantity,0,,,,0,,7751460,,,0
H4,2016,2016,2016,2,0,1,Import,68,Bolivia (Plurinational State of),BOL,604,Peru,PER,,,,,,,,27,"Mineral fuels, mineral oils and products of their distillation; bituminous substances; mineral waxes",1,No Quantity,0,,,,0,,86623336,,,0
H4,2016,2016,2016,2,0,1,Import,68,Bolivia (Plurinational State of),BOL,643,Russian Federation,RUS,,,,,,,,27,"Mineral fuels, mineral oils and products of their distillation; bituminous substances; mineral waxes",1,No Quantity,0,,,,0,,237952,,,0
H4,2016,2016,2016,2,0,1,Import,68,Bolivia (Plurinational State of),BOL,699,India,IND,,,,,,,,27,"Mineral fuels, mineral oils and products of their distillation; bituminous substances; mineral waxes",1,No Quantity,0,,,,0,,45668,,,0
H4,2016,2016,2016,2,0,1,Import,68,Bolivia (Plurinational State of),BOL,702,Singapore,SGP,,,,,,,,27,"Mineral fuels, mineral oils and products of their distillation; bituminous substances; mineral waxes",1,No Quantity,0,,,,0,,35273017,,,0
H4,2016,2016,2016,2,0,1,Import,68,Bolivia (Plurinational State of),BOL,710,South Africa,ZAF,,,,,,,,27,"Mineral fuels, mineral oils and products of their distillation; bituminous substances; mineral waxes",1,No Quantity,0,,,,0,,3215593,,,0
H4,2016,2016,2016,2,0,1,Import,68,Bolivia (Plurinational State of),BOL,724,Spain,ESP,,,,,,,,27,"Mineral fuels, mineral oils and products of their distillation; bituminous substances; mineral waxes",1,No Quantity,0,,,,0,,11291275,,,0
H4,2016,2016,2016,2,0,1,Import,68,Bolivia (Plurinational State of),BOL,752,Sweden,SWE,,,,,,,,27,"Mineral fuels, mineral oils and products of their distillation; bituminous substances; mineral waxes",1,No Quantity,0,,,,0,,429139,,,0
H4,2016,2016,2016,2,0,1,Import,68,Bolivia (Plurinational State of),BOL,757,Switzerland,CHE,,,,,,,,27,"Mineral fuels, mineral oils and products of their distillation; bituminous substances; mineral waxes",1,No Quantity,0,,,,0,,34728082,,,0
H4,2016,2016,2016,2,0,1,Import,68,Bolivia (Plurinational State of),BOL,780,Trinidad and Tobago,TTO,,,,,,,,27,"Mineral fuels, mineral oils and products of their distillation; bituminous substances; mineral waxes",1,No Quantity,0,,,,0,,3406345,,,0
H4,2016,2016,2016,2,0,1,Import,68,Bolivia (Plurinational State of),BOL,784,United Arab Emirates,ARE,,,,,,,,27,"Mineral fuels, mineral oils and products of their distillation; bituminous substances; mineral waxes",1,No Quantity,0,,,,0,,613639,,,0
H4,2016,2016,2016,2,0,1,Import,68,Bolivia (Plurinational State of),BOL,792,Turkey,TUR,,,,,,,,27,"Mineral fuels, mineral oils and products of their distillation; bituminous substances; mineral waxes",1,No Quantity,0,,,,0,,2766,,,0
H4,2016,2016,2016,2,0,1,Import,68,Bolivia (Plurinational State of),BOL,826,United Kingdom,GBR,,,,,,,,27,"Mineral fuels, mineral oils and products of their distillation; bituminous substances; mineral waxes",1,No Quantity,0,,,,0,,48307,,,4
H4,2016,2016,2016,2,0,1,Import,68,Bolivia (Plurinational State of),BOL,842,USA,USA,,,,,,,,27,"Mineral fuels, mineral oils and products of their distillation; bituminous substances; mineral waxes",1,No Quantity,0,,,,0,,134005201,,,4
H4,2016,2016,2016,2,0,1,Import,68,Bolivia (Plurinational State of),BOL,862,Venezuela,VEN,,,,,,,,27,"Mineral fuels, mineral oils and products of their distillation; bituminous substances; mineral waxes",1,No Quantity,0,,,,0,,453777,,,0
H4,2016,2016,2016,2,0,1,Import,68,Bolivia (Plurinational State of),BOL,899,"Areas, nes",,,,,,,,,27,"Mineral fuels, mineral oils and products of their distillation; bituminous substances; mineral waxes",1,No Quantity,0,,,,0,,25568,,,0
