Classification,Year,Period,Period Desc.,Aggregate Level,Is Leaf Code,Trade Flow Code,Trade Flow,Reporter Code,Reporter,Reporter ISO,Partner Code,Partner,Partner ISO,2nd Partner Code,2nd Partner,2nd Partner ISO,Customs Proc. Code,Customs,Mode of Transport Code,Mode of Transport,Commodity Code,Commodity,Qty Unit Code,Qty Unit,Qty,Alt Qty Unit Code,Alt Qty Unit,Alt Qty,Netweight (kg),Gross weight (kg),Trade Value (US$),CIF Trade Value (US$),FOB Trade Value (US$),Flag
H5,2017,2017,2017,2,0,1,Import,418,Lao People's Dem. Rep.,LAO,0,World,WLD,,,,,,,,27,"Mineral fuels, mineral oils and products of their distillation; bituminous substances; mineral waxes",1,No Quantity,0,,,,,,697573363,,,4
H5,2017,2017,2017,2,0,1,Import,418,Lao People's Dem. Rep.,LAO,36,Australia,AUS,,,,,,,,27,"Mineral fuels, mineral oils and products of their distillation; bituminous substances; mineral waxes",1,No Quantity,0,,,,0,,3248,,,4
H5,2017,2017,2017,2,0,1,Import,418,Lao People's Dem. Rep.,LAO,40,Austria,AUT,,,,,,,,27,"Mineral fuels, mineral oils and products of their distillation; bituminous substances; mineral waxes",1,No Quantity,0,,,,0,,48857,,,4
H5,2017,2017,2017,2,0,1,Import,418,Lao People's Dem. Rep.,LAO,156,China,CHN,,,,,,,,27,"Mineral fuels, mineral oils and products of their distillation; bituminous substances; mineral waxes",1,No Quantity,0,,,,0,,8290764,,,4
H5,2017,2017,2017,2,0,1,Import,418,Lao People's Dem. Rep.,LAO,239,South Georgia and the South Sandwich Islands,SGS,,,,,,,,27,"Mineral fuels, mineral oils and products of their distillation; bituminous substances; mineral waxes",1,No Quantity,0,,,,0,,70262,,,4
H5,2017,2017,2017,2,0,1,Import,418,Lao People's Dem. Rep.,LAO,251,France,FRA,,,,,,,,27,"Mineral fuels, mineral oils and products of their distillation; bituminous substances; mineral waxes",1,No Quantity,0,,,,0,,15006,,,4
H5,2017,2017,2017,2,0,1,Import,418,Lao People's Dem. Rep.,LAO,276,Germany,DEU,,,,,,,,27,"Mineral fuels, mineral oils and products of their distillation; bituminous substances; mineral waxes",1,No Quantity,0,,,,0,,101983,,,4
H5,2017,2017,2017,2,0,1,Import,418,Lao People's Dem. Rep.,LAO,344,"China, Hong Kong SAR",HKG,,,,,,,,27,"Mineral fuels, mineral oils and products of their distillation; bituminous substances; mineral waxes",1,No Quantity,0,,,,0,,300,,,4
H5,2017,2017,2017,2,0,1,Import,418,Lao People's Dem. Rep.,LAO,360,Indonesia,IDN,,,,,,,,27,"Mineral fuels, mineral oils and products of their distillation; bituminous substances; mineral waxes",1,No Quantity,0,,,,0,,25450810,,,4
H5,2017,2017,2017,2,0,1,Import,418,Lao People's Dem. Rep.,LAO,381,Italy,ITA,,,,,,,,27,"Mineral fuels, mineral oils and products of their distillation; bituminous substances; mineral waxes",1,No Quantity,0,,,,0,,184,,,4
H5,2017,2017,2017,2,0,1,Import,418,Lao People's Dem. Rep.,LAO,392,Japan,JPN,,,,,,,,27,"Mineral fuels, mineral oils and products of their distillation; bituminous substances; mineral waxes",1,No Quantity,0,,,,0,,124638,,,4
H5,2017,2017,2017,2,0,1,Import,418,Lao People's Dem. Rep.,LAO,410,Rep. of Korea,KOR,,,,,,,,27,"Mineral fuels, mineral oils and products of their distillation; bituminous substances; mineral waxes",1,No Quantity,0,,,,0,,719020,,,4
H5,2017,2017,2017,2,0,1,Import,418,Lao People's Dem. Rep.,LAO,458,Malaysia,MYS,,,,,,,,27,"Mineral fuels, mineral oils and products of their distillation; bituminous substances; mineral waxes",1,No Quantity,0,,,,0,,6398,,,4
H5,2017,2017,2017,2,0,1,Import,418,Lao People's Dem. Rep.,LAO,490,"Other Asia, nes",,,,,,,,,27,"Mineral fuels, mineral oils and products of their distillation; bituminous substances; mineral waxes",1,No Quantity,0,,,,0,,2448,,,4
H5,2017,2017,2017,2,0,1,Import,418,Lao People's Dem. Rep.,LAO,608,Philippines,PHL,,,,,,,,27,"Mineral fuels, mineral oils and products of their distillation; bituminous substances; mineral waxes",1,No Quantity,0,,,,,,375,,,4
H5,2017,2017,2017,2,0,1,Import,418,Lao People's Dem. Rep.,LAO,699,India,IND,,,,,,,,27,"Mineral fuels, mineral oils and products of their distillation; bituminous substances; mineral waxes",1,No Quantity,0,,,,0,,6130,,,4
H5,2017,2017,2017,2,0,1,Import,418,Lao People's Dem. Rep.,LAO,702,Singapore,SGP,,,,,,,,27,"Mineral fuels, mineral oils and products of their distillation; bituminous substances; mineral waxes",1,No Quantity,0,,,,0,,48999785,,,4
H5,2017,2017,2017,2,0,1,Import,418,Lao People's Dem. Rep.,LAO,704,Viet Nam,VNM,,,,,,,,27,"Mineral fuels, mineral oils and products of their distillation; bituminous substances; mineral waxes",1,No Quantity,0,,,,0,,53607083,,,4
H5,2017,2017,2017,2,0,1,Import,418,Lao People's Dem. Rep.,LAO,764,Thailand,THA,,,,,,,,27,"Mineral fuels, mineral oils and products of their distillation; bituminous substances; mineral waxes",1,No Quantity,0,,,,0,,559928825,,,4
H5,2017,2017,2017,2,0,1,Import,418,Lao People's Dem. Rep.,LAO,784,United Arab Emirates,ARE,,,,,,,,27,"Mineral fuels, mineral oils and products of their distillation; bituminous substances; mineral waxes",1,No Quantity,0,,,,0,,11593,,,4
H5,2017,2017,2017,2,0,1,Import,418,Lao People's Dem. Rep.,LAO,804,Ukraine,UKR,,,,,,,,27,"Mineral fuels, mineral oils and products of their distillation; bituminous substances; mineral waxes",1,No Quantity,0,,,,0,,126,,,4
H5,2017,2017,2017,2,0,1,Import,418,Lao People's Dem. Rep.,LAO,826,United Kingdom,GBR,,,,,,,,27,"Mineral fuels, mineral oils and products of their distillation; bituminous substances; mineral waxes",1,No Quantity,0,,,,0,,4728,,,4
H5,2017,2017,2017,2,0,1,Import,418,Lao People's Dem. Rep.,LAO,842,USA,USA,,,,,,,,27,"Mineral fuels, mineral oils and products of their distillation; bituminous substances; mineral waxes",1,No Quantity,0,,,,0,,180799,,,4
H5,2018,2018,2018,2,0,1,Import,418,Lao People's Dem. Rep.,LAO,0,World,WLD,,,,,,,,27,"Mineral fuels, mineral oils and products of their distillation; bituminous substances; mineral waxes",1,No Quantity,0,,,,0,,847827641,,,4
H5,2018,2018,2018,2,0,1,Import,418,Lao People's Dem. Rep.,LAO,36,Australia,AUS,,,,,,,,27,"Mineral fuels, mineral oils and products of their distillation; bituminous substances; mineral waxes",1,No Quantity,0,,,,0,,17276,,,4
H5,2018,2018,2018,2,0,1,Import,418,Lao People's Dem. Rep.,LAO,156,China,CHN,,,,,,,,27,"Mineral fuels, mineral oils and products of their distillation; bituminous substances; mineral waxes",1,No Quantity,0,,,,0,,8803504,,,4
H5,2018,2018,2018,2,0,1,Import,418,Lao People's Dem. Rep.,LAO,251,France,FRA,,,,,,,,27,"Mineral fuels, mineral oils and products of their distillation; bituminous substances; mineral waxes",1,No Quantity,0,,,,0,,4512,,,4
H5,2018,2018,2018,2,0,1,Import,418,Lao People's Dem. Rep.,LAO,360,Indonesia,IDN,,,,,,,,27,"Mineral fuels, mineral oils and products of their distillation; bituminous substances; mineral waxes",1,No Quantity,0,,,,0,,14590079,,,4
H5,2018,2018,2018,2,0,1,Import,418,Lao People's Dem. Rep.,LAO,392,Japan,JPN,,,,,,,,27,"Mineral fuels, mineral oils and products of their distillation; bituminous substances; mineral waxes",1,No Quantity,0,,,,0,,70862,,,4
H5,2018,2018,2018,2,0,1,Import,418,Lao People's Dem. Rep.,LAO,408,Dem. People's Rep. of Korea,PRK,,,,,,,,27,"Mineral fuels, mineral oils and products of their distillation; bituminous substances; mineral waxes",1,No Quantity,0,,,,0,,198932,,,4
H5,2018,2018,2018,2,0,1,Import,418,Lao People's Dem. Rep.,LAO,410,Rep. of Korea,KOR,,,,,,,,27,"Mineral fuels, mineral oils and products of their distillation; bituminous substances; mineral waxes",1,No Quantity,0,,,,0,,928623,,,4
H5,2018,2018,2018,2,0,1,Import,418,Lao People's Dem. Rep.,LAO,458,Malaysia,MYS,,,,,,,,27,"Mineral fuels, mineral oils and products of their distillation; bituminous substances; mineral waxes",1,No Quantity,0,,,,0,,300816,,,4
H5,2018,2018,2018,2,0,1,Import,418,Lao People's Dem. Rep.,LAO,490,"Other Asia, nes",,,,,,,,,27,"Mineral fuels, mineral oils and products of their distillation; bituminous substances; mineral waxes",1,No Quantity,0,,,,0,,795,,,4
H5,2018,2018,2018,2,0,1,Import,418,Lao People's Dem. Rep.,LAO,516,Namibia,NAM,,,,,,,,27,"Mineral fuels, mineral oils and products of their distillation; bituminous substances; mineral waxes",1,No Quantity,0,,,,0,,5335,,,4
H5,2018,2018,2018,2,0,1,Import,418,Lao People's Dem. Rep.,LAO,643,Russian Federation,RUS,,,,,,,,27,"Mineral fuels, mineral oils and products of their distillation; bituminous substances; mineral waxes",1,No Quantity,0,,,,0,,1250,,,4
H5,2018,2018,2018,2,0,1,Import,418,Lao People's Dem. Rep.,LAO,699,India,IND,,,,,,,,27,"Mineral fuels, mineral oils and products of their distillation; bituminous substances; mineral waxes",1,No Quantity,0,,,,0,,9029,,,4
H5,2018,2018,2018,2,0,1,Import,418,Lao People's Dem. Rep.,LAO,702,Singapore,SGP,,,,,,,,27,"Mineral fuels, mineral oils and products of their distillation; bituminous substances; mineral waxes",1,No Quantity,0,,,,0,,14461585,,,4
H5,2018,2018,2018,2,0,1,Import,418,Lao People's Dem. Rep.,LAO,704,Viet Nam,VNM,,,,,,,,27,"Mineral fuels, mineral oils and products of their distillation; bituminous substances; mineral waxes",1,No Quantity,0,,,,0,,104699562,,,4
H5,2018,2018,2018,2,0,1,Import,418,Lao People's Dem. Rep.,LAO,764,Thailand,THA,,,,,,,,27,"Mineral fuels, mineral oils and products of their distillation; bituminous substances; mineral waxes",1,No Quantity,0,,,,0,,698504493,,,4
H5,2018,2018,2018,2,0,1,Import,418,Lao People's Dem. Rep.,LAO,792,Turkey,TUR,,,,,,,,27,"Mineral fuels, mineral oils and products of their distillation; bituminous substances; mineral waxes",1,No Quantity,0,,,,0,,42,,,4
H5,2018,2018,2018,2,0,1,Import,418,Lao People's Dem. Rep.,LAO,796,Turks and Caicos Isds,TCA,,,,,,,,27,"Mineral fuels, mineral oils and products of their distillation; bituminous substances; mineral waxes",1,No Quantity,0,,,,0,,98781,,,4
H5,2018,2018,2018,2,0,1,Import,418,Lao People's Dem. Rep.,LAO,826,United Kingdom,GBR,,,,,,,,27,"Mineral fuels, mineral oils and products of their distillation; bituminous substances; mineral waxes",1,No Quantity,0,,,,0,,4587,,,4
H5,2018,2018,2018,2,0,1,Import,418,Lao People's Dem. Rep.,LAO,842,USA,USA,,,,,,,,27,"Mineral fuels, mineral oils and products of their distillation; bituminous substances; mineral waxes",1,No Quantity,0,,,,0,,44961,,,4
H5,2018,2018,2018,2,0,1,Import,418,Lao People's Dem. Rep.,LAO,899,"Areas, nes",,,,,,,,,27,"Mineral fuels, mineral oils and products of their distillation; bituminous substances; mineral waxes",1,No Quantity,0,,,,0,,5082617,,,4
H5,2019,2019,2019,2,0,1,Import,418,Lao People's Dem. Rep.,LAO,0,World,WLD,,,,,,,,27,"Mineral fuels, mineral oils and products of their distillation; bituminous substances; mineral waxes",1,No Quantity,0,,,,,,935412408,,,4
H5,2019,2019,2019,2,0,1,Import,418,Lao People's Dem. Rep.,LAO,36,Australia,AUS,,,,,,,,27,"Mineral fuels, mineral oils and products of their distillation; bituminous substances; mineral waxes",1,No Quantity,0,,,,0,,11783254,,,4
H5,2019,2019,2019,2,0,1,Import,418,Lao People's Dem. Rep.,LAO,40,Austria,AUT,,,,,,,,27,"Mineral fuels, mineral oils and products of their distillation; bituminous substances; mineral waxes",1,No Quantity,0,,,,0,,384827,,,0
H5,2019,2019,2019,2,0,1,Import,418,Lao People's Dem. Rep.,LAO,156,China,CHN,,,,,,,,27,"Mineral fuels, mineral oils and products of their distillation; bituminous substances; mineral waxes",1,No Quantity,0,,,,,,6791793,,,4
H5,2019,2019,2019,2,0,1,Import,418,Lao People's Dem. Rep.,LAO,251,France,FRA,,,,,,,,27,"Mineral fuels, mineral oils and products of their distillation; bituminous substances; mineral waxes",1,No Quantity,0,,,,0,,34982,,,0
H5,2019,2019,2019,2,0,1,Import,418,Lao People's Dem. Rep.,LAO,276,Germany,DEU,,,,,,,,27,"Mineral fuels, mineral oils and products of their distillation; bituminous substances; mineral waxes",1,No Quantity,0,,,,0,,69268,,,0
H5,2019,2019,2019,2,0,1,Import,418,Lao People's Dem. Rep.,LAO,360,Indonesia,IDN,,,,,,,,27,"Mineral fuels, mineral oils and products of their distillation; bituminous substances; mineral waxes",1,No Quantity,0,,,,0,,3258173,,,4
H5,2019,2019,2019,2,0,1,Import,418,Lao People's Dem. Rep.,LAO,381,Italy,ITA,,,,,,,,27,"Mineral fuels, mineral oils and products of their distillation; bituminous substances; mineral waxes",1,No Quantity,0,,,,0,,453,,,0
H5,2019,2019,2019,2,0,1,Import,418,Lao People's Dem. Rep.,LAO,392,Japan,JPN,,,,,,,,27,"Mineral fuels, mineral oils and products of their distillation; bituminous substances; mineral waxes",1,No Quantity,0,,,,0,,4884,,,0
H5,2019,2019,2019,2,0,1,Import,418,Lao People's Dem. Rep.,LAO,410,Rep. of Korea,KOR,,,,,,,,27,"Mineral fuels, mineral oils and products of their distillation; bituminous substances; mineral waxes",1,No Quantity,0,,,,0,,1299480,,,0
H5,2019,2019,2019,2,0,1,Import,418,Lao People's Dem. Rep.,LAO,458,Malaysia,MYS,,,,,,,,27,"Mineral fuels, mineral oils and products of their distillation; bituminous substances; mineral waxes",1,No Quantity,0,,,,0,,848933,,,0
H5,2019,2019,2019,2,0,1,Import,418,Lao People's Dem. Rep.,LAO,490,"Other Asia, nes",,,,,,,,,27,"Mineral fuels, mineral oils and products of their distillation; bituminous substances; mineral waxes",1,No Quantity,0,,,,0,,12658,,,0
H5,2019,2019,2019,2,0,1,Import,418,Lao People's Dem. Rep.,LAO,643,Russian Federation,RUS,,,,,,,,27,"Mineral fuels, mineral oils and products of their distillation; bituminous substances; mineral waxes",1,No Quantity,0,,,,0,,9984,,,0
H5,2019,2019,2019,2,0,1,Import,418,Lao People's Dem. Rep.,LAO,702,Singapore,SGP,,,,,,,,27,"Mineral fuels, mineral oils and products of their distillation; bituminous substances; mineral waxes",1,No Quantity,0,,,,0,,41272763,,,0
H5,2019,2019,2019,2,0,1,Import,418,Lao People's Dem. Rep.,LAO,704,Viet Nam,VNM,,,,,,,,27,"Mineral fuels, mineral oils and products of their distillation; bituminous substances; mineral waxes",1,No Quantity,0,,,,,,53240409,,,4
H5,2019,2019,2019,2,0,1,Import,418,Lao People's Dem. Rep.,LAO,710,South Africa,ZAF,,,,,,,,27,"Mineral fuels, mineral oils and products of their distillation; bituminous substances; mineral waxes",1,No Quantity,0,,,,0,,228,,,0
H5,2019,2019,2019,2,0,1,Import,418,Lao People's Dem. Rep.,LAO,764,Thailand,THA,,,,,,,,27,"Mineral fuels, mineral oils and products of their distillation; bituminous substances; mineral waxes",1,No Quantity,0,,,,,,816048501,,,4
H5,2019,2019,2019,2,0,1,Import,418,Lao People's Dem. Rep.,LAO,780,Trinidad and Tobago,TTO,,,,,,,,27,"Mineral fuels, mineral oils and products of their distillation; bituminous substances; mineral waxes",1,No Quantity,0,,,,0,,7173,,,0
H5,2019,2019,2019,2,0,1,Import,418,Lao People's Dem. Rep.,LAO,788,Tunisia,TUN,,,,,,,,27,"Mineral fuels, mineral oils and products of their distillation; bituminous substances; mineral waxes",1,No Quantity,0,,,,0,,40752,,,0
H5,2019,2019,2019,2,0,1,Import,418,Lao People's Dem. Rep.,LAO,792,Turkey,TUR,,,,,,,,27,"Mineral fuels, mineral oils and products of their distillation; bituminous substances; mineral waxes",1,No Quantity,0,,,,0,,90,,,0
H5,2019,2019,2019,2,0,1,Import,418,Lao People's Dem. Rep.,LAO,826,United Kingdom,GBR,,,,,,,,27,"Mineral fuels, mineral oils and products of their distillation; bituminous substances; mineral waxes",1,No Quantity,0,,,,0,,4441,,,0
H5,2019,2019,2019,2,0,1,Import,418,Lao People's Dem. Rep.,LAO,842,USA,USA,,,,,,,,27,"Mineral fuels, mineral oils and products of their distillation; bituminous substances; mineral waxes",1,No Quantity,0,,,,0,,299354,,,0
H5,2020,2020,2020,2,0,1,Import,418,Lao People's Dem. Rep.,LAO,0,World,WLD,,,,,,,,27,"Mineral fuels, mineral oils and products of their distillation; bituminous substances; mineral waxes",1,No Quantity,0,,,,,,692738555,,,4
H5,2020,2020,2020,2,0,1,Import,418,Lao People's Dem. Rep.,LAO,36,Australia,AUS,,,,,,,,27,"Mineral fuels, mineral oils and products of their distillation; bituminous substances; mineral waxes",1,No Quantity,0,,,,0,,23673610,,,4
H5,2020,2020,2020,2,0,1,Import,418,Lao People's Dem. Rep.,LAO,40,Austria,AUT,,,,,,,,27,"Mineral fuels, mineral oils and products of their distillation; bituminous substances; mineral waxes",1,No Quantity,0,,,,0,,2270,,,0
H5,2020,2020,2020,2,0,1,Import,418,Lao People's Dem. Rep.,LAO,56,Belgium,BEL,,,,,,,,27,"Mineral fuels, mineral oils and products of their distillation; bituminous substances; mineral waxes",1,No Quantity,0,,,,0,,12508,,,0
H5,2020,2020,2020,2,0,1,Import,418,Lao People's Dem. Rep.,LAO,124,Canada,CAN,,,,,,,,27,"Mineral fuels, mineral oils and products of their distillation; bituminous substances; mineral waxes",1,No Quantity,0,,,,0,,53,,,0
H5,2020,2020,2020,2,0,1,Import,418,Lao People's Dem. Rep.,LAO,156,China,CHN,,,,,,,,27,"Mineral fuels, mineral oils and products of their distillation; bituminous substances; mineral waxes",1,No Quantity,0,,,,,,12077589,,,4
H5,2020,2020,2020,2,0,1,Import,418,Lao People's Dem. Rep.,LAO,251,France,FRA,,,,,,,,27,"Mineral fuels, mineral oils and products of their distillation; bituminous substances; mineral waxes",1,No Quantity,0,,,,0,,8203,,,0
H5,2020,2020,2020,2,0,1,Import,418,Lao People's Dem. Rep.,LAO,276,Germany,DEU,,,,,,,,27,"Mineral fuels, mineral oils and products of their distillation; bituminous substances; mineral waxes",1,No Quantity,0,,,,0,,50803,,,0
H5,2020,2020,2020,2,0,1,Import,418,Lao People's Dem. Rep.,LAO,344,"China, Hong Kong SAR",HKG,,,,,,,,27,"Mineral fuels, mineral oils and products of their distillation; bituminous substances; mineral waxes",1,No Quantity,0,,,,0,,6860,,,0
H5,2020,2020,2020,2,0,1,Import,418,Lao People's Dem. Rep.,LAO,360,Indonesia,IDN,,,,,,,,27,"Mineral fuels, mineral oils and products of their distillation; bituminous substances; mineral waxes",1,No Quantity,0,,,,0,,4502918,,,4
H5,2020,2020,2020,2,0,1,Import,418,Lao People's Dem. Rep.,LAO,381,Italy,ITA,,,,,,,,27,"Mineral fuels, mineral oils and products of their distillation; bituminous substances; mineral waxes",1,No Quantity,0,,,,0,,94368,,,0
H5,2020,2020,2020,2,0,1,Import,418,Lao People's Dem. Rep.,LAO,392,Japan,JPN,,,,,,,,27,"Mineral fuels, mineral oils and products of their distillation; bituminous substances; mineral waxes",1,No Quantity,0,,,,0,,277611,,,0
H5,2020,2020,2020,2,0,1,Import,418,Lao People's Dem. Rep.,LAO,410,Rep. of Korea,KOR,,,,,,,,27,"Mineral fuels, mineral oils and products of their distillation; bituminous substances; mineral waxes",1,No Quantity,0,,,,0,,602228,,,0
H5,2020,2020,2020,2,0,1,Import,418,Lao People's Dem. Rep.,LAO,458,Malaysia,MYS,,,,,,,,27,"Mineral fuels, mineral oils and products of their distillation; bituminous substances; mineral waxes",1,No Quantity,0,,,,0,,207538,,,0
H5,2020,2020,2020,2,0,1,Import,418,Lao People's Dem. Rep.,LAO,490,"Other Asia, nes",,,,,,,,,27,"Mineral fuels, mineral oils and products of their distillation; bituminous substances; mineral waxes",1,No Quantity,0,,,,0,,1200,,,0
H5,2020,2020,2020,2,0,1,Import,418,Lao People's Dem. Rep.,LAO,699,India,IND,,,,,,,,27,"Mineral fuels, mineral oils and products of their distillation; bituminous substances; mineral waxes",1,No Quantity,0,,,,0,,1078,,,0
H5,2020,2020,2020,2,0,1,Import,418,Lao People's Dem. Rep.,LAO,702,Singapore,SGP,,,,,,,,27,"Mineral fuels, mineral oils and products of their distillation; bituminous substances; mineral waxes",1,No Quantity,0,,,,0,,15774418,,,0
H5,2020,2020,2020,2,0,1,Import,418,Lao People's Dem. Rep.,LAO,704,Viet Nam,VNM,,,,,,,,27,"Mineral fuels, mineral oils and products of their distillation; bituminous substances; mineral waxes",1,No Quantity,0,,,,,,39017737,,,4
H5,2020,2020,2020,2,0,1,Import,418,Lao People's Dem. Rep.,LAO,764,Thailand,THA,,,,,,,,27,"Mineral fuels, mineral oils and products of their distillation; bituminous substances; mineral waxes",1,No Quantity,0,,,,,,586001995,,,4
H5,2020,2020,2020,2,0,1,Import,418,Lao People's Dem. Rep.,LAO,784,United Arab Emirates,ARE,,,,,,,,27,"Mineral fuels, mineral oils and products of their distillation; bituminous substances; mineral waxes",1,No Quantity,0,,,,0,,10018637,,,0
H5,2020,2020,2020,2,0,1,Import,418,Lao People's Dem. Rep.,LAO,804,Ukraine,UKR,,,,,,,,27,"Mineral fuels, mineral oils and products of their distillation; bituminous substances; mineral waxes",1,No Quantity,0,,,,0,,38585,,,0
H5,2020,2020,2020,2,0,1,Import,418,Lao People's Dem. Rep.,LAO,826,United Kingdom,GBR,,,,,,,,27,"Mineral fuels, mineral oils and products of their distillation; bituminous substances; mineral waxes",1,No Quantity,0,,,,0,,4171,,,0
H5,2020,2020,2020,2,0,1,Import,418,Lao People's Dem. Rep.,LAO,842,USA,USA,,,,,,,,27,"Mineral fuels, mineral oils and products of their distillation; bituminous substances; mineral waxes",1,No Quantity,0,,,,0,,364164,,,0
H4,2012,2012,2012,2,0,1,Import,418,Lao People's Dem. Rep.,LAO,0,World,WLD,,,,,,,,27,"Mineral fuels, mineral oils and products of their distillation; bituminous substances; mineral waxes",1,No Quantity,,,,,,,656311458,,,0
H4,2012,2012,2012,2,0,1,Import,418,Lao People's Dem. Rep.,LAO,36,Australia,AUS,,,,,,,,27,"Mineral fuels, mineral oils and products of their distillation; bituminous substances; mineral waxes",1,No Quantity,,,,,,,4156,,,0
H4,2012,2012,2012,2,0,1,Import,418,Lao People's Dem. Rep.,LAO,156,China,CHN,,,,,,,,27,"Mineral fuels, mineral oils and products of their distillation; bituminous substances; mineral waxes",1,No Quantity,,,,,,,4873056,,,0
H4,2012,2012,2012,2,0,1,Import,418,Lao People's Dem. Rep.,LAO,251,France,FRA,,,,,,,,27,"Mineral fuels, mineral oils and products of their distillation; bituminous substances; mineral waxes",1,No Quantity,,,,,,,2667,,,0
H4,2012,2012,2012,2,0,1,Import,418,Lao People's Dem. Rep.,LAO,344,"China, Hong Kong SAR",HKG,,,,,,,,27,"Mineral fuels, mineral oils and products of their distillation; bituminous substances; mineral waxes",1,No Quantity,,,,,,,22040,,,0
H4,2012,2012,2012,2,0,1,Import,418,Lao People's Dem. Rep.,LAO,410,Rep. of Korea,KOR,,,,,,,,27,"Mineral fuels, mineral oils and products of their distillation; bituminous substances; mineral waxes",1,No Quantity,,,,,,,16672254,,,0
H4,2012,2012,2012,2,0,1,Import,418,Lao People's Dem. Rep.,LAO,458,Malaysia,MYS,,,,,,,,27,"Mineral fuels, mineral oils and products of their distillation; bituminous substances; mineral waxes",1,No Quantity,,,,,,,388455,,,0
H4,2012,2012,2012,2,0,1,Import,418,Lao People's Dem. Rep.,LAO,702,Singapore,SGP,,,,,,,,27,"Mineral fuels, mineral oils and products of their distillation; bituminous substances; mineral waxes",1,No Quantity,,,,,,,981096,,,0
H4,2012,2012,2012,2,0,1,Import,418,Lao People's Dem. Rep.,LAO,704,Viet Nam,VNM,,,,,,,,27,"Mineral fuels, mineral oils and products of their distillation; bituminous substances; mineral waxes",1,No Quantity,,,,,,,77895808,,,0
H4,2012,2012,2012,2,0,1,Import,418,Lao People's Dem. Rep.,LAO,764,Thailand,THA,,,,,,,,27,"Mineral fuels, mineral oils and products of their distillation; bituminous substances; mineral waxes",1,No Quantity,,,,,,,555166459,,,0
H4,2012,2012,2012,2,0,1,Import,418,Lao People's Dem. Rep.,LAO,826,United Kingdom,GBR,,,,,,,,27,"Mineral fuels, mineral oils and products of their distillation; bituminous substances; mineral waxes",1,No Quantity,,,,,,,21398,,,0
H4,2012,2012,2012,2,0,1,Import,418,Lao People's Dem. Rep.,LAO,842,USA,USA,,,,,,,,27,"Mineral fuels, mineral oils and products of their distillation; bituminous substances; mineral waxes",1,No Quantity,,,,,,,284070,,,0
H4,2013,2013,2013,2,0,1,Import,418,Lao People's Dem. Rep.,LAO,0,World,WLD,,,,,,,,27,"Mineral fuels, mineral oils and products of their distillation; bituminous substances; mineral waxes",1,No Quantity,,,,,,,576255161,,,0
H4,2013,2013,2013,2,0,1,Import,418,Lao People's Dem. Rep.,LAO,36,Australia,AUS,,,,,,,,27,"Mineral fuels, mineral oils and products of their distillation; bituminous substances; mineral waxes",1,No Quantity,,,,,,,405,,,0
H4,2013,2013,2013,2,0,1,Import,418,Lao People's Dem. Rep.,LAO,156,China,CHN,,,,,,,,27,"Mineral fuels, mineral oils and products of their distillation; bituminous substances; mineral waxes",1,No Quantity,,,,,,,7899042,,,0
H4,2013,2013,2013,2,0,1,Import,418,Lao People's Dem. Rep.,LAO,251,France,FRA,,,,,,,,27,"Mineral fuels, mineral oils and products of their distillation; bituminous substances; mineral waxes",1,No Quantity,,,,,,,70416,,,0
H4,2013,2013,2013,2,0,1,Import,418,Lao People's Dem. Rep.,LAO,336,Holy See (Vatican City State),VAT,,,,,,,,27,"Mineral fuels, mineral oils and products of their distillation; bituminous substances; mineral waxes",1,No Quantity,,,,,,,56816,,,0
H4,2013,2013,2013,2,0,1,Import,418,Lao People's Dem. Rep.,LAO,392,Japan,JPN,,,,,,,,27,"Mineral fuels, mineral oils and products of their distillation; bituminous substances; mineral waxes",1,No Quantity,,,,,,,377,,,0
H4,2013,2013,2013,2,0,1,Import,418,Lao People's Dem. Rep.,LAO,410,Rep. of Korea,KOR,,,,,,,,27,"Mineral fuels, mineral oils and products of their distillation; bituminous substances; mineral waxes",1,No Quantity,,,,,,,378618,,,0
H4,2013,2013,2013,2,0,1,Import,418,Lao People's Dem. Rep.,LAO,458,Malaysia,MYS,,,,,,,,27,"Mineral fuels, mineral oils and products of their distillation; bituminous substances; mineral waxes",1,No Quantity,,,,,,,1716140,,,0
H4,2013,2013,2013,2,0,1,Import,418,Lao People's Dem. Rep.,LAO,702,Singapore,SGP,,,,,,,,27,"Mineral fuels, mineral oils and products of their distillation; bituminous substances; mineral waxes",1,No Quantity,,,,,,,245030,,,0
H4,2013,2013,2013,2,0,1,Import,418,Lao People's Dem. Rep.,LAO,704,Viet Nam,VNM,,,,,,,,27,"Mineral fuels, mineral oils and products of their distillation; bituminous substances; mineral waxes",1,No Quantity,,,,,,,68982849,,,0
H4,2013,2013,2013,2,0,1,Import,418,Lao People's Dem. Rep.,LAO,764,Thailand,THA,,,,,,,,27,"Mineral fuels, mineral oils and products of their distillation; bituminous substances; mineral waxes",1,No Quantity,,,,,,,496900093,,,0
H4,2013,2013,2013,2,0,1,Import,418,Lao People's Dem. Rep.,LAO,784,United Arab Emirates,ARE,,,,,,,,27,"Mineral fuels, mineral oils and products of their distillation; bituminous substances; mineral waxes",1,No Quantity,,,,,,,2188,,,0
H4,2013,2013,2013,2,0,1,Import,418,Lao People's Dem. Rep.,LAO,826,United Kingdom,GBR,,,,,,,,27,"Mineral fuels, mineral oils and products of their distillation; bituminous substances; mineral waxes",1,No Quantity,,,,,,,2792,,,0
H4,2013,2013,2013,2,0,1,Import,418,Lao People's Dem. Rep.,LAO,842,USA,USA,,,,,,,,27,"Mineral fuels, mineral oils and products of their distillation; bituminous substances; mineral waxes",1,No Quantity,,,,,,,395,,,0
H4,2014,2014,2014,2,0,1,Import,418,Lao People's Dem. Rep.,LAO,0,World,WLD,,,,,,,,27,"Mineral fuels, mineral oils and products of their distillation; bituminous substances; mineral waxes",1,No Quantity,,,,,,,698201426,,,0
H4,2014,2014,2014,2,0,1,Import,418,Lao People's Dem. Rep.,LAO,36,Australia,AUS,,,,,,,,27,"Mineral fuels, mineral oils and products of their distillation; bituminous substances; mineral waxes",1,No Quantity,,,,,,,1592,,,0
H4,2014,2014,2014,2,0,1,Import,418,Lao People's Dem. Rep.,LAO,156,China,CHN,,,,,,,,27,"Mineral fuels, mineral oils and products of their distillation; bituminous substances; mineral waxes",1,No Quantity,,,,,,,3486777,,,0
H4,2014,2014,2014,2,0,1,Import,418,Lao People's Dem. Rep.,LAO,251,France,FRA,,,,,,,,27,"Mineral fuels, mineral oils and products of their distillation; bituminous substances; mineral waxes",1,No Quantity,,,,,,,25614,,,0
H4,2014,2014,2014,2,0,1,Import,418,Lao People's Dem. Rep.,LAO,332,Haiti,HTI,,,,,,,,27,"Mineral fuels, mineral oils and products of their distillation; bituminous substances; mineral waxes",1,No Quantity,,,,,,,47120,,,0
H4,2014,2014,2014,2,0,1,Import,418,Lao People's Dem. Rep.,LAO,344,"China, Hong Kong SAR",HKG,,,,,,,,27,"Mineral fuels, mineral oils and products of their distillation; bituminous substances; mineral waxes",1,No Quantity,,,,,,,191249,,,0
H4,2014,2014,2014,2,0,1,Import,418,Lao People's Dem. Rep.,LAO,392,Japan,JPN,,,,,,,,27,"Mineral fuels, mineral oils and products of their distillation; bituminous substances; mineral waxes",1,No Quantity,,,,,,,1747,,,0
H4,2014,2014,2014,2,0,1,Import,418,Lao People's Dem. Rep.,LAO,410,Rep. of Korea,KOR,,,,,,,,27,"Mineral fuels, mineral oils and products of their distillation; bituminous substances; mineral waxes",1,No Quantity,,,,,,,683608,,,0
H4,2014,2014,2014,2,0,1,Import,418,Lao People's Dem. Rep.,LAO,458,Malaysia,MYS,,,,,,,,27,"Mineral fuels, mineral oils and products of their distillation; bituminous substances; mineral waxes",1,No Quantity,,,,,,,3605328,,,0
H4,2014,2014,2014,2,0,1,Import,418,Lao People's Dem. Rep.,LAO,490,"Other Asia, nes",,,,,,,,,27,"Mineral fuels, mineral oils and products of their distillation; bituminous substances; mineral waxes",1,No Quantity,,,,,,,1946,,,0
H4,2014,2014,2014,2,0,1,Import,418,Lao People's Dem. Rep.,LAO,702,Singapore,SGP,,,,,,,,27,"Mineral fuels, mineral oils and products of their distillation; bituminous substances; mineral waxes",1,No Quantity,,,,,,,184955,,,0
H4,2014,2014,2014,2,0,1,Import,418,Lao People's Dem. Rep.,LAO,704,Viet Nam,VNM,,,,,,,,27,"Mineral fuels, mineral oils and products of their distillation; bituminous substances; mineral waxes",1,No Quantity,,,,,,,83191099,,,0
H4,2014,2014,2014,2,0,1,Import,418,Lao People's Dem. Rep.,LAO,764,Thailand,THA,,,,,,,,27,"Mineral fuels, mineral oils and products of their distillation; bituminous substances; mineral waxes",1,No Quantity,,,,,,,606780392,,,0
H4,2015,2015,2015,2,0,1,Import,418,Lao People's Dem. Rep.,LAO,0,World,WLD,,,,,,,,27,"Mineral fuels, mineral oils and products of their distillation; bituminous substances; mineral waxes",1,No Quantity,,,,,,,760263446,,,0
H4,2015,2015,2015,2,0,1,Import,418,Lao People's Dem. Rep.,LAO,156,China,CHN,,,,,,,,27,"Mineral fuels, mineral oils and products of their distillation; bituminous substances; mineral waxes",1,No Quantity,,,,,,,3011662,,,0
H4,2015,2015,2015,2,0,1,Import,418,Lao People's Dem. Rep.,LAO,251,France,FRA,,,,,,,,27,"Mineral fuels, mineral oils and products of their distillation; bituminous substances; mineral waxes",1,No Quantity,,,,,,,65430,,,0
H4,2015,2015,2015,2,0,1,Import,418,Lao People's Dem. Rep.,LAO,276,Germany,DEU,,,,,,,,27,"Mineral fuels, mineral oils and products of their distillation; bituminous substances; mineral waxes",1,No Quantity,,,,,,,4702,,,0
H4,2015,2015,2015,2,0,1,Import,418,Lao People's Dem. Rep.,LAO,344,"China, Hong Kong SAR",HKG,,,,,,,,27,"Mineral fuels, mineral oils and products of their distillation; bituminous substances; mineral waxes",1,No Quantity,,,,,,,209607,,,0
H4,2015,2015,2015,2,0,1,Import,418,Lao People's Dem. Rep.,LAO,392,Japan,JPN,,,,,,,,27,"Mineral fuels, mineral oils and products of their distillation; bituminous substances; mineral waxes",1,No Quantity,,,,,,,1378,,,0
H4,2015,2015,2015,2,0,1,Import,418,Lao People's Dem. Rep.,LAO,410,Rep. of Korea,KOR,,,,,,,,27,"Mineral fuels, mineral oils and products of their distillation; bituminous substances; mineral waxes",1,No Quantity,,,,,,,197011,,,0
H4,2015,2015,2015,2,0,1,Import,418,Lao People's Dem. Rep.,LAO,458,Malaysia,MYS,,,,,,,,27,"Mineral fuels, mineral oils and products of their distillation; bituminous substances; mineral waxes",1,No Quantity,,,,,,,2400,,,0
H4,2015,2015,2015,2,0,1,Import,418,Lao People's Dem. Rep.,LAO,490,"Other Asia, nes",,,,,,,,,27,"Mineral fuels, mineral oils and products of their distillation; bituminous substances; mineral waxes",1,No Quantity,,,,,,,10000,,,0
H4,2015,2015,2015,2,0,1,Import,418,Lao People's Dem. Rep.,LAO,616,Poland,POL,,,,,,,,27,"Mineral fuels, mineral oils and products of their distillation; bituminous substances; mineral waxes",1,No Quantity,,,,,,,2972,,,0
H4,2015,2015,2015,2,0,1,Import,418,Lao People's Dem. Rep.,LAO,702,Singapore,SGP,,,,,,,,27,"Mineral fuels, mineral oils and products of their distillation; bituminous substances; mineral waxes",1,No Quantity,,,,,,,11568,,,0
H4,2015,2015,2015,2,0,1,Import,418,Lao People's Dem. Rep.,LAO,704,Viet Nam,VNM,,,,,,,,27,"Mineral fuels, mineral oils and products of their distillation; bituminous substances; mineral waxes",1,No Quantity,,,,,,,89698760,,,0
H4,2015,2015,2015,2,0,1,Import,418,Lao People's Dem. Rep.,LAO,757,Switzerland,CHE,,,,,,,,27,"Mineral fuels, mineral oils and products of their distillation; bituminous substances; mineral waxes",1,No Quantity,,,,,,,142,,,0
H4,2015,2015,2015,2,0,1,Import,418,Lao People's Dem. Rep.,LAO,764,Thailand,THA,,,,,,,,27,"Mineral fuels, mineral oils and products of their distillation; bituminous substances; mineral waxes",1,No Quantity,,,,,,,666739435,,,0
H4,2015,2015,2015,2,0,1,Import,418,Lao People's Dem. Rep.,LAO,780,Trinidad and Tobago,TTO,,,,,,,,27,"Mineral fuels, mineral oils and products of their distillation; bituminous substances; mineral waxes",1,No Quantity,,,,,,,122694,,,0
H4,2015,2015,2015,2,0,1,Import,418,Lao People's Dem. Rep.,LAO,796,Turks and Caicos Isds,TCA,,,,,,,,27,"Mineral fuels, mineral oils and products of their distillation; bituminous substances; mineral waxes",1,No Quantity,,,,,,,185687,,,0
H4,2016,2016,2016,2,0,1,Import,418,Lao People's Dem. Rep.,LAO,0,World,WLD,,,,,,,,27,"Mineral fuels, mineral oils and products of their distillation; bituminous substances; mineral waxes",1,No Quantity,,,,,,,617259387,,,0
H4,2016,2016,2016,2,0,1,Import,418,Lao People's Dem. Rep.,LAO,116,Cambodia,KHM,,,,,,,,27,"Mineral fuels, mineral oils and products of their distillation; bituminous substances; mineral waxes",1,No Quantity,,,,,,,25036,,,0
H4,2016,2016,2016,2,0,1,Import,418,Lao People's Dem. Rep.,LAO,156,China,CHN,,,,,,,,27,"Mineral fuels, mineral oils and products of their distillation; bituminous substances; mineral waxes",1,No Quantity,,,,,,,2532880,,,0
H4,2016,2016,2016,2,0,1,Import,418,Lao People's Dem. Rep.,LAO,344,"China, Hong Kong SAR",HKG,,,,,,,,27,"Mineral fuels, mineral oils and products of their distillation; bituminous substances; mineral waxes",1,No Quantity,,,,,,,103974,,,0
H4,2016,2016,2016,2,0,1,Import,418,Lao People's Dem. Rep.,LAO,360,Indonesia,IDN,,,,,,,,27,"Mineral fuels, mineral oils and products of their distillation; bituminous substances; mineral waxes",1,No Quantity,,,,,,,1779881,,,0
H4,2016,2016,2016,2,0,1,Import,418,Lao People's Dem. Rep.,LAO,392,Japan,JPN,,,,,,,,27,"Mineral fuels, mineral oils and products of their distillation; bituminous substances; mineral waxes",1,No Quantity,,,,,,,3827,,,0
H4,2016,2016,2016,2,0,1,Import,418,Lao People's Dem. Rep.,LAO,410,Rep. of Korea,KOR,,,,,,,,27,"Mineral fuels, mineral oils and products of their distillation; bituminous substances; mineral waxes",1,No Quantity,,,,,,,230794,,,0
H4,2016,2016,2016,2,0,1,Import,418,Lao People's Dem. Rep.,LAO,702,Singapore,SGP,,,,,,,,27,"Mineral fuels, mineral oils and products of their distillation; bituminous substances; mineral waxes",1,No Quantity,,,,,,,31780,,,0
H4,2016,2016,2016,2,0,1,Import,418,Lao People's Dem. Rep.,LAO,704,Viet Nam,VNM,,,,,,,,27,"Mineral fuels, mineral oils and products of their distillation; bituminous substances; mineral waxes",1,No Quantity,,,,,,,73886478,,,0
H4,2016,2016,2016,2,0,1,Import,418,Lao People's Dem. Rep.,LAO,764,Thailand,THA,,,,,,,,27,"Mineral fuels, mineral oils and products of their distillation; bituminous substances; mineral waxes",1,No Quantity,,,,,,,538352005,,,0
H4,2016,2016,2016,2,0,1,Import,418,Lao People's Dem. Rep.,LAO,780,Trinidad and Tobago,TTO,,,,,,,,27,"Mineral fuels, mineral oils and products of their distillation; bituminous substances; mineral waxes",1,No Quantity,,,,,,,269323,,,0
H4,2016,2016,2016,2,0,1,Import,418,Lao People's Dem. Rep.,LAO,826,United Kingdom,GBR,,,,,,,,27,"Mineral fuels, mineral oils and products of their distillation; bituminous substances; mineral waxes",1,No Quantity,,,,,,,42488,,,0
H4,2016,2016,2016,2,0,1,Import,418,Lao People's Dem. Rep.,LAO,842,USA,USA,,,,,,,,27,"Mineral fuels, mineral oils and products of their distillation; bituminous substances; mineral waxes",1,No Quantity,,,,,,,920,,,0
