Classification,Year,Period,Period Desc.,Aggregate Level,Is Leaf Code,Trade Flow Code,Trade Flow,Reporter Code,Reporter,Reporter ISO,Partner Code,Partner,Partner ISO,2nd Partner Code,2nd Partner,2nd Partner ISO,Customs Proc. Code,Customs,Mode of Transport Code,Mode of Transport,Commodity Code,Commodity,Qty Unit Code,Qty Unit,Qty,Alt Qty Unit Code,Alt Qty Unit,Alt Qty,Netweight (kg),Gross weight (kg),Trade Value (US$),CIF Trade Value (US$),FOB Trade Value (US$),Flag
H2,2017,2017,2017,2,0,1,Import,434,Libya,LBY,0,World,WLD,,,,,,,,27,"Mineral fuels, mineral oils and products of their distillation",1,No Quantity,0,,,,0,,1573407630,,,0
H2,2017,2017,2017,2,0,1,Import,434,Libya,LBY,56,Belgium,BEL,,,,,,,,27,"Mineral fuels, mineral oils and products of their distillation",1,No Quantity,0,,,,0,,1096861,,,0
H2,2017,2017,2017,2,0,1,Import,434,Libya,LBY,100,Bulgaria,BGR,,,,,,,,27,"Mineral fuels, mineral oils and products of their distillation",1,No Quantity,0,,,,0,,97777,,,0
H2,2017,2017,2017,2,0,1,Import,434,Libya,LBY,156,China,CHN,,,,,,,,27,"Mineral fuels, mineral oils and products of their distillation",1,No Quantity,0,,,,0,,123735,,,0
H2,2017,2017,2017,2,0,1,Import,434,Libya,LBY,196,Cyprus,CYP,,,,,,,,27,"Mineral fuels, mineral oils and products of their distillation",1,No Quantity,0,,,,0,,298338000,,,0
H2,2017,2017,2017,2,0,1,Import,434,Libya,LBY,203,Czechia,CZE,,,,,,,,27,"Mineral fuels, mineral oils and products of their distillation",1,No Quantity,0,,,,0,,484,,,0
H2,2017,2017,2017,2,0,1,Import,434,Libya,LBY,233,Estonia,EST,,,,,,,,27,"Mineral fuels, mineral oils and products of their distillation",1,No Quantity,0,,,,0,,31948,,,0
H2,2017,2017,2017,2,0,1,Import,434,Libya,LBY,251,France,FRA,,,,,,,,27,"Mineral fuels, mineral oils and products of their distillation",1,No Quantity,0,,,,0,,72689,,,0
H2,2017,2017,2017,2,0,1,Import,434,Libya,LBY,276,Germany,DEU,,,,,,,,27,"Mineral fuels, mineral oils and products of their distillation",1,No Quantity,0,,,,0,,2423661,,,0
H2,2017,2017,2017,2,0,1,Import,434,Libya,LBY,300,Greece,GRC,,,,,,,,27,"Mineral fuels, mineral oils and products of their distillation",1,No Quantity,0,,,,0,,204148367,,,0
H2,2017,2017,2017,2,0,1,Import,434,Libya,LBY,348,Hungary,HUN,,,,,,,,27,"Mineral fuels, mineral oils and products of their distillation",1,No Quantity,0,,,,0,,20953,,,0
H2,2017,2017,2017,2,0,1,Import,434,Libya,LBY,381,Italy,ITA,,,,,,,,27,"Mineral fuels, mineral oils and products of their distillation",1,No Quantity,0,,,,0,,686591374,,,0
H2,2017,2017,2017,2,0,1,Import,434,Libya,LBY,410,Rep. of Korea,KOR,,,,,,,,27,"Mineral fuels, mineral oils and products of their distillation",1,No Quantity,0,,,,0,,919086,,,0
H2,2017,2017,2017,2,0,1,Import,434,Libya,LBY,422,Lebanon,LBN,,,,,,,,27,"Mineral fuels, mineral oils and products of their distillation",1,No Quantity,0,,,,0,,5000,,,0
H2,2017,2017,2017,2,0,1,Import,434,Libya,LBY,428,Latvia,LVA,,,,,,,,27,"Mineral fuels, mineral oils and products of their distillation",1,No Quantity,0,,,,0,,158284,,,0
H2,2017,2017,2017,2,0,1,Import,434,Libya,LBY,440,Lithuania,LTU,,,,,,,,27,"Mineral fuels, mineral oils and products of their distillation",1,No Quantity,0,,,,0,,3995763,,,0
H2,2017,2017,2017,2,0,1,Import,434,Libya,LBY,458,Malaysia,MYS,,,,,,,,27,"Mineral fuels, mineral oils and products of their distillation",1,No Quantity,0,,,,0,,2358,,,0
H2,2017,2017,2017,2,0,1,Import,434,Libya,LBY,470,Malta,MLT,,,,,,,,27,"Mineral fuels, mineral oils and products of their distillation",1,No Quantity,0,,,,0,,111000,,,0
H2,2017,2017,2017,2,0,1,Import,434,Libya,LBY,512,Oman,OMN,,,,,,,,27,"Mineral fuels, mineral oils and products of their distillation",1,No Quantity,0,,,,0,,800774,,,0
H2,2017,2017,2017,2,0,1,Import,434,Libya,LBY,528,Netherlands,NLD,,,,,,,,27,"Mineral fuels, mineral oils and products of their distillation",1,No Quantity,0,,,,0,,110168494,,,0
H2,2017,2017,2017,2,0,1,Import,434,Libya,LBY,616,Poland,POL,,,,,,,,27,"Mineral fuels, mineral oils and products of their distillation",1,No Quantity,0,,,,0,,102417,,,0
H2,2017,2017,2017,2,0,1,Import,434,Libya,LBY,643,Russian Federation,RUS,,,,,,,,27,"Mineral fuels, mineral oils and products of their distillation",1,No Quantity,0,,,,0,,3990377,,,0
H2,2017,2017,2017,2,0,1,Import,434,Libya,LBY,699,India,IND,,,,,,,,27,"Mineral fuels, mineral oils and products of their distillation",1,No Quantity,0,,,,0,,129056,,,0
H2,2017,2017,2017,2,0,1,Import,434,Libya,LBY,710,South Africa,ZAF,,,,,,,,27,"Mineral fuels, mineral oils and products of their distillation",1,No Quantity,0,,,,0,,149931,,,0
H2,2017,2017,2017,2,0,1,Import,434,Libya,LBY,724,Spain,ESP,,,,,,,,27,"Mineral fuels, mineral oils and products of their distillation",1,No Quantity,0,,,,0,,234871731,,,0
H2,2017,2017,2017,2,0,1,Import,434,Libya,LBY,752,Sweden,SWE,,,,,,,,27,"Mineral fuels, mineral oils and products of their distillation",1,No Quantity,0,,,,0,,1756,,,0
H2,2017,2017,2017,2,0,1,Import,434,Libya,LBY,757,Switzerland,CHE,,,,,,,,27,"Mineral fuels, mineral oils and products of their distillation",1,No Quantity,0,,,,0,,10902,,,0
H2,2017,2017,2017,2,0,1,Import,434,Libya,LBY,784,United Arab Emirates,ARE,,,,,,,,27,"Mineral fuels, mineral oils and products of their distillation",1,No Quantity,0,,,,0,,12458000,,,0
H2,2017,2017,2017,2,0,1,Import,434,Libya,LBY,788,Tunisia,TUN,,,,,,,,27,"Mineral fuels, mineral oils and products of their distillation",1,No Quantity,0,,,,0,,373092,,,0
H2,2017,2017,2017,2,0,1,Import,434,Libya,LBY,792,Turkey,TUR,,,,,,,,27,"Mineral fuels, mineral oils and products of their distillation",1,No Quantity,0,,,,0,,5074760,,,0
H2,2017,2017,2017,2,0,1,Import,434,Libya,LBY,804,Ukraine,UKR,,,,,,,,27,"Mineral fuels, mineral oils and products of their distillation",1,No Quantity,0,,,,0,,1878505,,,0
H2,2017,2017,2017,2,0,1,Import,434,Libya,LBY,818,Egypt,EGY,,,,,,,,27,"Mineral fuels, mineral oils and products of their distillation",1,No Quantity,0,,,,0,,2568858,,,0
H2,2017,2017,2017,2,0,1,Import,434,Libya,LBY,826,United Kingdom,GBR,,,,,,,,27,"Mineral fuels, mineral oils and products of their distillation",1,No Quantity,0,,,,0,,1454965,,,0
H2,2017,2017,2017,2,0,1,Import,434,Libya,LBY,842,USA,USA,,,,,,,,27,"Mineral fuels, mineral oils and products of their distillation",1,No Quantity,0,,,,0,,1236658,,,0
H2,2018,2018,2018,2,0,1,Import,434,Libya,LBY,0,World,WLD,,,,,,,,27,"Mineral fuels, mineral oils and products of their distillation",1,No Quantity,0,,,,0,,2202022979,,,0
H2,2018,2018,2018,2,0,1,Import,434,Libya,LBY,40,Austria,AUT,,,,,,,,27,"Mineral fuels, mineral oils and products of their distillation",1,No Quantity,0,,,,0,,25909,,,0
H2,2018,2018,2018,2,0,1,Import,434,Libya,LBY,56,Belgium,BEL,,,,,,,,27,"Mineral fuels, mineral oils and products of their distillation",1,No Quantity,0,,,,0,,25153577,,,0
H2,2018,2018,2018,2,0,1,Import,434,Libya,LBY,76,Brazil,BRA,,,,,,,,27,"Mineral fuels, mineral oils and products of their distillation",1,No Quantity,0,,,,0,,440301,,,0
H2,2018,2018,2018,2,0,1,Import,434,Libya,LBY,100,Bulgaria,BGR,,,,,,,,27,"Mineral fuels, mineral oils and products of their distillation",1,No Quantity,0,,,,0,,287771,,,0
H2,2018,2018,2018,2,0,1,Import,434,Libya,LBY,112,Belarus,BLR,,,,,,,,27,"Mineral fuels, mineral oils and products of their distillation",1,No Quantity,0,,,,0,,29799,,,0
H2,2018,2018,2018,2,0,1,Import,434,Libya,LBY,124,Canada,CAN,,,,,,,,27,"Mineral fuels, mineral oils and products of their distillation",1,No Quantity,0,,,,0,,146853,,,0
H2,2018,2018,2018,2,0,1,Import,434,Libya,LBY,156,China,CHN,,,,,,,,27,"Mineral fuels, mineral oils and products of their distillation",1,No Quantity,0,,,,0,,278053,,,0
H2,2018,2018,2018,2,0,1,Import,434,Libya,LBY,196,Cyprus,CYP,,,,,,,,27,"Mineral fuels, mineral oils and products of their distillation",1,No Quantity,0,,,,0,,445911439,,,0
H2,2018,2018,2018,2,0,1,Import,434,Libya,LBY,203,Czechia,CZE,,,,,,,,27,"Mineral fuels, mineral oils and products of their distillation",1,No Quantity,0,,,,0,,69320,,,0
H2,2018,2018,2018,2,0,1,Import,434,Libya,LBY,233,Estonia,EST,,,,,,,,27,"Mineral fuels, mineral oils and products of their distillation",1,No Quantity,0,,,,0,,63651,,,0
H2,2018,2018,2018,2,0,1,Import,434,Libya,LBY,251,France,FRA,,,,,,,,27,"Mineral fuels, mineral oils and products of their distillation",1,No Quantity,0,,,,0,,263694,,,0
H2,2018,2018,2018,2,0,1,Import,434,Libya,LBY,276,Germany,DEU,,,,,,,,27,"Mineral fuels, mineral oils and products of their distillation",1,No Quantity,0,,,,0,,6706168,,,0
H2,2018,2018,2018,2,0,1,Import,434,Libya,LBY,300,Greece,GRC,,,,,,,,27,"Mineral fuels, mineral oils and products of their distillation",1,No Quantity,0,,,,0,,410395868,,,0
H2,2018,2018,2018,2,0,1,Import,434,Libya,LBY,381,Italy,ITA,,,,,,,,27,"Mineral fuels, mineral oils and products of their distillation",1,No Quantity,0,,,,0,,752662268,,,0
H2,2018,2018,2018,2,0,1,Import,434,Libya,LBY,392,Japan,JPN,,,,,,,,27,"Mineral fuels, mineral oils and products of their distillation",1,No Quantity,0,,,,0,,121376,,,0
H2,2018,2018,2018,2,0,1,Import,434,Libya,LBY,400,Jordan,JOR,,,,,,,,27,"Mineral fuels, mineral oils and products of their distillation",1,No Quantity,0,,,,0,,25090,,,0
H2,2018,2018,2018,2,0,1,Import,434,Libya,LBY,410,Rep. of Korea,KOR,,,,,,,,27,"Mineral fuels, mineral oils and products of their distillation",1,No Quantity,0,,,,0,,2430455,,,0
H2,2018,2018,2018,2,0,1,Import,434,Libya,LBY,414,Kuwait,KWT,,,,,,,,27,"Mineral fuels, mineral oils and products of their distillation",1,No Quantity,0,,,,0,,34786,,,0
H2,2018,2018,2018,2,0,1,Import,434,Libya,LBY,422,Lebanon,LBN,,,,,,,,27,"Mineral fuels, mineral oils and products of their distillation",1,No Quantity,0,,,,0,,5274,,,0
H2,2018,2018,2018,2,0,1,Import,434,Libya,LBY,428,Latvia,LVA,,,,,,,,27,"Mineral fuels, mineral oils and products of their distillation",1,No Quantity,0,,,,0,,349665,,,0
H2,2018,2018,2018,2,0,1,Import,434,Libya,LBY,440,Lithuania,LTU,,,,,,,,27,"Mineral fuels, mineral oils and products of their distillation",1,No Quantity,0,,,,0,,22350960,,,0
H2,2018,2018,2018,2,0,1,Import,434,Libya,LBY,458,Malaysia,MYS,,,,,,,,27,"Mineral fuels, mineral oils and products of their distillation",1,No Quantity,0,,,,0,,182763,,,0
H2,2018,2018,2018,2,0,1,Import,434,Libya,LBY,470,Malta,MLT,,,,,,,,27,"Mineral fuels, mineral oils and products of their distillation",1,No Quantity,0,,,,0,,106985378,,,0
H2,2018,2018,2018,2,0,1,Import,434,Libya,LBY,512,Oman,OMN,,,,,,,,27,"Mineral fuels, mineral oils and products of their distillation",1,No Quantity,0,,,,0,,1271373,,,0
H2,2018,2018,2018,2,0,1,Import,434,Libya,LBY,528,Netherlands,NLD,,,,,,,,27,"Mineral fuels, mineral oils and products of their distillation",1,No Quantity,0,,,,0,,139451916,,,0
H2,2018,2018,2018,2,0,1,Import,434,Libya,LBY,616,Poland,POL,,,,,,,,27,"Mineral fuels, mineral oils and products of their distillation",1,No Quantity,0,,,,0,,378884,,,0
H2,2018,2018,2018,2,0,1,Import,434,Libya,LBY,642,Romania,ROU,,,,,,,,27,"Mineral fuels, mineral oils and products of their distillation",1,No Quantity,0,,,,0,,36250,,,0
H2,2018,2018,2018,2,0,1,Import,434,Libya,LBY,643,Russian Federation,RUS,,,,,,,,27,"Mineral fuels, mineral oils and products of their distillation",1,No Quantity,0,,,,0,,7746936,,,0
H2,2018,2018,2018,2,0,1,Import,434,Libya,LBY,688,Serbia,SRB,,,,,,,,27,"Mineral fuels, mineral oils and products of their distillation",1,No Quantity,0,,,,0,,493316,,,0
H2,2018,2018,2018,2,0,1,Import,434,Libya,LBY,699,India,IND,,,,,,,,27,"Mineral fuels, mineral oils and products of their distillation",1,No Quantity,0,,,,0,,270674,,,0
H2,2018,2018,2018,2,0,1,Import,434,Libya,LBY,702,Singapore,SGP,,,,,,,,27,"Mineral fuels, mineral oils and products of their distillation",1,No Quantity,0,,,,0,,123876,,,0
H2,2018,2018,2018,2,0,1,Import,434,Libya,LBY,705,Slovenia,SVN,,,,,,,,27,"Mineral fuels, mineral oils and products of their distillation",1,No Quantity,0,,,,0,,38355,,,0
H2,2018,2018,2018,2,0,1,Import,434,Libya,LBY,710,South Africa,ZAF,,,,,,,,27,"Mineral fuels, mineral oils and products of their distillation",1,No Quantity,0,,,,0,,21798,,,0
H2,2018,2018,2018,2,0,1,Import,434,Libya,LBY,724,Spain,ESP,,,,,,,,27,"Mineral fuels, mineral oils and products of their distillation",1,No Quantity,0,,,,0,,227820716,,,0
H2,2018,2018,2018,2,0,1,Import,434,Libya,LBY,752,Sweden,SWE,,,,,,,,27,"Mineral fuels, mineral oils and products of their distillation",1,No Quantity,0,,,,0,,2991,,,0
H2,2018,2018,2018,2,0,1,Import,434,Libya,LBY,784,United Arab Emirates,ARE,,,,,,,,27,"Mineral fuels, mineral oils and products of their distillation",1,No Quantity,0,,,,0,,16404945,,,0
H2,2018,2018,2018,2,0,1,Import,434,Libya,LBY,788,Tunisia,TUN,,,,,,,,27,"Mineral fuels, mineral oils and products of their distillation",1,No Quantity,0,,,,0,,883408,,,0
H2,2018,2018,2018,2,0,1,Import,434,Libya,LBY,792,Turkey,TUR,,,,,,,,27,"Mineral fuels, mineral oils and products of their distillation",1,No Quantity,0,,,,0,,10767118,,,0
H2,2018,2018,2018,2,0,1,Import,434,Libya,LBY,804,Ukraine,UKR,,,,,,,,27,"Mineral fuels, mineral oils and products of their distillation",1,No Quantity,0,,,,0,,4627294,,,0
H2,2018,2018,2018,2,0,1,Import,434,Libya,LBY,807,North Macedonia,MKD,,,,,,,,27,"Mineral fuels, mineral oils and products of their distillation",1,No Quantity,0,,,,0,,3032,,,0
H2,2018,2018,2018,2,0,1,Import,434,Libya,LBY,818,Egypt,EGY,,,,,,,,27,"Mineral fuels, mineral oils and products of their distillation",1,No Quantity,0,,,,0,,6397084,,,0
H2,2018,2018,2018,2,0,1,Import,434,Libya,LBY,826,United Kingdom,GBR,,,,,,,,27,"Mineral fuels, mineral oils and products of their distillation",1,No Quantity,0,,,,0,,7464991,,,0
H2,2018,2018,2018,2,0,1,Import,434,Libya,LBY,842,USA,USA,,,,,,,,27,"Mineral fuels, mineral oils and products of their distillation",1,No Quantity,0,,,,0,,2897584,,,0
H2,2016,2016,2016,2,0,1,Import,434,Libya,LBY,0,World,WLD,,,,,,,,27,"Mineral fuels, mineral oils and products of their distillation",1,No Quantity,0,,,,0,,1094579656,,,4
H2,2016,2016,2016,2,0,1,Import,434,Libya,LBY,56,Belgium,BEL,,,,,,,,27,"Mineral fuels, mineral oils and products of their distillation",1,No Quantity,0,,,,0,,5078300,,,0
H2,2016,2016,2016,2,0,1,Import,434,Libya,LBY,100,Bulgaria,BGR,,,,,,,,27,"Mineral fuels, mineral oils and products of their distillation",1,No Quantity,0,,,,0,,579525,,,0
H2,2016,2016,2016,2,0,1,Import,434,Libya,LBY,156,China,CHN,,,,,,,,27,"Mineral fuels, mineral oils and products of their distillation",1,No Quantity,0,,,,0,,338601,,,0
H2,2016,2016,2016,2,0,1,Import,434,Libya,LBY,196,Cyprus,CYP,,,,,,,,27,"Mineral fuels, mineral oils and products of their distillation",1,No Quantity,0,,,,0,,137631663,,,0
H2,2016,2016,2016,2,0,1,Import,434,Libya,LBY,233,Estonia,EST,,,,,,,,27,"Mineral fuels, mineral oils and products of their distillation",1,No Quantity,0,,,,0,,20855,,,0
H2,2016,2016,2016,2,0,1,Import,434,Libya,LBY,251,France,FRA,,,,,,,,27,"Mineral fuels, mineral oils and products of their distillation",1,No Quantity,0,,,,0,,3997668,,,0
H2,2016,2016,2016,2,0,1,Import,434,Libya,LBY,276,Germany,DEU,,,,,,,,27,"Mineral fuels, mineral oils and products of their distillation",1,No Quantity,0,,,,0,,2993924,,,0
H2,2016,2016,2016,2,0,1,Import,434,Libya,LBY,300,Greece,GRC,,,,,,,,27,"Mineral fuels, mineral oils and products of their distillation",1,No Quantity,0,,,,0,,257833388,,,0
H2,2016,2016,2016,2,0,1,Import,434,Libya,LBY,381,Italy,ITA,,,,,,,,27,"Mineral fuels, mineral oils and products of their distillation",1,No Quantity,0,,,,0,,608173896,,,0
H2,2016,2016,2016,2,0,1,Import,434,Libya,LBY,392,Japan,JPN,,,,,,,,27,"Mineral fuels, mineral oils and products of their distillation",1,No Quantity,0,,,,0,,328785,,,0
H2,2016,2016,2016,2,0,1,Import,434,Libya,LBY,400,Jordan,JOR,,,,,,,,27,"Mineral fuels, mineral oils and products of their distillation",1,No Quantity,0,,,,0,,64438,,,0
H2,2016,2016,2016,2,0,1,Import,434,Libya,LBY,410,Rep. of Korea,KOR,,,,,,,,27,"Mineral fuels, mineral oils and products of their distillation",1,No Quantity,0,,,,0,,1472217,,,0
H2,2016,2016,2016,2,0,1,Import,434,Libya,LBY,428,Latvia,LVA,,,,,,,,27,"Mineral fuels, mineral oils and products of their distillation",1,No Quantity,0,,,,0,,52366,,,0
H2,2016,2016,2016,2,0,1,Import,434,Libya,LBY,440,Lithuania,LTU,,,,,,,,27,"Mineral fuels, mineral oils and products of their distillation",1,No Quantity,0,,,,0,,1296849,,,0
H2,2016,2016,2016,2,0,1,Import,434,Libya,LBY,458,Malaysia,MYS,,,,,,,,27,"Mineral fuels, mineral oils and products of their distillation",1,No Quantity,0,,,,0,,3891,,,0
H2,2016,2016,2016,2,0,1,Import,434,Libya,LBY,470,Malta,MLT,,,,,,,,27,"Mineral fuels, mineral oils and products of their distillation",1,No Quantity,0,,,,0,,38792,,,0
H2,2016,2016,2016,2,0,1,Import,434,Libya,LBY,512,Oman,OMN,,,,,,,,27,"Mineral fuels, mineral oils and products of their distillation",1,No Quantity,0,,,,0,,166183,,,0
H2,2016,2016,2016,2,0,1,Import,434,Libya,LBY,528,Netherlands,NLD,,,,,,,,27,"Mineral fuels, mineral oils and products of their distillation",1,No Quantity,0,,,,0,,26048126,,,0
H2,2016,2016,2016,2,0,1,Import,434,Libya,LBY,616,Poland,POL,,,,,,,,27,"Mineral fuels, mineral oils and products of their distillation",1,No Quantity,0,,,,0,,27279,,,0
H2,2016,2016,2016,2,0,1,Import,434,Libya,LBY,643,Russian Federation,RUS,,,,,,,,27,"Mineral fuels, mineral oils and products of their distillation",1,No Quantity,0,,,,0,,1055875,,,0
H2,2016,2016,2016,2,0,1,Import,434,Libya,LBY,699,India,IND,,,,,,,,27,"Mineral fuels, mineral oils and products of their distillation",1,No Quantity,0,,,,0,,299702,,,0
H2,2016,2016,2016,2,0,1,Import,434,Libya,LBY,705,Slovenia,SVN,,,,,,,,27,"Mineral fuels, mineral oils and products of their distillation",1,No Quantity,0,,,,0,,24000,,,0
H2,2016,2016,2016,2,0,1,Import,434,Libya,LBY,710,South Africa,ZAF,,,,,,,,27,"Mineral fuels, mineral oils and products of their distillation",1,No Quantity,0,,,,0,,87404,,,0
H2,2016,2016,2016,2,0,1,Import,434,Libya,LBY,724,Spain,ESP,,,,,,,,27,"Mineral fuels, mineral oils and products of their distillation",1,No Quantity,0,,,,0,,10144251,,,0
H2,2016,2016,2016,2,0,1,Import,434,Libya,LBY,757,Switzerland,CHE,,,,,,,,27,"Mineral fuels, mineral oils and products of their distillation",1,No Quantity,0,,,,0,,18149,,,0
H2,2016,2016,2016,2,0,1,Import,434,Libya,LBY,784,United Arab Emirates,ARE,,,,,,,,27,"Mineral fuels, mineral oils and products of their distillation",1,No Quantity,0,,,,0,,12625575,,,0
H2,2016,2016,2016,2,0,1,Import,434,Libya,LBY,788,Tunisia,TUN,,,,,,,,27,"Mineral fuels, mineral oils and products of their distillation",1,No Quantity,0,,,,0,,129103,,,0
H2,2016,2016,2016,2,0,1,Import,434,Libya,LBY,792,Turkey,TUR,,,,,,,,27,"Mineral fuels, mineral oils and products of their distillation",1,No Quantity,0,,,,0,,4503920,,,0
H2,2016,2016,2016,2,0,1,Import,434,Libya,LBY,804,Ukraine,UKR,,,,,,,,27,"Mineral fuels, mineral oils and products of their distillation",1,No Quantity,0,,,,0,,103386,,,0
H2,2016,2016,2016,2,0,1,Import,434,Libya,LBY,818,Egypt,EGY,,,,,,,,27,"Mineral fuels, mineral oils and products of their distillation",1,No Quantity,0,,,,0,,2523175,,,4
H2,2016,2016,2016,2,0,1,Import,434,Libya,LBY,826,United Kingdom,GBR,,,,,,,,27,"Mineral fuels, mineral oils and products of their distillation",1,No Quantity,0,,,,0,,230355,,,0
H2,2016,2016,2016,2,0,1,Import,434,Libya,LBY,842,USA,USA,,,,,,,,27,"Mineral fuels, mineral oils and products of their distillation",1,No Quantity,0,,,,0,,16688015,,,0
