Classification,Year,Period,Period Desc.,Aggregate Level,Is Leaf Code,Trade Flow Code,Trade Flow,Reporter Code,Reporter,Reporter ISO,Partner Code,Partner,Partner ISO,2nd Partner Code,2nd Partner,2nd Partner ISO,Customs Proc. Code,Customs,Mode of Transport Code,Mode of Transport,Commodity Code,Commodity,Qty Unit Code,Qty Unit,Qty,Alt Qty Unit Code,Alt Qty Unit,Alt Qty,Netweight (kg),Gross weight (kg),Trade Value (US$),CIF Trade Value (US$),FOB Trade Value (US$),Flag
H5,2017,2017,2017,2,0,1,Import,440,Lithuania,LTU,0,World,WLD,,,,,,,,27,"Mineral fuels, mineral oils and products of their distillation; bituminous substances; mineral waxes",1,No Quantity,0,,,,0,,5838941533,,,4
H5,2017,2017,2017,2,0,1,Import,440,Lithuania,LTU,8,Albania,ALB,,,,,,,,27,"Mineral fuels, mineral oils and products of their distillation; bituminous substances; mineral waxes",1,No Quantity,0,,,,0,,56281,,,0
H5,2017,2017,2017,2,0,1,Import,440,Lithuania,LTU,40,Austria,AUT,,,,,,,,27,"Mineral fuels, mineral oils and products of their distillation; bituminous substances; mineral waxes",1,No Quantity,0,,,,0,,856727,,,0
H5,2017,2017,2017,2,0,1,Import,440,Lithuania,LTU,56,Belgium,BEL,,,,,,,,27,"Mineral fuels, mineral oils and products of their distillation; bituminous substances; mineral waxes",1,No Quantity,0,,,,0,,2581403,,,4
H5,2017,2017,2017,2,0,1,Import,440,Lithuania,LTU,100,Bulgaria,BGR,,,,,,,,27,"Mineral fuels, mineral oils and products of their distillation; bituminous substances; mineral waxes",1,No Quantity,0,,,,0,,781809,,,0
H5,2017,2017,2017,2,0,1,Import,440,Lithuania,LTU,112,Belarus,BLR,,,,,,,,27,"Mineral fuels, mineral oils and products of their distillation; bituminous substances; mineral waxes",1,No Quantity,0,,,,0,,149532897,,,0
H5,2017,2017,2017,2,0,1,Import,440,Lithuania,LTU,124,Canada,CAN,,,,,,,,27,"Mineral fuels, mineral oils and products of their distillation; bituminous substances; mineral waxes",1,No Quantity,0,,,,0,,2553,,,4
H5,2017,2017,2017,2,0,1,Import,440,Lithuania,LTU,156,China,CHN,,,,,,,,27,"Mineral fuels, mineral oils and products of their distillation; bituminous substances; mineral waxes",1,No Quantity,0,,,,0,,862195,,,0
H5,2017,2017,2017,2,0,1,Import,440,Lithuania,LTU,191,Croatia,HRV,,,,,,,,27,"Mineral fuels, mineral oils and products of their distillation; bituminous substances; mineral waxes",1,No Quantity,0,,,,0,,10040,,,0
H5,2017,2017,2017,2,0,1,Import,440,Lithuania,LTU,196,Cyprus,CYP,,,,,,,,27,"Mineral fuels, mineral oils and products of their distillation; bituminous substances; mineral waxes",1,No Quantity,0,,,,0,,60,,,0
H5,2017,2017,2017,2,0,1,Import,440,Lithuania,LTU,203,Czechia,CZE,,,,,,,,27,"Mineral fuels, mineral oils and products of their distillation; bituminous substances; mineral waxes",1,No Quantity,0,,,,0,,466183,,,4
H5,2017,2017,2017,2,0,1,Import,440,Lithuania,LTU,208,Denmark,DNK,,,,,,,,27,"Mineral fuels, mineral oils and products of their distillation; bituminous substances; mineral waxes",1,No Quantity,0,,,,0,,1650589,,,0
H5,2017,2017,2017,2,0,1,Import,440,Lithuania,LTU,233,Estonia,EST,,,,,,,,27,"Mineral fuels, mineral oils and products of their distillation; bituminous substances; mineral waxes",1,No Quantity,0,,,,0,,54042340,,,0
H5,2017,2017,2017,2,0,1,Import,440,Lithuania,LTU,246,Finland,FIN,,,,,,,,27,"Mineral fuels, mineral oils and products of their distillation; bituminous substances; mineral waxes",1,No Quantity,0,,,,0,,209825502,,,0
H5,2017,2017,2017,2,0,1,Import,440,Lithuania,LTU,251,France,FRA,,,,,,,,27,"Mineral fuels, mineral oils and products of their distillation; bituminous substances; mineral waxes",1,No Quantity,0,,,,0,,6150267,,,4
H5,2017,2017,2017,2,0,1,Import,440,Lithuania,LTU,276,Germany,DEU,,,,,,,,27,"Mineral fuels, mineral oils and products of their distillation; bituminous substances; mineral waxes",1,No Quantity,0,,,,0,,21813184,,,4
H5,2017,2017,2017,2,0,1,Import,440,Lithuania,LTU,300,Greece,GRC,,,,,,,,27,"Mineral fuels, mineral oils and products of their distillation; bituminous substances; mineral waxes",1,No Quantity,0,,,,0,,515,,,0
H5,2017,2017,2017,2,0,1,Import,440,Lithuania,LTU,348,Hungary,HUN,,,,,,,,27,"Mineral fuels, mineral oils and products of their distillation; bituminous substances; mineral waxes",1,No Quantity,0,,,,0,,808367,,,0
H5,2017,2017,2017,2,0,1,Import,440,Lithuania,LTU,372,Ireland,IRL,,,,,,,,27,"Mineral fuels, mineral oils and products of their distillation; bituminous substances; mineral waxes",1,No Quantity,0,,,,0,,32014,,,0
H5,2017,2017,2017,2,0,1,Import,440,Lithuania,LTU,381,Italy,ITA,,,,,,,,27,"Mineral fuels, mineral oils and products of their distillation; bituminous substances; mineral waxes",1,No Quantity,0,,,,0,,721535,,,0
H5,2017,2017,2017,2,0,1,Import,440,Lithuania,LTU,392,Japan,JPN,,,,,,,,27,"Mineral fuels, mineral oils and products of their distillation; bituminous substances; mineral waxes",1,No Quantity,0,,,,0,,48,,,0
H5,2017,2017,2017,2,0,1,Import,440,Lithuania,LTU,398,Kazakhstan,KAZ,,,,,,,,27,"Mineral fuels, mineral oils and products of their distillation; bituminous substances; mineral waxes",1,No Quantity,0,,,,0,,983089516,,,0
H5,2017,2017,2017,2,0,1,Import,440,Lithuania,LTU,428,Latvia,LVA,,,,,,,,27,"Mineral fuels, mineral oils and products of their distillation; bituminous substances; mineral waxes",1,No Quantity,0,,,,0,,222995492,,,0
H5,2017,2017,2017,2,0,1,Import,440,Lithuania,LTU,442,Luxembourg,LUX,,,,,,,,27,"Mineral fuels, mineral oils and products of their distillation; bituminous substances; mineral waxes",1,No Quantity,0,,,,0,,1892,,,0
H5,2017,2017,2017,2,0,1,Import,440,Lithuania,LTU,528,Netherlands,NLD,,,,,,,,27,"Mineral fuels, mineral oils and products of their distillation; bituminous substances; mineral waxes",1,No Quantity,0,,,,0,,20767706,,,0
H5,2017,2017,2017,2,0,1,Import,440,Lithuania,LTU,566,Nigeria,NGA,,,,,,,,27,"Mineral fuels, mineral oils and products of their distillation; bituminous substances; mineral waxes",1,No Quantity,0,,,,0,,16638611,,,0
H5,2017,2017,2017,2,0,1,Import,440,Lithuania,LTU,579,Norway,NOR,,,,,,,,27,"Mineral fuels, mineral oils and products of their distillation; bituminous substances; mineral waxes",1,No Quantity,0,,,,0,,321746288,,,0
H5,2017,2017,2017,2,0,1,Import,440,Lithuania,LTU,616,Poland,POL,,,,,,,,27,"Mineral fuels, mineral oils and products of their distillation; bituminous substances; mineral waxes",1,No Quantity,0,,,,0,,59342808,,,4
H5,2017,2017,2017,2,0,1,Import,440,Lithuania,LTU,620,Portugal,PRT,,,,,,,,27,"Mineral fuels, mineral oils and products of their distillation; bituminous substances; mineral waxes",1,No Quantity,0,,,,0,,3,,,0
H5,2017,2017,2017,2,0,1,Import,440,Lithuania,LTU,642,Romania,ROU,,,,,,,,27,"Mineral fuels, mineral oils and products of their distillation; bituminous substances; mineral waxes",1,No Quantity,0,,,,0,,2187,,,0
H5,2017,2017,2017,2,0,1,Import,440,Lithuania,LTU,643,Russian Federation,RUS,,,,,,,,27,"Mineral fuels, mineral oils and products of their distillation; bituminous substances; mineral waxes",1,No Quantity,0,,,,0,,3126962616,,,0
H5,2017,2017,2017,2,0,1,Import,440,Lithuania,LTU,682,Saudi Arabia,SAU,,,,,,,,27,"Mineral fuels, mineral oils and products of their distillation; bituminous substances; mineral waxes",1,No Quantity,0,,,,0,,242247937,,,0
H5,2017,2017,2017,2,0,1,Import,440,Lithuania,LTU,702,Singapore,SGP,,,,,,,,27,"Mineral fuels, mineral oils and products of their distillation; bituminous substances; mineral waxes",1,No Quantity,0,,,,0,,92,,,0
H5,2017,2017,2017,2,0,1,Import,440,Lithuania,LTU,703,Slovakia,SVK,,,,,,,,27,"Mineral fuels, mineral oils and products of their distillation; bituminous substances; mineral waxes",1,No Quantity,0,,,,0,,458224,,,0
H5,2017,2017,2017,2,0,1,Import,440,Lithuania,LTU,705,Slovenia,SVN,,,,,,,,27,"Mineral fuels, mineral oils and products of their distillation; bituminous substances; mineral waxes",1,No Quantity,0,,,,0,,77582,,,0
H5,2017,2017,2017,2,0,1,Import,440,Lithuania,LTU,724,Spain,ESP,,,,,,,,27,"Mineral fuels, mineral oils and products of their distillation; bituminous substances; mineral waxes",1,No Quantity,0,,,,0,,526401,,,0
H5,2017,2017,2017,2,0,1,Import,440,Lithuania,LTU,752,Sweden,SWE,,,,,,,,27,"Mineral fuels, mineral oils and products of their distillation; bituminous substances; mineral waxes",1,No Quantity,0,,,,0,,143662290,,,0
H5,2017,2017,2017,2,0,1,Import,440,Lithuania,LTU,757,Switzerland,CHE,,,,,,,,27,"Mineral fuels, mineral oils and products of their distillation; bituminous substances; mineral waxes",1,No Quantity,0,,,,0,,110564,,,0
H5,2017,2017,2017,2,0,1,Import,440,Lithuania,LTU,780,Trinidad and Tobago,TTO,,,,,,,,27,"Mineral fuels, mineral oils and products of their distillation; bituminous substances; mineral waxes",1,No Quantity,0,,,,0,,15552328,,,0
H5,2017,2017,2017,2,0,1,Import,440,Lithuania,LTU,792,Turkey,TUR,,,,,,,,27,"Mineral fuels, mineral oils and products of their distillation; bituminous substances; mineral waxes",1,No Quantity,0,,,,0,,4363,,,0
H5,2017,2017,2017,2,0,1,Import,440,Lithuania,LTU,804,Ukraine,UKR,,,,,,,,27,"Mineral fuels, mineral oils and products of their distillation; bituminous substances; mineral waxes",1,No Quantity,0,,,,0,,3454649,,,0
H5,2017,2017,2017,2,0,1,Import,440,Lithuania,LTU,826,United Kingdom,GBR,,,,,,,,27,"Mineral fuels, mineral oils and products of their distillation; bituminous substances; mineral waxes",1,No Quantity,0,,,,0,,192593827,,,0
H5,2017,2017,2017,2,0,1,Import,440,Lithuania,LTU,842,USA,USA,,,,,,,,27,"Mineral fuels, mineral oils and products of their distillation; bituminous substances; mineral waxes",1,No Quantity,0,,,,0,,36613830,,,4
H5,2017,2017,2017,2,0,1,Import,440,Lithuania,LTU,860,Uzbekistan,UZB,,,,,,,,27,"Mineral fuels, mineral oils and products of their distillation; bituminous substances; mineral waxes",1,No Quantity,0,,,,0,,1897818,,,0
H5,2018,2018,2018,2,0,1,Import,440,Lithuania,LTU,0,World,WLD,,,,,,,,27,"Mineral fuels, mineral oils and products of their distillation; bituminous substances; mineral waxes",1,No Quantity,0,,,,0,,7154129964,,,4
H5,2018,2018,2018,2,0,1,Import,440,Lithuania,LTU,8,Albania,ALB,,,,,,,,27,"Mineral fuels, mineral oils and products of their distillation; bituminous substances; mineral waxes",1,No Quantity,0,,,,0,,34621,,,0
H5,2018,2018,2018,2,0,1,Import,440,Lithuania,LTU,40,Austria,AUT,,,,,,,,27,"Mineral fuels, mineral oils and products of their distillation; bituminous substances; mineral waxes",1,No Quantity,0,,,,0,,544251,,,4
H5,2018,2018,2018,2,0,1,Import,440,Lithuania,LTU,56,Belgium,BEL,,,,,,,,27,"Mineral fuels, mineral oils and products of their distillation; bituminous substances; mineral waxes",1,No Quantity,0,,,,0,,2765629,,,0
H5,2018,2018,2018,2,0,1,Import,440,Lithuania,LTU,100,Bulgaria,BGR,,,,,,,,27,"Mineral fuels, mineral oils and products of their distillation; bituminous substances; mineral waxes",1,No Quantity,0,,,,0,,2000,,,0
H5,2018,2018,2018,2,0,1,Import,440,Lithuania,LTU,112,Belarus,BLR,,,,,,,,27,"Mineral fuels, mineral oils and products of their distillation; bituminous substances; mineral waxes",1,No Quantity,0,,,,0,,168710172,,,0
H5,2018,2018,2018,2,0,1,Import,440,Lithuania,LTU,124,Canada,CAN,,,,,,,,27,"Mineral fuels, mineral oils and products of their distillation; bituminous substances; mineral waxes",1,No Quantity,0,,,,0,,30890,,,4
H5,2018,2018,2018,2,0,1,Import,440,Lithuania,LTU,156,China,CHN,,,,,,,,27,"Mineral fuels, mineral oils and products of their distillation; bituminous substances; mineral waxes",1,No Quantity,0,,,,0,,1415405,,,0
H5,2018,2018,2018,2,0,1,Import,440,Lithuania,LTU,191,Croatia,HRV,,,,,,,,27,"Mineral fuels, mineral oils and products of their distillation; bituminous substances; mineral waxes",1,No Quantity,0,,,,0,,127,,,0
H5,2018,2018,2018,2,0,1,Import,440,Lithuania,LTU,203,Czechia,CZE,,,,,,,,27,"Mineral fuels, mineral oils and products of their distillation; bituminous substances; mineral waxes",1,No Quantity,0,,,,0,,485222,,,4
H5,2018,2018,2018,2,0,1,Import,440,Lithuania,LTU,208,Denmark,DNK,,,,,,,,27,"Mineral fuels, mineral oils and products of their distillation; bituminous substances; mineral waxes",1,No Quantity,0,,,,0,,147588,,,0
H5,2018,2018,2018,2,0,1,Import,440,Lithuania,LTU,233,Estonia,EST,,,,,,,,27,"Mineral fuels, mineral oils and products of their distillation; bituminous substances; mineral waxes",1,No Quantity,0,,,,0,,15537137,,,4
H5,2018,2018,2018,2,0,1,Import,440,Lithuania,LTU,246,Finland,FIN,,,,,,,,27,"Mineral fuels, mineral oils and products of their distillation; bituminous substances; mineral waxes",1,No Quantity,0,,,,0,,229513417,,,4
H5,2018,2018,2018,2,0,1,Import,440,Lithuania,LTU,251,France,FRA,,,,,,,,27,"Mineral fuels, mineral oils and products of their distillation; bituminous substances; mineral waxes",1,No Quantity,0,,,,0,,7087262,,,4
H5,2018,2018,2018,2,0,1,Import,440,Lithuania,LTU,276,Germany,DEU,,,,,,,,27,"Mineral fuels, mineral oils and products of their distillation; bituminous substances; mineral waxes",1,No Quantity,0,,,,0,,20738266,,,4
H5,2018,2018,2018,2,0,1,Import,440,Lithuania,LTU,348,Hungary,HUN,,,,,,,,27,"Mineral fuels, mineral oils and products of their distillation; bituminous substances; mineral waxes",1,No Quantity,0,,,,0,,953899,,,0
H5,2018,2018,2018,2,0,1,Import,440,Lithuania,LTU,364,Iran,IRN,,,,,,,,27,"Mineral fuels, mineral oils and products of their distillation; bituminous substances; mineral waxes",1,No Quantity,0,,,,0,,14216,,,0
H5,2018,2018,2018,2,0,1,Import,440,Lithuania,LTU,372,Ireland,IRL,,,,,,,,27,"Mineral fuels, mineral oils and products of their distillation; bituminous substances; mineral waxes",1,No Quantity,0,,,,0,,34199,,,0
H5,2018,2018,2018,2,0,1,Import,440,Lithuania,LTU,381,Italy,ITA,,,,,,,,27,"Mineral fuels, mineral oils and products of their distillation; bituminous substances; mineral waxes",1,No Quantity,0,,,,0,,834434,,,0
H5,2018,2018,2018,2,0,1,Import,440,Lithuania,LTU,398,Kazakhstan,KAZ,,,,,,,,27,"Mineral fuels, mineral oils and products of their distillation; bituminous substances; mineral waxes",1,No Quantity,0,,,,0,,945474874,,,0
H5,2018,2018,2018,2,0,1,Import,440,Lithuania,LTU,428,Latvia,LVA,,,,,,,,27,"Mineral fuels, mineral oils and products of their distillation; bituminous substances; mineral waxes",1,No Quantity,0,,,,0,,341454926,,,4
H5,2018,2018,2018,2,0,1,Import,440,Lithuania,LTU,442,Luxembourg,LUX,,,,,,,,27,"Mineral fuels, mineral oils and products of their distillation; bituminous substances; mineral waxes",1,No Quantity,0,,,,0,,1581,,,0
H5,2018,2018,2018,2,0,1,Import,440,Lithuania,LTU,490,"Other Asia, nes",,,,,,,,,27,"Mineral fuels, mineral oils and products of their distillation; bituminous substances; mineral waxes",1,No Quantity,0,,,,0,,41,,,0
H5,2018,2018,2018,2,0,1,Import,440,Lithuania,LTU,528,Netherlands,NLD,,,,,,,,27,"Mineral fuels, mineral oils and products of their distillation; bituminous substances; mineral waxes",1,No Quantity,0,,,,0,,15827481,,,4
H5,2018,2018,2018,2,0,1,Import,440,Lithuania,LTU,579,Norway,NOR,,,,,,,,27,"Mineral fuels, mineral oils and products of their distillation; bituminous substances; mineral waxes",1,No Quantity,0,,,,0,,321201081,,,0
H5,2018,2018,2018,2,0,1,Import,440,Lithuania,LTU,616,Poland,POL,,,,,,,,27,"Mineral fuels, mineral oils and products of their distillation; bituminous substances; mineral waxes",1,No Quantity,0,,,,0,,140415803,,,4
H5,2018,2018,2018,2,0,1,Import,440,Lithuania,LTU,642,Romania,ROU,,,,,,,,27,"Mineral fuels, mineral oils and products of their distillation; bituminous substances; mineral waxes",1,No Quantity,0,,,,0,,1676,,,0
H5,2018,2018,2018,2,0,1,Import,440,Lithuania,LTU,643,Russian Federation,RUS,,,,,,,,27,"Mineral fuels, mineral oils and products of their distillation; bituminous substances; mineral waxes",1,No Quantity,0,,,,0,,4027228949,,,0
H5,2018,2018,2018,2,0,1,Import,440,Lithuania,LTU,660,Anguilla,AIA,,,,,,,,27,"Mineral fuels, mineral oils and products of their distillation; bituminous substances; mineral waxes",1,No Quantity,0,,,,0,,23035,,,0
H5,2018,2018,2018,2,0,1,Import,440,Lithuania,LTU,682,Saudi Arabia,SAU,,,,,,,,27,"Mineral fuels, mineral oils and products of their distillation; bituminous substances; mineral waxes",1,No Quantity,0,,,,0,,580698571,,,0
H5,2018,2018,2018,2,0,1,Import,440,Lithuania,LTU,699,India,IND,,,,,,,,27,"Mineral fuels, mineral oils and products of their distillation; bituminous substances; mineral waxes",1,No Quantity,0,,,,0,,1489,,,0
H5,2018,2018,2018,2,0,1,Import,440,Lithuania,LTU,703,Slovakia,SVK,,,,,,,,27,"Mineral fuels, mineral oils and products of their distillation; bituminous substances; mineral waxes",1,No Quantity,0,,,,0,,501479,,,0
H5,2018,2018,2018,2,0,1,Import,440,Lithuania,LTU,705,Slovenia,SVN,,,,,,,,27,"Mineral fuels, mineral oils and products of their distillation; bituminous substances; mineral waxes",1,No Quantity,0,,,,0,,101017,,,0
H5,2018,2018,2018,2,0,1,Import,440,Lithuania,LTU,724,Spain,ESP,,,,,,,,27,"Mineral fuels, mineral oils and products of their distillation; bituminous substances; mineral waxes",1,No Quantity,0,,,,0,,883225,,,4
H5,2018,2018,2018,2,0,1,Import,440,Lithuania,LTU,752,Sweden,SWE,,,,,,,,27,"Mineral fuels, mineral oils and products of their distillation; bituminous substances; mineral waxes",1,No Quantity,0,,,,0,,174377995,,,4
H5,2018,2018,2018,2,0,1,Import,440,Lithuania,LTU,757,Switzerland,CHE,,,,,,,,27,"Mineral fuels, mineral oils and products of their distillation; bituminous substances; mineral waxes",1,No Quantity,0,,,,0,,142970,,,0
H5,2018,2018,2018,2,0,1,Import,440,Lithuania,LTU,764,Thailand,THA,,,,,,,,27,"Mineral fuels, mineral oils and products of their distillation; bituminous substances; mineral waxes",1,No Quantity,0,,,,0,,43,,,0
H5,2018,2018,2018,2,0,1,Import,440,Lithuania,LTU,792,Turkey,TUR,,,,,,,,27,"Mineral fuels, mineral oils and products of their distillation; bituminous substances; mineral waxes",1,No Quantity,0,,,,0,,4315,,,0
H5,2018,2018,2018,2,0,1,Import,440,Lithuania,LTU,804,Ukraine,UKR,,,,,,,,27,"Mineral fuels, mineral oils and products of their distillation; bituminous substances; mineral waxes",1,No Quantity,0,,,,0,,574031,,,0
H5,2018,2018,2018,2,0,1,Import,440,Lithuania,LTU,826,United Kingdom,GBR,,,,,,,,27,"Mineral fuels, mineral oils and products of their distillation; bituminous substances; mineral waxes",1,No Quantity,0,,,,0,,154086045,,,0
H5,2018,2018,2018,2,0,1,Import,440,Lithuania,LTU,842,USA,USA,,,,,,,,27,"Mineral fuels, mineral oils and products of their distillation; bituminous substances; mineral waxes",1,No Quantity,0,,,,0,,204489,,,4
H5,2018,2018,2018,2,0,1,Import,440,Lithuania,LTU,860,Uzbekistan,UZB,,,,,,,,27,"Mineral fuels, mineral oils and products of their distillation; bituminous substances; mineral waxes",1,No Quantity,0,,,,0,,754186,,,0
H5,2018,2018,2018,2,0,1,Import,440,Lithuania,LTU,862,Venezuela,VEN,,,,,,,,27,"Mineral fuels, mineral oils and products of their distillation; bituminous substances; mineral waxes",1,No Quantity,0,,,,0,,1321927,,,0
H5,2019,2019,2019,2,0,1,Import,440,Lithuania,LTU,0,World,WLD,,,,,,,,27,"Mineral fuels, mineral oils and products of their distillation; bituminous substances; mineral waxes",1,No Quantity,0,,,,0,,6484264457,,,4
H5,2019,2019,2019,2,0,1,Import,440,Lithuania,LTU,36,Australia,AUS,,,,,,,,27,"Mineral fuels, mineral oils and products of their distillation; bituminous substances; mineral waxes",1,No Quantity,0,,,,0,,1016,,,0
H5,2019,2019,2019,2,0,1,Import,440,Lithuania,LTU,40,Austria,AUT,,,,,,,,27,"Mineral fuels, mineral oils and products of their distillation; bituminous substances; mineral waxes",1,No Quantity,0,,,,0,,690636,,,0
H5,2019,2019,2019,2,0,1,Import,440,Lithuania,LTU,56,Belgium,BEL,,,,,,,,27,"Mineral fuels, mineral oils and products of their distillation; bituminous substances; mineral waxes",1,No Quantity,0,,,,0,,9811057,,,0
H5,2019,2019,2019,2,0,1,Import,440,Lithuania,LTU,100,Bulgaria,BGR,,,,,,,,27,"Mineral fuels, mineral oils and products of their distillation; bituminous substances; mineral waxes",1,No Quantity,0,,,,0,,973,,,0
H5,2019,2019,2019,2,0,1,Import,440,Lithuania,LTU,112,Belarus,BLR,,,,,,,,27,"Mineral fuels, mineral oils and products of their distillation; bituminous substances; mineral waxes",1,No Quantity,0,,,,0,,134718007,,,0
H5,2019,2019,2019,2,0,1,Import,440,Lithuania,LTU,124,Canada,CAN,,,,,,,,27,"Mineral fuels, mineral oils and products of their distillation; bituminous substances; mineral waxes",1,No Quantity,0,,,,0,,656,,,0
H5,2019,2019,2019,2,0,1,Import,440,Lithuania,LTU,156,China,CHN,,,,,,,,27,"Mineral fuels, mineral oils and products of their distillation; bituminous substances; mineral waxes",1,No Quantity,0,,,,0,,366132,,,0
H5,2019,2019,2019,2,0,1,Import,440,Lithuania,LTU,191,Croatia,HRV,,,,,,,,27,"Mineral fuels, mineral oils and products of their distillation; bituminous substances; mineral waxes",1,No Quantity,0,,,,0,,2745,,,0
H5,2019,2019,2019,2,0,1,Import,440,Lithuania,LTU,203,Czechia,CZE,,,,,,,,27,"Mineral fuels, mineral oils and products of their distillation; bituminous substances; mineral waxes",1,No Quantity,0,,,,0,,5419301,,,4
H5,2019,2019,2019,2,0,1,Import,440,Lithuania,LTU,208,Denmark,DNK,,,,,,,,27,"Mineral fuels, mineral oils and products of their distillation; bituminous substances; mineral waxes",1,No Quantity,0,,,,0,,57001,,,4
H5,2019,2019,2019,2,0,1,Import,440,Lithuania,LTU,233,Estonia,EST,,,,,,,,27,"Mineral fuels, mineral oils and products of their distillation; bituminous substances; mineral waxes",1,No Quantity,0,,,,0,,10894107,,,0
H5,2019,2019,2019,2,0,1,Import,440,Lithuania,LTU,246,Finland,FIN,,,,,,,,27,"Mineral fuels, mineral oils and products of their distillation; bituminous substances; mineral waxes",1,No Quantity,0,,,,0,,183757923,,,4
H5,2019,2019,2019,2,0,1,Import,440,Lithuania,LTU,251,France,FRA,,,,,,,,27,"Mineral fuels, mineral oils and products of their distillation; bituminous substances; mineral waxes",1,No Quantity,0,,,,0,,1391622,,,0
H5,2019,2019,2019,2,0,1,Import,440,Lithuania,LTU,276,Germany,DEU,,,,,,,,27,"Mineral fuels, mineral oils and products of their distillation; bituminous substances; mineral waxes",1,No Quantity,0,,,,0,,17158882,,,4
H5,2019,2019,2019,2,0,1,Import,440,Lithuania,LTU,300,Greece,GRC,,,,,,,,27,"Mineral fuels, mineral oils and products of their distillation; bituminous substances; mineral waxes",1,No Quantity,0,,,,0,,12356,,,0
H5,2019,2019,2019,2,0,1,Import,440,Lithuania,LTU,348,Hungary,HUN,,,,,,,,27,"Mineral fuels, mineral oils and products of their distillation; bituminous substances; mineral waxes",1,No Quantity,0,,,,0,,539344,,,0
H5,2019,2019,2019,2,0,1,Import,440,Lithuania,LTU,372,Ireland,IRL,,,,,,,,27,"Mineral fuels, mineral oils and products of their distillation; bituminous substances; mineral waxes",1,No Quantity,0,,,,0,,19693,,,0
H5,2019,2019,2019,2,0,1,Import,440,Lithuania,LTU,381,Italy,ITA,,,,,,,,27,"Mineral fuels, mineral oils and products of their distillation; bituminous substances; mineral waxes",1,No Quantity,0,,,,0,,1630818,,,0
H5,2019,2019,2019,2,0,1,Import,440,Lithuania,LTU,392,Japan,JPN,,,,,,,,27,"Mineral fuels, mineral oils and products of their distillation; bituminous substances; mineral waxes",1,No Quantity,0,,,,0,,59050,,,0
H5,2019,2019,2019,2,0,1,Import,440,Lithuania,LTU,398,Kazakhstan,KAZ,,,,,,,,27,"Mineral fuels, mineral oils and products of their distillation; bituminous substances; mineral waxes",1,No Quantity,0,,,,0,,741438613,,,0
H5,2019,2019,2019,2,0,1,Import,440,Lithuania,LTU,428,Latvia,LVA,,,,,,,,27,"Mineral fuels, mineral oils and products of their distillation; bituminous substances; mineral waxes",1,No Quantity,0,,,,0,,238085543,,,4
H5,2019,2019,2019,2,0,1,Import,440,Lithuania,LTU,442,Luxembourg,LUX,,,,,,,,27,"Mineral fuels, mineral oils and products of their distillation; bituminous substances; mineral waxes",1,No Quantity,0,,,,0,,130019,,,0
H5,2019,2019,2019,2,0,1,Import,440,Lithuania,LTU,458,Malaysia,MYS,,,,,,,,27,"Mineral fuels, mineral oils and products of their distillation; bituminous substances; mineral waxes",1,No Quantity,0,,,,0,,20906,,,0
H5,2019,2019,2019,2,0,1,Import,440,Lithuania,LTU,528,Netherlands,NLD,,,,,,,,27,"Mineral fuels, mineral oils and products of their distillation; bituminous substances; mineral waxes",1,No Quantity,0,,,,0,,23692313,,,4
H5,2019,2019,2019,2,0,1,Import,440,Lithuania,LTU,579,Norway,NOR,,,,,,,,27,"Mineral fuels, mineral oils and products of their distillation; bituminous substances; mineral waxes",1,No Quantity,0,,,,0,,291637464,,,0
H5,2019,2019,2019,2,0,1,Import,440,Lithuania,LTU,616,Poland,POL,,,,,,,,27,"Mineral fuels, mineral oils and products of their distillation; bituminous substances; mineral waxes",1,No Quantity,0,,,,0,,90510045,,,4
H5,2019,2019,2019,2,0,1,Import,440,Lithuania,LTU,642,Romania,ROU,,,,,,,,27,"Mineral fuels, mineral oils and products of their distillation; bituminous substances; mineral waxes",1,No Quantity,0,,,,0,,4249,,,0
H5,2019,2019,2019,2,0,1,Import,440,Lithuania,LTU,643,Russian Federation,RUS,,,,,,,,27,"Mineral fuels, mineral oils and products of their distillation; bituminous substances; mineral waxes",1,No Quantity,0,,,,0,,4100311650,,,0
H5,2019,2019,2019,2,0,1,Import,440,Lithuania,LTU,682,Saudi Arabia,SAU,,,,,,,,27,"Mineral fuels, mineral oils and products of their distillation; bituminous substances; mineral waxes",1,No Quantity,0,,,,0,,280400328,,,0
H5,2019,2019,2019,2,0,1,Import,440,Lithuania,LTU,703,Slovakia,SVK,,,,,,,,27,"Mineral fuels, mineral oils and products of their distillation; bituminous substances; mineral waxes",1,No Quantity,0,,,,0,,351133,,,0
H5,2019,2019,2019,2,0,1,Import,440,Lithuania,LTU,705,Slovenia,SVN,,,,,,,,27,"Mineral fuels, mineral oils and products of their distillation; bituminous substances; mineral waxes",1,No Quantity,0,,,,0,,477490,,,0
H5,2019,2019,2019,2,0,1,Import,440,Lithuania,LTU,724,Spain,ESP,,,,,,,,27,"Mineral fuels, mineral oils and products of their distillation; bituminous substances; mineral waxes",1,No Quantity,0,,,,0,,1138195,,,0
H5,2019,2019,2019,2,0,1,Import,440,Lithuania,LTU,752,Sweden,SWE,,,,,,,,27,"Mineral fuels, mineral oils and products of their distillation; bituminous substances; mineral waxes",1,No Quantity,0,,,,0,,187911601,,,0
H5,2019,2019,2019,2,0,1,Import,440,Lithuania,LTU,757,Switzerland,CHE,,,,,,,,27,"Mineral fuels, mineral oils and products of their distillation; bituminous substances; mineral waxes",1,No Quantity,0,,,,0,,126162,,,4
H5,2019,2019,2019,2,0,1,Import,440,Lithuania,LTU,764,Thailand,THA,,,,,,,,27,"Mineral fuels, mineral oils and products of their distillation; bituminous substances; mineral waxes",1,No Quantity,0,,,,0,,11033,,,0
H5,2019,2019,2019,2,0,1,Import,440,Lithuania,LTU,784,United Arab Emirates,ARE,,,,,,,,27,"Mineral fuels, mineral oils and products of their distillation; bituminous substances; mineral waxes",1,No Quantity,0,,,,0,,82718,,,0
H5,2019,2019,2019,2,0,1,Import,440,Lithuania,LTU,792,Turkey,TUR,,,,,,,,27,"Mineral fuels, mineral oils and products of their distillation; bituminous substances; mineral waxes",1,No Quantity,0,,,,0,,23829,,,0
H5,2019,2019,2019,2,0,1,Import,440,Lithuania,LTU,804,Ukraine,UKR,,,,,,,,27,"Mineral fuels, mineral oils and products of their distillation; bituminous substances; mineral waxes",1,No Quantity,0,,,,0,,559311,,,0
H5,2019,2019,2019,2,0,1,Import,440,Lithuania,LTU,826,United Kingdom,GBR,,,,,,,,27,"Mineral fuels, mineral oils and products of their distillation; bituminous substances; mineral waxes",1,No Quantity,0,,,,0,,103948646,,,4
H5,2019,2019,2019,2,0,1,Import,440,Lithuania,LTU,842,USA,USA,,,,,,,,27,"Mineral fuels, mineral oils and products of their distillation; bituminous substances; mineral waxes",1,No Quantity,0,,,,0,,56865825,,,4
H5,2019,2019,2019,2,0,1,Import,440,Lithuania,LTU,899,"Areas, nes",,,,,,,,,27,"Mineral fuels, mineral oils and products of their distillation; bituminous substances; mineral waxes",1,No Quantity,0,,,,0,,6065,,,0
H5,2020,2020,2020,2,0,1,Import,440,Lithuania,LTU,0,World,WLD,,,,,,,,27,"Mineral fuels, mineral oils and products of their distillation; bituminous substances; mineral waxes",1,No Quantity,0,,,,0,,3753161016,,,4
H5,2020,2020,2020,2,0,1,Import,440,Lithuania,LTU,36,Australia,AUS,,,,,,,,27,"Mineral fuels, mineral oils and products of their distillation; bituminous substances; mineral waxes",1,No Quantity,0,,,,0,,2640,,,0
H5,2020,2020,2020,2,0,1,Import,440,Lithuania,LTU,40,Austria,AUT,,,,,,,,27,"Mineral fuels, mineral oils and products of their distillation; bituminous substances; mineral waxes",1,No Quantity,0,,,,0,,822432,,,0
H5,2020,2020,2020,2,0,1,Import,440,Lithuania,LTU,56,Belgium,BEL,,,,,,,,27,"Mineral fuels, mineral oils and products of their distillation; bituminous substances; mineral waxes",1,No Quantity,0,,,,0,,3863650,,,0
H5,2020,2020,2020,2,0,1,Import,440,Lithuania,LTU,100,Bulgaria,BGR,,,,,,,,27,"Mineral fuels, mineral oils and products of their distillation; bituminous substances; mineral waxes",1,No Quantity,0,,,,0,,1557,,,0
H5,2020,2020,2020,2,0,1,Import,440,Lithuania,LTU,112,Belarus,BLR,,,,,,,,27,"Mineral fuels, mineral oils and products of their distillation; bituminous substances; mineral waxes",1,No Quantity,0,,,,0,,139921099,,,0
H5,2020,2020,2020,2,0,1,Import,440,Lithuania,LTU,124,Canada,CAN,,,,,,,,27,"Mineral fuels, mineral oils and products of their distillation; bituminous substances; mineral waxes",1,No Quantity,0,,,,0,,2685,,,4
H5,2020,2020,2020,2,0,1,Import,440,Lithuania,LTU,156,China,CHN,,,,,,,,27,"Mineral fuels, mineral oils and products of their distillation; bituminous substances; mineral waxes",1,No Quantity,0,,,,0,,314848,,,0
H5,2020,2020,2020,2,0,1,Import,440,Lithuania,LTU,203,Czechia,CZE,,,,,,,,27,"Mineral fuels, mineral oils and products of their distillation; bituminous substances; mineral waxes",1,No Quantity,0,,,,0,,877988,,,0
H5,2020,2020,2020,2,0,1,Import,440,Lithuania,LTU,208,Denmark,DNK,,,,,,,,27,"Mineral fuels, mineral oils and products of their distillation; bituminous substances; mineral waxes",1,No Quantity,0,,,,0,,63868,,,0
H5,2020,2020,2020,2,0,1,Import,440,Lithuania,LTU,233,Estonia,EST,,,,,,,,27,"Mineral fuels, mineral oils and products of their distillation; bituminous substances; mineral waxes",1,No Quantity,0,,,,0,,13042358,,,4
H5,2020,2020,2020,2,0,1,Import,440,Lithuania,LTU,246,Finland,FIN,,,,,,,,27,"Mineral fuels, mineral oils and products of their distillation; bituminous substances; mineral waxes",1,No Quantity,0,,,,0,,169007459,,,4
H5,2020,2020,2020,2,0,1,Import,440,Lithuania,LTU,251,France,FRA,,,,,,,,27,"Mineral fuels, mineral oils and products of their distillation; bituminous substances; mineral waxes",1,No Quantity,0,,,,0,,1212058,,,0
H5,2020,2020,2020,2,0,1,Import,440,Lithuania,LTU,276,Germany,DEU,,,,,,,,27,"Mineral fuels, mineral oils and products of their distillation; bituminous substances; mineral waxes",1,No Quantity,0,,,,0,,18985919,,,4
H5,2020,2020,2020,2,0,1,Import,440,Lithuania,LTU,300,Greece,GRC,,,,,,,,27,"Mineral fuels, mineral oils and products of their distillation; bituminous substances; mineral waxes",1,No Quantity,0,,,,0,,68822,,,0
H5,2020,2020,2020,2,0,1,Import,440,Lithuania,LTU,348,Hungary,HUN,,,,,,,,27,"Mineral fuels, mineral oils and products of their distillation; bituminous substances; mineral waxes",1,No Quantity,0,,,,0,,181047,,,0
H5,2020,2020,2020,2,0,1,Import,440,Lithuania,LTU,352,Iceland,ISL,,,,,,,,27,"Mineral fuels, mineral oils and products of their distillation; bituminous substances; mineral waxes",1,No Quantity,0,,,,0,,7884,,,0
H5,2020,2020,2020,2,0,1,Import,440,Lithuania,LTU,372,Ireland,IRL,,,,,,,,27,"Mineral fuels, mineral oils and products of their distillation; bituminous substances; mineral waxes",1,No Quantity,0,,,,0,,44383,,,0
H5,2020,2020,2020,2,0,1,Import,440,Lithuania,LTU,381,Italy,ITA,,,,,,,,27,"Mineral fuels, mineral oils and products of their distillation; bituminous substances; mineral waxes",1,No Quantity,0,,,,0,,1247479,,,0
H5,2020,2020,2020,2,0,1,Import,440,Lithuania,LTU,392,Japan,JPN,,,,,,,,27,"Mineral fuels, mineral oils and products of their distillation; bituminous substances; mineral waxes",1,No Quantity,0,,,,0,,8607,,,0
H5,2020,2020,2020,2,0,1,Import,440,Lithuania,LTU,398,Kazakhstan,KAZ,,,,,,,,27,"Mineral fuels, mineral oils and products of their distillation; bituminous substances; mineral waxes",1,No Quantity,0,,,,0,,661726774,,,0
H5,2020,2020,2020,2,0,1,Import,440,Lithuania,LTU,410,Rep. of Korea,KOR,,,,,,,,27,"Mineral fuels, mineral oils and products of their distillation; bituminous substances; mineral waxes",1,No Quantity,0,,,,0,,66012,,,0
H5,2020,2020,2020,2,0,1,Import,440,Lithuania,LTU,428,Latvia,LVA,,,,,,,,27,"Mineral fuels, mineral oils and products of their distillation; bituminous substances; mineral waxes",1,No Quantity,0,,,,0,,143845844,,,0
H5,2020,2020,2020,2,0,1,Import,440,Lithuania,LTU,442,Luxembourg,LUX,,,,,,,,27,"Mineral fuels, mineral oils and products of their distillation; bituminous substances; mineral waxes",1,No Quantity,0,,,,0,,52277,,,0
H5,2020,2020,2020,2,0,1,Import,440,Lithuania,LTU,512,Oman,OMN,,,,,,,,27,"Mineral fuels, mineral oils and products of their distillation; bituminous substances; mineral waxes",1,No Quantity,0,,,,0,,1814,,,0
H5,2020,2020,2020,2,0,1,Import,440,Lithuania,LTU,528,Netherlands,NLD,,,,,,,,27,"Mineral fuels, mineral oils and products of their distillation; bituminous substances; mineral waxes",1,No Quantity,0,,,,0,,32835649,,,4
H5,2020,2020,2020,2,0,1,Import,440,Lithuania,LTU,579,Norway,NOR,,,,,,,,27,"Mineral fuels, mineral oils and products of their distillation; bituminous substances; mineral waxes",1,No Quantity,0,,,,0,,121781954,,,0
H5,2020,2020,2020,2,0,1,Import,440,Lithuania,LTU,591,Panama,PAN,,,,,,,,27,"Mineral fuels, mineral oils and products of their distillation; bituminous substances; mineral waxes",1,No Quantity,0,,,,0,,2,,,0
H5,2020,2020,2020,2,0,1,Import,440,Lithuania,LTU,616,Poland,POL,,,,,,,,27,"Mineral fuels, mineral oils and products of their distillation; bituminous substances; mineral waxes",1,No Quantity,0,,,,0,,91522976,,,4
H5,2020,2020,2020,2,0,1,Import,440,Lithuania,LTU,620,Portugal,PRT,,,,,,,,27,"Mineral fuels, mineral oils and products of their distillation; bituminous substances; mineral waxes",1,No Quantity,0,,,,0,,25149,,,0
H5,2020,2020,2020,2,0,1,Import,440,Lithuania,LTU,642,Romania,ROU,,,,,,,,27,"Mineral fuels, mineral oils and products of their distillation; bituminous substances; mineral waxes",1,No Quantity,0,,,,0,,57627,,,0
H5,2020,2020,2020,2,0,1,Import,440,Lithuania,LTU,643,Russian Federation,RUS,,,,,,,,27,"Mineral fuels, mineral oils and products of their distillation; bituminous substances; mineral waxes",1,No Quantity,0,,,,0,,1886276217,,,0
H5,2020,2020,2020,2,0,1,Import,440,Lithuania,LTU,682,Saudi Arabia,SAU,,,,,,,,27,"Mineral fuels, mineral oils and products of their distillation; bituminous substances; mineral waxes",1,No Quantity,0,,,,0,,186406083,,,0
H5,2020,2020,2020,2,0,1,Import,440,Lithuania,LTU,702,Singapore,SGP,,,,,,,,27,"Mineral fuels, mineral oils and products of their distillation; bituminous substances; mineral waxes",1,No Quantity,0,,,,0,,3433,,,0
H5,2020,2020,2020,2,0,1,Import,440,Lithuania,LTU,703,Slovakia,SVK,,,,,,,,27,"Mineral fuels, mineral oils and products of their distillation; bituminous substances; mineral waxes",1,No Quantity,0,,,,0,,346833,,,0
H5,2020,2020,2020,2,0,1,Import,440,Lithuania,LTU,705,Slovenia,SVN,,,,,,,,27,"Mineral fuels, mineral oils and products of their distillation; bituminous substances; mineral waxes",1,No Quantity,0,,,,0,,154966,,,0
H5,2020,2020,2020,2,0,1,Import,440,Lithuania,LTU,724,Spain,ESP,,,,,,,,27,"Mineral fuels, mineral oils and products of their distillation; bituminous substances; mineral waxes",1,No Quantity,0,,,,0,,851672,,,0
H5,2020,2020,2020,2,0,1,Import,440,Lithuania,LTU,752,Sweden,SWE,,,,,,,,27,"Mineral fuels, mineral oils and products of their distillation; bituminous substances; mineral waxes",1,No Quantity,0,,,,0,,169574329,,,0
H5,2020,2020,2020,2,0,1,Import,440,Lithuania,LTU,757,Switzerland,CHE,,,,,,,,27,"Mineral fuels, mineral oils and products of their distillation; bituminous substances; mineral waxes",1,No Quantity,0,,,,0,,154806,,,4
H5,2020,2020,2020,2,0,1,Import,440,Lithuania,LTU,764,Thailand,THA,,,,,,,,27,"Mineral fuels, mineral oils and products of their distillation; bituminous substances; mineral waxes",1,No Quantity,0,,,,0,,6809,,,0
H5,2020,2020,2020,2,0,1,Import,440,Lithuania,LTU,784,United Arab Emirates,ARE,,,,,,,,27,"Mineral fuels, mineral oils and products of their distillation; bituminous substances; mineral waxes",1,No Quantity,0,,,,0,,58799,,,0
H5,2020,2020,2020,2,0,1,Import,440,Lithuania,LTU,792,Turkey,TUR,,,,,,,,27,"Mineral fuels, mineral oils and products of their distillation; bituminous substances; mineral waxes",1,No Quantity,0,,,,0,,6229968,,,0
H5,2020,2020,2020,2,0,1,Import,440,Lithuania,LTU,804,Ukraine,UKR,,,,,,,,27,"Mineral fuels, mineral oils and products of their distillation; bituminous substances; mineral waxes",1,No Quantity,0,,,,0,,7553114,,,0
H5,2020,2020,2020,2,0,1,Import,440,Lithuania,LTU,807,North Macedonia,MKD,,,,,,,,27,"Mineral fuels, mineral oils and products of their distillation; bituminous substances; mineral waxes",1,No Quantity,0,,,,0,,13371,,,0
H5,2020,2020,2020,2,0,1,Import,440,Lithuania,LTU,826,United Kingdom,GBR,,,,,,,,27,"Mineral fuels, mineral oils and products of their distillation; bituminous substances; mineral waxes",1,No Quantity,0,,,,0,,1245550,,,0
H5,2020,2020,2020,2,0,1,Import,440,Lithuania,LTU,842,USA,USA,,,,,,,,27,"Mineral fuels, mineral oils and products of their distillation; bituminous substances; mineral waxes",1,No Quantity,0,,,,0,,92692205,,,4
H5,2021,2021,2021,2,0,1,Import,440,Lithuania,LTU,0,World,WLD,,,,,,,,27,"Mineral fuels, mineral oils and products of their distillation; bituminous substances; mineral waxes",1,No Quantity,0,,,,0,,7463785137,,,4
H5,2021,2021,2021,2,0,1,Import,440,Lithuania,LTU,40,Austria,AUT,,,,,,,,27,"Mineral fuels, mineral oils and products of their distillation; bituminous substances; mineral waxes",1,No Quantity,0,,,,0,,845458,,,0
H5,2021,2021,2021,2,0,1,Import,440,Lithuania,LTU,56,Belgium,BEL,,,,,,,,27,"Mineral fuels, mineral oils and products of their distillation; bituminous substances; mineral waxes",1,No Quantity,0,,,,0,,16085356,,,0
H5,2021,2021,2021,2,0,1,Import,440,Lithuania,LTU,76,Brazil,BRA,,,,,,,,27,"Mineral fuels, mineral oils and products of their distillation; bituminous substances; mineral waxes",1,No Quantity,0,,,,0,,108,,,0
H5,2021,2021,2021,2,0,1,Import,440,Lithuania,LTU,100,Bulgaria,BGR,,,,,,,,27,"Mineral fuels, mineral oils and products of their distillation; bituminous substances; mineral waxes",1,No Quantity,0,,,,0,,13909,,,0
H5,2021,2021,2021,2,0,1,Import,440,Lithuania,LTU,112,Belarus,BLR,,,,,,,,27,"Mineral fuels, mineral oils and products of their distillation; bituminous substances; mineral waxes",1,No Quantity,0,,,,0,,410571775,,,0
H5,2021,2021,2021,2,0,1,Import,440,Lithuania,LTU,124,Canada,CAN,,,,,,,,27,"Mineral fuels, mineral oils and products of their distillation; bituminous substances; mineral waxes",1,No Quantity,0,,,,0,,26510,,,0
H5,2021,2021,2021,2,0,1,Import,440,Lithuania,LTU,156,China,CHN,,,,,,,,27,"Mineral fuels, mineral oils and products of their distillation; bituminous substances; mineral waxes",1,No Quantity,0,,,,0,,1771493,,,0
H5,2021,2021,2021,2,0,1,Import,440,Lithuania,LTU,191,Croatia,HRV,,,,,,,,27,"Mineral fuels, mineral oils and products of their distillation; bituminous substances; mineral waxes",1,No Quantity,0,,,,0,,950,,,0
H5,2021,2021,2021,2,0,1,Import,440,Lithuania,LTU,196,Cyprus,CYP,,,,,,,,27,"Mineral fuels, mineral oils and products of their distillation; bituminous substances; mineral waxes",1,No Quantity,0,,,,0,,342805,,,0
H5,2021,2021,2021,2,0,1,Import,440,Lithuania,LTU,203,Czechia,CZE,,,,,,,,27,"Mineral fuels, mineral oils and products of their distillation; bituminous substances; mineral waxes",1,No Quantity,0,,,,0,,1160782,,,4
H5,2021,2021,2021,2,0,1,Import,440,Lithuania,LTU,208,Denmark,DNK,,,,,,,,27,"Mineral fuels, mineral oils and products of their distillation; bituminous substances; mineral waxes",1,No Quantity,0,,,,0,,9330298,,,4
H5,2021,2021,2021,2,0,1,Import,440,Lithuania,LTU,226,Equatorial Guinea,GNQ,,,,,,,,27,"Mineral fuels, mineral oils and products of their distillation; bituminous substances; mineral waxes",1,No Quantity,0,,,,0,,77794855,,,0
H5,2021,2021,2021,2,0,1,Import,440,Lithuania,LTU,233,Estonia,EST,,,,,,,,27,"Mineral fuels, mineral oils and products of their distillation; bituminous substances; mineral waxes",1,No Quantity,0,,,,0,,27625266,,,4
H5,2021,2021,2021,2,0,1,Import,440,Lithuania,LTU,246,Finland,FIN,,,,,,,,27,"Mineral fuels, mineral oils and products of their distillation; bituminous substances; mineral waxes",1,No Quantity,0,,,,0,,224091774,,,0
H5,2021,2021,2021,2,0,1,Import,440,Lithuania,LTU,251,France,FRA,,,,,,,,27,"Mineral fuels, mineral oils and products of their distillation; bituminous substances; mineral waxes",1,No Quantity,0,,,,0,,6978618,,,0
H5,2021,2021,2021,2,0,1,Import,440,Lithuania,LTU,276,Germany,DEU,,,,,,,,27,"Mineral fuels, mineral oils and products of their distillation; bituminous substances; mineral waxes",1,No Quantity,0,,,,0,,23331167,,,4
H5,2021,2021,2021,2,0,1,Import,440,Lithuania,LTU,300,Greece,GRC,,,,,,,,27,"Mineral fuels, mineral oils and products of their distillation; bituminous substances; mineral waxes",1,No Quantity,0,,,,0,,125670,,,0
H5,2021,2021,2021,2,0,1,Import,440,Lithuania,LTU,348,Hungary,HUN,,,,,,,,27,"Mineral fuels, mineral oils and products of their distillation; bituminous substances; mineral waxes",1,No Quantity,0,,,,0,,446250,,,0
H5,2021,2021,2021,2,0,1,Import,440,Lithuania,LTU,372,Ireland,IRL,,,,,,,,27,"Mineral fuels, mineral oils and products of their distillation; bituminous substances; mineral waxes",1,No Quantity,0,,,,0,,62760,,,0
H5,2021,2021,2021,2,0,1,Import,440,Lithuania,LTU,381,Italy,ITA,,,,,,,,27,"Mineral fuels, mineral oils and products of their distillation; bituminous substances; mineral waxes",1,No Quantity,0,,,,0,,3071838,,,0
H5,2021,2021,2021,2,0,1,Import,440,Lithuania,LTU,392,Japan,JPN,,,,,,,,27,"Mineral fuels, mineral oils and products of their distillation; bituminous substances; mineral waxes",1,No Quantity,0,,,,0,,462,,,0
H5,2021,2021,2021,2,0,1,Import,440,Lithuania,LTU,398,Kazakhstan,KAZ,,,,,,,,27,"Mineral fuels, mineral oils and products of their distillation; bituminous substances; mineral waxes",1,No Quantity,0,,,,0,,1252131851,,,0
H5,2021,2021,2021,2,0,1,Import,440,Lithuania,LTU,400,Jordan,JOR,,,,,,,,27,"Mineral fuels, mineral oils and products of their distillation; bituminous substances; mineral waxes",1,No Quantity,0,,,,0,,106,,,0
H5,2021,2021,2021,2,0,1,Import,440,Lithuania,LTU,410,Rep. of Korea,KOR,,,,,,,,27,"Mineral fuels, mineral oils and products of their distillation; bituminous substances; mineral waxes",1,No Quantity,0,,,,0,,108331,,,0
H5,2021,2021,2021,2,0,1,Import,440,Lithuania,LTU,428,Latvia,LVA,,,,,,,,27,"Mineral fuels, mineral oils and products of their distillation; bituminous substances; mineral waxes",1,No Quantity,0,,,,0,,375827029,,,4
H5,2021,2021,2021,2,0,1,Import,440,Lithuania,LTU,442,Luxembourg,LUX,,,,,,,,27,"Mineral fuels, mineral oils and products of their distillation; bituminous substances; mineral waxes",1,No Quantity,0,,,,0,,135433,,,0
H5,2021,2021,2021,2,0,1,Import,440,Lithuania,LTU,528,Netherlands,NLD,,,,,,,,27,"Mineral fuels, mineral oils and products of their distillation; bituminous substances; mineral waxes",1,No Quantity,0,,,,0,,65364669,,,4
H5,2021,2021,2021,2,0,1,Import,440,Lithuania,LTU,577,"Other Africa, nes",,,,,,,,,27,"Mineral fuels, mineral oils and products of their distillation; bituminous substances; mineral waxes",1,No Quantity,0,,,,0,,20541,,,0
H5,2021,2021,2021,2,0,1,Import,440,Lithuania,LTU,579,Norway,NOR,,,,,,,,27,"Mineral fuels, mineral oils and products of their distillation; bituminous substances; mineral waxes",1,No Quantity,0,,,,0,,9403968,,,0
H5,2021,2021,2021,2,0,1,Import,440,Lithuania,LTU,616,Poland,POL,,,,,,,,27,"Mineral fuels, mineral oils and products of their distillation; bituminous substances; mineral waxes",1,No Quantity,0,,,,0,,163204754,,,0
H5,2021,2021,2021,2,0,1,Import,440,Lithuania,LTU,642,Romania,ROU,,,,,,,,27,"Mineral fuels, mineral oils and products of their distillation; bituminous substances; mineral waxes",1,No Quantity,0,,,,0,,135013,,,0
H5,2021,2021,2021,2,0,1,Import,440,Lithuania,LTU,643,Russian Federation,RUS,,,,,,,,27,"Mineral fuels, mineral oils and products of their distillation; bituminous substances; mineral waxes",1,No Quantity,0,,,,0,,3730561030,,,0
H5,2021,2021,2021,2,0,1,Import,440,Lithuania,LTU,688,Serbia,SRB,,,,,,,,27,"Mineral fuels, mineral oils and products of their distillation; bituminous substances; mineral waxes",1,No Quantity,0,,,,0,,75143,,,0
H5,2021,2021,2021,2,0,1,Import,440,Lithuania,LTU,699,India,IND,,,,,,,,27,"Mineral fuels, mineral oils and products of their distillation; bituminous substances; mineral waxes",1,No Quantity,0,,,,0,,14888,,,0
H5,2021,2021,2021,2,0,1,Import,440,Lithuania,LTU,703,Slovakia,SVK,,,,,,,,27,"Mineral fuels, mineral oils and products of their distillation; bituminous substances; mineral waxes",1,No Quantity,0,,,,0,,238219,,,0
H5,2021,2021,2021,2,0,1,Import,440,Lithuania,LTU,704,Viet Nam,VNM,,,,,,,,27,"Mineral fuels, mineral oils and products of their distillation; bituminous substances; mineral waxes",1,No Quantity,0,,,,0,,2861,,,0
H5,2021,2021,2021,2,0,1,Import,440,Lithuania,LTU,705,Slovenia,SVN,,,,,,,,27,"Mineral fuels, mineral oils and products of their distillation; bituminous substances; mineral waxes",1,No Quantity,0,,,,0,,10259,,,0
H5,2021,2021,2021,2,0,1,Import,440,Lithuania,LTU,724,Spain,ESP,,,,,,,,27,"Mineral fuels, mineral oils and products of their distillation; bituminous substances; mineral waxes",1,No Quantity,0,,,,0,,1016988,,,4
H5,2021,2021,2021,2,0,1,Import,440,Lithuania,LTU,752,Sweden,SWE,,,,,,,,27,"Mineral fuels, mineral oils and products of their distillation; bituminous substances; mineral waxes",1,No Quantity,0,,,,0,,366792911,,,0
H5,2021,2021,2021,2,0,1,Import,440,Lithuania,LTU,757,Switzerland,CHE,,,,,,,,27,"Mineral fuels, mineral oils and products of their distillation; bituminous substances; mineral waxes",1,No Quantity,0,,,,0,,161992,,,0
H5,2021,2021,2021,2,0,1,Import,440,Lithuania,LTU,780,Trinidad and Tobago,TTO,,,,,,,,27,"Mineral fuels, mineral oils and products of their distillation; bituminous substances; mineral waxes",1,No Quantity,0,,,,0,,82282155,,,0
H5,2021,2021,2021,2,0,1,Import,440,Lithuania,LTU,784,United Arab Emirates,ARE,,,,,,,,27,"Mineral fuels, mineral oils and products of their distillation; bituminous substances; mineral waxes",1,No Quantity,0,,,,0,,138705,,,0
H5,2021,2021,2021,2,0,1,Import,440,Lithuania,LTU,792,Turkey,TUR,,,,,,,,27,"Mineral fuels, mineral oils and products of their distillation; bituminous substances; mineral waxes",1,No Quantity,0,,,,0,,46168,,,0
H5,2021,2021,2021,2,0,1,Import,440,Lithuania,LTU,804,Ukraine,UKR,,,,,,,,27,"Mineral fuels, mineral oils and products of their distillation; bituminous substances; mineral waxes",1,No Quantity,0,,,,0,,21799625,,,0
H5,2021,2021,2021,2,0,1,Import,440,Lithuania,LTU,818,Egypt,EGY,,,,,,,,27,"Mineral fuels, mineral oils and products of their distillation; bituminous substances; mineral waxes",1,No Quantity,0,,,,0,,23720137,,,0
H5,2021,2021,2021,2,0,1,Import,440,Lithuania,LTU,826,United Kingdom,GBR,,,,,,,,27,"Mineral fuels, mineral oils and products of their distillation; bituminous substances; mineral waxes",1,No Quantity,0,,,,0,,7472796,,,4
H5,2021,2021,2021,2,0,1,Import,440,Lithuania,LTU,842,USA,USA,,,,,,,,27,"Mineral fuels, mineral oils and products of their distillation; bituminous substances; mineral waxes",1,No Quantity,0,,,,0,,556103104,,,4
H5,2021,2021,2021,2,0,1,Import,440,Lithuania,LTU,860,Uzbekistan,UZB,,,,,,,,27,"Mineral fuels, mineral oils and products of their distillation; bituminous substances; mineral waxes",1,No Quantity,0,,,,0,,3338357,,,0
H4,2012,2012,2012,2,0,1,Import,440,Lithuania,LTU,0,World,WLD,,,,,,,,27,"Mineral fuels, mineral oils and products of their distillation; bituminous substances; mineral waxes",1,No Quantity,,,,,,,10900482966,,,0
H4,2012,2012,2012,2,0,1,Import,440,Lithuania,LTU,40,Austria,AUT,,,,,,,,27,"Mineral fuels, mineral oils and products of their distillation; bituminous substances; mineral waxes",1,No Quantity,,,,,,,750762,,,0
H4,2012,2012,2012,2,0,1,Import,440,Lithuania,LTU,56,Belgium,BEL,,,,,,,,27,"Mineral fuels, mineral oils and products of their distillation; bituminous substances; mineral waxes",1,No Quantity,,,,,,,8252941,,,0
H4,2012,2012,2012,2,0,1,Import,440,Lithuania,LTU,100,Bulgaria,BGR,,,,,,,,27,"Mineral fuels, mineral oils and products of their distillation; bituminous substances; mineral waxes",1,No Quantity,,,,,,,11792,,,0
H4,2012,2012,2012,2,0,1,Import,440,Lithuania,LTU,112,Belarus,BLR,,,,,,,,27,"Mineral fuels, mineral oils and products of their distillation; bituminous substances; mineral waxes",1,No Quantity,,,,,,,386855358,,,0
H4,2012,2012,2012,2,0,1,Import,440,Lithuania,LTU,156,China,CHN,,,,,,,,27,"Mineral fuels, mineral oils and products of their distillation; bituminous substances; mineral waxes",1,No Quantity,,,,,,,157054,,,0
H4,2012,2012,2012,2,0,1,Import,440,Lithuania,LTU,184,Cook Isds,COK,,,,,,,,27,"Mineral fuels, mineral oils and products of their distillation; bituminous substances; mineral waxes",1,No Quantity,,,,,,,6659,,,0
H4,2012,2012,2012,2,0,1,Import,440,Lithuania,LTU,191,Croatia,HRV,,,,,,,,27,"Mineral fuels, mineral oils and products of their distillation; bituminous substances; mineral waxes",1,No Quantity,,,,,,,3568,,,0
H4,2012,2012,2012,2,0,1,Import,440,Lithuania,LTU,196,Cyprus,CYP,,,,,,,,27,"Mineral fuels, mineral oils and products of their distillation; bituminous substances; mineral waxes",1,No Quantity,,,,,,,39472,,,0
H4,2012,2012,2012,2,0,1,Import,440,Lithuania,LTU,203,Czechia,CZE,,,,,,,,27,"Mineral fuels, mineral oils and products of their distillation; bituminous substances; mineral waxes",1,No Quantity,,,,,,,632676,,,0
H4,2012,2012,2012,2,0,1,Import,440,Lithuania,LTU,208,Denmark,DNK,,,,,,,,27,"Mineral fuels, mineral oils and products of their distillation; bituminous substances; mineral waxes",1,No Quantity,,,,,,,17764270,,,0
H4,2012,2012,2012,2,0,1,Import,440,Lithuania,LTU,233,Estonia,EST,,,,,,,,27,"Mineral fuels, mineral oils and products of their distillation; bituminous substances; mineral waxes",1,No Quantity,,,,,,,165002320,,,0
H4,2012,2012,2012,2,0,1,Import,440,Lithuania,LTU,246,Finland,FIN,,,,,,,,27,"Mineral fuels, mineral oils and products of their distillation; bituminous substances; mineral waxes",1,No Quantity,,,,,,,35787234,,,0
H4,2012,2012,2012,2,0,1,Import,440,Lithuania,LTU,251,France,FRA,,,,,,,,27,"Mineral fuels, mineral oils and products of their distillation; bituminous substances; mineral waxes",1,No Quantity,,,,,,,1737750,,,0
H4,2012,2012,2012,2,0,1,Import,440,Lithuania,LTU,276,Germany,DEU,,,,,,,,27,"Mineral fuels, mineral oils and products of their distillation; bituminous substances; mineral waxes",1,No Quantity,,,,,,,21088088,,,0
H4,2012,2012,2012,2,0,1,Import,440,Lithuania,LTU,348,Hungary,HUN,,,,,,,,27,"Mineral fuels, mineral oils and products of their distillation; bituminous substances; mineral waxes",1,No Quantity,,,,,,,678405,,,0
H4,2012,2012,2012,2,0,1,Import,440,Lithuania,LTU,372,Ireland,IRL,,,,,,,,27,"Mineral fuels, mineral oils and products of their distillation; bituminous substances; mineral waxes",1,No Quantity,,,,,,,134,,,0
H4,2012,2012,2012,2,0,1,Import,440,Lithuania,LTU,381,Italy,ITA,,,,,,,,27,"Mineral fuels, mineral oils and products of their distillation; bituminous substances; mineral waxes",1,No Quantity,,,,,,,1435209,,,0
H4,2012,2012,2012,2,0,1,Import,440,Lithuania,LTU,398,Kazakhstan,KAZ,,,,,,,,27,"Mineral fuels, mineral oils and products of their distillation; bituminous substances; mineral waxes",1,No Quantity,,,,,,,97813794,,,0
H4,2012,2012,2012,2,0,1,Import,440,Lithuania,LTU,417,Kyrgyzstan,KGZ,,,,,,,,27,"Mineral fuels, mineral oils and products of their distillation; bituminous substances; mineral waxes",1,No Quantity,,,,,,,16894,,,0
H4,2012,2012,2012,2,0,1,Import,440,Lithuania,LTU,428,Latvia,LVA,,,,,,,,27,"Mineral fuels, mineral oils and products of their distillation; bituminous substances; mineral waxes",1,No Quantity,,,,,,,153126368,,,0
H4,2012,2012,2012,2,0,1,Import,440,Lithuania,LTU,442,Luxembourg,LUX,,,,,,,,27,"Mineral fuels, mineral oils and products of their distillation; bituminous substances; mineral waxes",1,No Quantity,,,,,,,1243,,,0
H4,2012,2012,2012,2,0,1,Import,440,Lithuania,LTU,528,Netherlands,NLD,,,,,,,,27,"Mineral fuels, mineral oils and products of their distillation; bituminous substances; mineral waxes",1,No Quantity,,,,,,,32409374,,,0
H4,2012,2012,2012,2,0,1,Import,440,Lithuania,LTU,579,Norway,NOR,,,,,,,,27,"Mineral fuels, mineral oils and products of their distillation; bituminous substances; mineral waxes",1,No Quantity,,,,,,,10265,,,0
H4,2012,2012,2012,2,0,1,Import,440,Lithuania,LTU,616,Poland,POL,,,,,,,,27,"Mineral fuels, mineral oils and products of their distillation; bituminous substances; mineral waxes",1,No Quantity,,,,,,,387160111,,,0
H4,2012,2012,2012,2,0,1,Import,440,Lithuania,LTU,620,Portugal,PRT,,,,,,,,27,"Mineral fuels, mineral oils and products of their distillation; bituminous substances; mineral waxes",1,No Quantity,,,,,,,473,,,0
H4,2012,2012,2012,2,0,1,Import,440,Lithuania,LTU,642,Romania,ROU,,,,,,,,27,"Mineral fuels, mineral oils and products of their distillation; bituminous substances; mineral waxes",1,No Quantity,,,,,,,210179,,,0
H4,2012,2012,2012,2,0,1,Import,440,Lithuania,LTU,643,Russian Federation,RUS,,,,,,,,27,"Mineral fuels, mineral oils and products of their distillation; bituminous substances; mineral waxes",1,No Quantity,,,,,,,9473166776,,,0
H4,2012,2012,2012,2,0,1,Import,440,Lithuania,LTU,699,India,IND,,,,,,,,27,"Mineral fuels, mineral oils and products of their distillation; bituminous substances; mineral waxes",1,No Quantity,,,,,,,35,,,0
H4,2012,2012,2012,2,0,1,Import,440,Lithuania,LTU,703,Slovakia,SVK,,,,,,,,27,"Mineral fuels, mineral oils and products of their distillation; bituminous substances; mineral waxes",1,No Quantity,,,,,,,16978,,,0
H4,2012,2012,2012,2,0,1,Import,440,Lithuania,LTU,705,Slovenia,SVN,,,,,,,,27,"Mineral fuels, mineral oils and products of their distillation; bituminous substances; mineral waxes",1,No Quantity,,,,,,,45750,,,0
H4,2012,2012,2012,2,0,1,Import,440,Lithuania,LTU,724,Spain,ESP,,,,,,,,27,"Mineral fuels, mineral oils and products of their distillation; bituminous substances; mineral waxes",1,No Quantity,,,,,,,95612,,,0
H4,2012,2012,2012,2,0,1,Import,440,Lithuania,LTU,752,Sweden,SWE,,,,,,,,27,"Mineral fuels, mineral oils and products of their distillation; bituminous substances; mineral waxes",1,No Quantity,,,,,,,72939294,,,0
H4,2012,2012,2012,2,0,1,Import,440,Lithuania,LTU,757,Switzerland,CHE,,,,,,,,27,"Mineral fuels, mineral oils and products of their distillation; bituminous substances; mineral waxes",1,No Quantity,,,,,,,101100,,,0
H4,2012,2012,2012,2,0,1,Import,440,Lithuania,LTU,804,Ukraine,UKR,,,,,,,,27,"Mineral fuels, mineral oils and products of their distillation; bituminous substances; mineral waxes",1,No Quantity,,,,,,,9421949,,,0
H4,2012,2012,2012,2,0,1,Import,440,Lithuania,LTU,826,United Kingdom,GBR,,,,,,,,27,"Mineral fuels, mineral oils and products of their distillation; bituminous substances; mineral waxes",1,No Quantity,,,,,,,33042553,,,0
H4,2012,2012,2012,2,0,1,Import,440,Lithuania,LTU,842,USA,USA,,,,,,,,27,"Mineral fuels, mineral oils and products of their distillation; bituminous substances; mineral waxes",1,No Quantity,,,,,,,425529,,,0
H4,2012,2012,2012,2,0,1,Import,440,Lithuania,LTU,860,Uzbekistan,UZB,,,,,,,,27,"Mineral fuels, mineral oils and products of their distillation; bituminous substances; mineral waxes",1,No Quantity,,,,,,,274997,,,0
H4,2013,2013,2013,2,0,1,Import,440,Lithuania,LTU,0,World,WLD,,,,,,,,27,"Mineral fuels, mineral oils and products of their distillation; bituminous substances; mineral waxes",1,No Quantity,,,,,,,10430647981,,,0
H4,2013,2013,2013,2,0,1,Import,440,Lithuania,LTU,40,Austria,AUT,,,,,,,,27,"Mineral fuels, mineral oils and products of their distillation; bituminous substances; mineral waxes",1,No Quantity,,,,,,,2839705,,,0
H4,2013,2013,2013,2,0,1,Import,440,Lithuania,LTU,56,Belgium,BEL,,,,,,,,27,"Mineral fuels, mineral oils and products of their distillation; bituminous substances; mineral waxes",1,No Quantity,,,,,,,17042353,,,0
H4,2013,2013,2013,2,0,1,Import,440,Lithuania,LTU,76,Brazil,BRA,,,,,,,,27,"Mineral fuels, mineral oils and products of their distillation; bituminous substances; mineral waxes",1,No Quantity,,,,,,,328,,,0
H4,2013,2013,2013,2,0,1,Import,440,Lithuania,LTU,112,Belarus,BLR,,,,,,,,27,"Mineral fuels, mineral oils and products of their distillation; bituminous substances; mineral waxes",1,No Quantity,,,,,,,510890275,,,0
H4,2013,2013,2013,2,0,1,Import,440,Lithuania,LTU,124,Canada,CAN,,,,,,,,27,"Mineral fuels, mineral oils and products of their distillation; bituminous substances; mineral waxes",1,No Quantity,,,,,,,28180,,,0
H4,2013,2013,2013,2,0,1,Import,440,Lithuania,LTU,156,China,CHN,,,,,,,,27,"Mineral fuels, mineral oils and products of their distillation; bituminous substances; mineral waxes",1,No Quantity,,,,,,,62968,,,0
H4,2013,2013,2013,2,0,1,Import,440,Lithuania,LTU,203,Czechia,CZE,,,,,,,,27,"Mineral fuels, mineral oils and products of their distillation; bituminous substances; mineral waxes",1,No Quantity,,,,,,,1033127,,,0
H4,2013,2013,2013,2,0,1,Import,440,Lithuania,LTU,208,Denmark,DNK,,,,,,,,27,"Mineral fuels, mineral oils and products of their distillation; bituminous substances; mineral waxes",1,No Quantity,,,,,,,47797333,,,0
H4,2013,2013,2013,2,0,1,Import,440,Lithuania,LTU,233,Estonia,EST,,,,,,,,27,"Mineral fuels, mineral oils and products of their distillation; bituminous substances; mineral waxes",1,No Quantity,,,,,,,130688590,,,0
H4,2013,2013,2013,2,0,1,Import,440,Lithuania,LTU,246,Finland,FIN,,,,,,,,27,"Mineral fuels, mineral oils and products of their distillation; bituminous substances; mineral waxes",1,No Quantity,,,,,,,98403492,,,0
H4,2013,2013,2013,2,0,1,Import,440,Lithuania,LTU,251,France,FRA,,,,,,,,27,"Mineral fuels, mineral oils and products of their distillation; bituminous substances; mineral waxes",1,No Quantity,,,,,,,1413515,,,0
H4,2013,2013,2013,2,0,1,Import,440,Lithuania,LTU,276,Germany,DEU,,,,,,,,27,"Mineral fuels, mineral oils and products of their distillation; bituminous substances; mineral waxes",1,No Quantity,,,,,,,22606985,,,0
H4,2013,2013,2013,2,0,1,Import,440,Lithuania,LTU,348,Hungary,HUN,,,,,,,,27,"Mineral fuels, mineral oils and products of their distillation; bituminous substances; mineral waxes",1,No Quantity,,,,,,,765104,,,0
H4,2013,2013,2013,2,0,1,Import,440,Lithuania,LTU,372,Ireland,IRL,,,,,,,,27,"Mineral fuels, mineral oils and products of their distillation; bituminous substances; mineral waxes",1,No Quantity,,,,,,,57450,,,0
H4,2013,2013,2013,2,0,1,Import,440,Lithuania,LTU,381,Italy,ITA,,,,,,,,27,"Mineral fuels, mineral oils and products of their distillation; bituminous substances; mineral waxes",1,No Quantity,,,,,,,1935959,,,0
H4,2013,2013,2013,2,0,1,Import,440,Lithuania,LTU,392,Japan,JPN,,,,,,,,27,"Mineral fuels, mineral oils and products of their distillation; bituminous substances; mineral waxes",1,No Quantity,,,,,,,575,,,0
H4,2013,2013,2013,2,0,1,Import,440,Lithuania,LTU,398,Kazakhstan,KAZ,,,,,,,,27,"Mineral fuels, mineral oils and products of their distillation; bituminous substances; mineral waxes",1,No Quantity,,,,,,,147166615,,,0
H4,2013,2013,2013,2,0,1,Import,440,Lithuania,LTU,428,Latvia,LVA,,,,,,,,27,"Mineral fuels, mineral oils and products of their distillation; bituminous substances; mineral waxes",1,No Quantity,,,,,,,249248680,,,0
H4,2013,2013,2013,2,0,1,Import,440,Lithuania,LTU,442,Luxembourg,LUX,,,,,,,,27,"Mineral fuels, mineral oils and products of their distillation; bituminous substances; mineral waxes",1,No Quantity,,,,,,,1534,,,0
H4,2013,2013,2013,2,0,1,Import,440,Lithuania,LTU,470,Malta,MLT,,,,,,,,27,"Mineral fuels, mineral oils and products of their distillation; bituminous substances; mineral waxes",1,No Quantity,,,,,,,107391,,,0
H4,2013,2013,2013,2,0,1,Import,440,Lithuania,LTU,528,Netherlands,NLD,,,,,,,,27,"Mineral fuels, mineral oils and products of their distillation; bituminous substances; mineral waxes",1,No Quantity,,,,,,,34411816,,,0
H4,2013,2013,2013,2,0,1,Import,440,Lithuania,LTU,579,Norway,NOR,,,,,,,,27,"Mineral fuels, mineral oils and products of their distillation; bituminous substances; mineral waxes",1,No Quantity,,,,,,,1290,,,0
H4,2013,2013,2013,2,0,1,Import,440,Lithuania,LTU,591,Panama,PAN,,,,,,,,27,"Mineral fuels, mineral oils and products of their distillation; bituminous substances; mineral waxes",1,No Quantity,,,,,,,57302819,,,0
H4,2013,2013,2013,2,0,1,Import,440,Lithuania,LTU,616,Poland,POL,,,,,,,,27,"Mineral fuels, mineral oils and products of their distillation; bituminous substances; mineral waxes",1,No Quantity,,,,,,,139173312,,,0
H4,2013,2013,2013,2,0,1,Import,440,Lithuania,LTU,642,Romania,ROU,,,,,,,,27,"Mineral fuels, mineral oils and products of their distillation; bituminous substances; mineral waxes",1,No Quantity,,,,,,,308414,,,0
H4,2013,2013,2013,2,0,1,Import,440,Lithuania,LTU,643,Russian Federation,RUS,,,,,,,,27,"Mineral fuels, mineral oils and products of their distillation; bituminous substances; mineral waxes",1,No Quantity,,,,,,,8822066268,,,0
H4,2013,2013,2013,2,0,1,Import,440,Lithuania,LTU,699,India,IND,,,,,,,,27,"Mineral fuels, mineral oils and products of their distillation; bituminous substances; mineral waxes",1,No Quantity,,,,,,,15069482,,,0
H4,2013,2013,2013,2,0,1,Import,440,Lithuania,LTU,703,Slovakia,SVK,,,,,,,,27,"Mineral fuels, mineral oils and products of their distillation; bituminous substances; mineral waxes",1,No Quantity,,,,,,,37,,,0
H4,2013,2013,2013,2,0,1,Import,440,Lithuania,LTU,705,Slovenia,SVN,,,,,,,,27,"Mineral fuels, mineral oils and products of their distillation; bituminous substances; mineral waxes",1,No Quantity,,,,,,,74409,,,0
H4,2013,2013,2013,2,0,1,Import,440,Lithuania,LTU,724,Spain,ESP,,,,,,,,27,"Mineral fuels, mineral oils and products of their distillation; bituminous substances; mineral waxes",1,No Quantity,,,,,,,134851,,,0
H4,2013,2013,2013,2,0,1,Import,440,Lithuania,LTU,752,Sweden,SWE,,,,,,,,27,"Mineral fuels, mineral oils and products of their distillation; bituminous substances; mineral waxes",1,No Quantity,,,,,,,54528012,,,0
H4,2013,2013,2013,2,0,1,Import,440,Lithuania,LTU,757,Switzerland,CHE,,,,,,,,27,"Mineral fuels, mineral oils and products of their distillation; bituminous substances; mineral waxes",1,No Quantity,,,,,,,160818,,,0
H4,2013,2013,2013,2,0,1,Import,440,Lithuania,LTU,784,United Arab Emirates,ARE,,,,,,,,27,"Mineral fuels, mineral oils and products of their distillation; bituminous substances; mineral waxes",1,No Quantity,,,,,,,417,,,0
H4,2013,2013,2013,2,0,1,Import,440,Lithuania,LTU,792,Turkey,TUR,,,,,,,,27,"Mineral fuels, mineral oils and products of their distillation; bituminous substances; mineral waxes",1,No Quantity,,,,,,,1139,,,0
H4,2013,2013,2013,2,0,1,Import,440,Lithuania,LTU,804,Ukraine,UKR,,,,,,,,27,"Mineral fuels, mineral oils and products of their distillation; bituminous substances; mineral waxes",1,No Quantity,,,,,,,14423523,,,0
H4,2013,2013,2013,2,0,1,Import,440,Lithuania,LTU,826,United Kingdom,GBR,,,,,,,,27,"Mineral fuels, mineral oils and products of their distillation; bituminous substances; mineral waxes",1,No Quantity,,,,,,,5697678,,,0
H4,2013,2013,2013,2,0,1,Import,440,Lithuania,LTU,842,USA,USA,,,,,,,,27,"Mineral fuels, mineral oils and products of their distillation; bituminous substances; mineral waxes",1,No Quantity,,,,,,,33041622,,,0
H4,2013,2013,2013,2,0,1,Import,440,Lithuania,LTU,860,Uzbekistan,UZB,,,,,,,,27,"Mineral fuels, mineral oils and products of their distillation; bituminous substances; mineral waxes",1,No Quantity,,,,,,,22161915,,,0
H4,2014,2014,2014,2,0,1,Import,440,Lithuania,LTU,0,World,WLD,,,,,,,,27,"Mineral fuels, mineral oils and products of their distillation; bituminous substances; mineral waxes",1,No Quantity,,,,,,,8587458880,,,0
H4,2014,2014,2014,2,0,1,Import,440,Lithuania,LTU,40,Austria,AUT,,,,,,,,27,"Mineral fuels, mineral oils and products of their distillation; bituminous substances; mineral waxes",1,No Quantity,,,,,,,2043642,,,0
H4,2014,2014,2014,2,0,1,Import,440,Lithuania,LTU,56,Belgium,BEL,,,,,,,,27,"Mineral fuels, mineral oils and products of their distillation; bituminous substances; mineral waxes",1,No Quantity,,,,,,,8368435,,,0
H4,2014,2014,2014,2,0,1,Import,440,Lithuania,LTU,76,Brazil,BRA,,,,,,,,27,"Mineral fuels, mineral oils and products of their distillation; bituminous substances; mineral waxes",1,No Quantity,,,,,,,116,,,0
H4,2014,2014,2014,2,0,1,Import,440,Lithuania,LTU,92,Br. Virgin Isds,VGB,,,,,,,,27,"Mineral fuels, mineral oils and products of their distillation; bituminous substances; mineral waxes",1,No Quantity,,,,,,,2097,,,0
H4,2014,2014,2014,2,0,1,Import,440,Lithuania,LTU,100,Bulgaria,BGR,,,,,,,,27,"Mineral fuels, mineral oils and products of their distillation; bituminous substances; mineral waxes",1,No Quantity,,,,,,,1271,,,0
H4,2014,2014,2014,2,0,1,Import,440,Lithuania,LTU,112,Belarus,BLR,,,,,,,,27,"Mineral fuels, mineral oils and products of their distillation; bituminous substances; mineral waxes",1,No Quantity,,,,,,,374687875,,,0
H4,2014,2014,2014,2,0,1,Import,440,Lithuania,LTU,124,Canada,CAN,,,,,,,,27,"Mineral fuels, mineral oils and products of their distillation; bituminous substances; mineral waxes",1,No Quantity,,,,,,,1958,,,0
H4,2014,2014,2014,2,0,1,Import,440,Lithuania,LTU,156,China,CHN,,,,,,,,27,"Mineral fuels, mineral oils and products of their distillation; bituminous substances; mineral waxes",1,No Quantity,,,,,,,154126,,,0
H4,2014,2014,2014,2,0,1,Import,440,Lithuania,LTU,170,Colombia,COL,,,,,,,,27,"Mineral fuels, mineral oils and products of their distillation; bituminous substances; mineral waxes",1,No Quantity,,,,,,,12541,,,0
H4,2014,2014,2014,2,0,1,Import,440,Lithuania,LTU,203,Czechia,CZE,,,,,,,,27,"Mineral fuels, mineral oils and products of their distillation; bituminous substances; mineral waxes",1,No Quantity,,,,,,,564534,,,0
H4,2014,2014,2014,2,0,1,Import,440,Lithuania,LTU,208,Denmark,DNK,,,,,,,,27,"Mineral fuels, mineral oils and products of their distillation; bituminous substances; mineral waxes",1,No Quantity,,,,,,,16379080,,,0
H4,2014,2014,2014,2,0,1,Import,440,Lithuania,LTU,233,Estonia,EST,,,,,,,,27,"Mineral fuels, mineral oils and products of their distillation; bituminous substances; mineral waxes",1,No Quantity,,,,,,,39625931,,,0
H4,2014,2014,2014,2,0,1,Import,440,Lithuania,LTU,246,Finland,FIN,,,,,,,,27,"Mineral fuels, mineral oils and products of their distillation; bituminous substances; mineral waxes",1,No Quantity,,,,,,,88401329,,,0
H4,2014,2014,2014,2,0,1,Import,440,Lithuania,LTU,251,France,FRA,,,,,,,,27,"Mineral fuels, mineral oils and products of their distillation; bituminous substances; mineral waxes",1,No Quantity,,,,,,,4403392,,,0
H4,2014,2014,2014,2,0,1,Import,440,Lithuania,LTU,276,Germany,DEU,,,,,,,,27,"Mineral fuels, mineral oils and products of their distillation; bituminous substances; mineral waxes",1,No Quantity,,,,,,,21163257,,,0
H4,2014,2014,2014,2,0,1,Import,440,Lithuania,LTU,348,Hungary,HUN,,,,,,,,27,"Mineral fuels, mineral oils and products of their distillation; bituminous substances; mineral waxes",1,No Quantity,,,,,,,1390054,,,0
H4,2014,2014,2014,2,0,1,Import,440,Lithuania,LTU,372,Ireland,IRL,,,,,,,,27,"Mineral fuels, mineral oils and products of their distillation; bituminous substances; mineral waxes",1,No Quantity,,,,,,,75,,,0
H4,2014,2014,2014,2,0,1,Import,440,Lithuania,LTU,381,Italy,ITA,,,,,,,,27,"Mineral fuels, mineral oils and products of their distillation; bituminous substances; mineral waxes",1,No Quantity,,,,,,,2026967,,,0
H4,2014,2014,2014,2,0,1,Import,440,Lithuania,LTU,392,Japan,JPN,,,,,,,,27,"Mineral fuels, mineral oils and products of their distillation; bituminous substances; mineral waxes",1,No Quantity,,,,,,,2558,,,0
H4,2014,2014,2014,2,0,1,Import,440,Lithuania,LTU,398,Kazakhstan,KAZ,,,,,,,,27,"Mineral fuels, mineral oils and products of their distillation; bituminous substances; mineral waxes",1,No Quantity,,,,,,,657507254,,,0
H4,2014,2014,2014,2,0,1,Import,440,Lithuania,LTU,410,Rep. of Korea,KOR,,,,,,,,27,"Mineral fuels, mineral oils and products of their distillation; bituminous substances; mineral waxes",1,No Quantity,,,,,,,22975,,,0
H4,2014,2014,2014,2,0,1,Import,440,Lithuania,LTU,428,Latvia,LVA,,,,,,,,27,"Mineral fuels, mineral oils and products of their distillation; bituminous substances; mineral waxes",1,No Quantity,,,,,,,346437995,,,0
H4,2014,2014,2014,2,0,1,Import,440,Lithuania,LTU,442,Luxembourg,LUX,,,,,,,,27,"Mineral fuels, mineral oils and products of their distillation; bituminous substances; mineral waxes",1,No Quantity,,,,,,,1971,,,0
H4,2014,2014,2014,2,0,1,Import,440,Lithuania,LTU,528,Netherlands,NLD,,,,,,,,27,"Mineral fuels, mineral oils and products of their distillation; bituminous substances; mineral waxes",1,No Quantity,,,,,,,8958937,,,0
H4,2014,2014,2014,2,0,1,Import,440,Lithuania,LTU,579,Norway,NOR,,,,,,,,27,"Mineral fuels, mineral oils and products of their distillation; bituminous substances; mineral waxes",1,No Quantity,,,,,,,26744576,,,0
H4,2014,2014,2014,2,0,1,Import,440,Lithuania,LTU,616,Poland,POL,,,,,,,,27,"Mineral fuels, mineral oils and products of their distillation; bituminous substances; mineral waxes",1,No Quantity,,,,,,,108907039,,,0
H4,2014,2014,2014,2,0,1,Import,440,Lithuania,LTU,642,Romania,ROU,,,,,,,,27,"Mineral fuels, mineral oils and products of their distillation; bituminous substances; mineral waxes",1,No Quantity,,,,,,,226663,,,0
H4,2014,2014,2014,2,0,1,Import,440,Lithuania,LTU,643,Russian Federation,RUS,,,,,,,,27,"Mineral fuels, mineral oils and products of their distillation; bituminous substances; mineral waxes",1,No Quantity,,,,,,,6740998774,,,0
H4,2014,2014,2014,2,0,1,Import,440,Lithuania,LTU,703,Slovakia,SVK,,,,,,,,27,"Mineral fuels, mineral oils and products of their distillation; bituminous substances; mineral waxes",1,No Quantity,,,,,,,2405991,,,0
H4,2014,2014,2014,2,0,1,Import,440,Lithuania,LTU,705,Slovenia,SVN,,,,,,,,27,"Mineral fuels, mineral oils and products of their distillation; bituminous substances; mineral waxes",1,No Quantity,,,,,,,61291,,,0
H4,2014,2014,2014,2,0,1,Import,440,Lithuania,LTU,724,Spain,ESP,,,,,,,,27,"Mineral fuels, mineral oils and products of their distillation; bituminous substances; mineral waxes",1,No Quantity,,,,,,,481832,,,0
H4,2014,2014,2014,2,0,1,Import,440,Lithuania,LTU,752,Sweden,SWE,,,,,,,,27,"Mineral fuels, mineral oils and products of their distillation; bituminous substances; mineral waxes",1,No Quantity,,,,,,,1910536,,,0
H4,2014,2014,2014,2,0,1,Import,440,Lithuania,LTU,757,Switzerland,CHE,,,,,,,,27,"Mineral fuels, mineral oils and products of their distillation; bituminous substances; mineral waxes",1,No Quantity,,,,,,,130469,,,0
H4,2014,2014,2014,2,0,1,Import,440,Lithuania,LTU,792,Turkey,TUR,,,,,,,,27,"Mineral fuels, mineral oils and products of their distillation; bituminous substances; mineral waxes",1,No Quantity,,,,,,,4977,,,0
H4,2014,2014,2014,2,0,1,Import,440,Lithuania,LTU,795,Turkmenistan,TKM,,,,,,,,27,"Mineral fuels, mineral oils and products of their distillation; bituminous substances; mineral waxes",1,No Quantity,,,,,,,3195217,,,0
H4,2014,2014,2014,2,0,1,Import,440,Lithuania,LTU,804,Ukraine,UKR,,,,,,,,27,"Mineral fuels, mineral oils and products of their distillation; bituminous substances; mineral waxes",1,No Quantity,,,,,,,44377477,,,0
H4,2014,2014,2014,2,0,1,Import,440,Lithuania,LTU,826,United Kingdom,GBR,,,,,,,,27,"Mineral fuels, mineral oils and products of their distillation; bituminous substances; mineral waxes",1,No Quantity,,,,,,,3380823,,,0
H4,2014,2014,2014,2,0,1,Import,440,Lithuania,LTU,842,USA,USA,,,,,,,,27,"Mineral fuels, mineral oils and products of their distillation; bituminous substances; mineral waxes",1,No Quantity,,,,,,,78824285,,,0
H4,2014,2014,2014,2,0,1,Import,440,Lithuania,LTU,860,Uzbekistan,UZB,,,,,,,,27,"Mineral fuels, mineral oils and products of their distillation; bituminous substances; mineral waxes",1,No Quantity,,,,,,,3650560,,,0
H4,2015,2015,2015,2,0,1,Import,440,Lithuania,LTU,0,World,WLD,,,,,,,,27,"Mineral fuels, mineral oils and products of their distillation; bituminous substances; mineral waxes",1,No Quantity,,,,,,,5689006679,,,0
H4,2015,2015,2015,2,0,1,Import,440,Lithuania,LTU,12,Algeria,DZA,,,,,,,,27,"Mineral fuels, mineral oils and products of their distillation; bituminous substances; mineral waxes",1,No Quantity,,,,,,,78808577,,,0
H4,2015,2015,2015,2,0,1,Import,440,Lithuania,LTU,31,Azerbaijan,AZE,,,,,,,,27,"Mineral fuels, mineral oils and products of their distillation; bituminous substances; mineral waxes",1,No Quantity,,,,,,,33934187,,,0
H4,2015,2015,2015,2,0,1,Import,440,Lithuania,LTU,40,Austria,AUT,,,,,,,,27,"Mineral fuels, mineral oils and products of their distillation; bituminous substances; mineral waxes",1,No Quantity,,,,,,,1434224,,,0
H4,2015,2015,2015,2,0,1,Import,440,Lithuania,LTU,56,Belgium,BEL,,,,,,,,27,"Mineral fuels, mineral oils and products of their distillation; bituminous substances; mineral waxes",1,No Quantity,,,,,,,5489907,,,0
H4,2015,2015,2015,2,0,1,Import,440,Lithuania,LTU,76,Brazil,BRA,,,,,,,,27,"Mineral fuels, mineral oils and products of their distillation; bituminous substances; mineral waxes",1,No Quantity,,,,,,,13941,,,0
H4,2015,2015,2015,2,0,1,Import,440,Lithuania,LTU,100,Bulgaria,BGR,,,,,,,,27,"Mineral fuels, mineral oils and products of their distillation; bituminous substances; mineral waxes",1,No Quantity,,,,,,,131740,,,0
H4,2015,2015,2015,2,0,1,Import,440,Lithuania,LTU,112,Belarus,BLR,,,,,,,,27,"Mineral fuels, mineral oils and products of their distillation; bituminous substances; mineral waxes",1,No Quantity,,,,,,,392619007,,,0
H4,2015,2015,2015,2,0,1,Import,440,Lithuania,LTU,124,Canada,CAN,,,,,,,,27,"Mineral fuels, mineral oils and products of their distillation; bituminous substances; mineral waxes",1,No Quantity,,,,,,,26694,,,0
H4,2015,2015,2015,2,0,1,Import,440,Lithuania,LTU,156,China,CHN,,,,,,,,27,"Mineral fuels, mineral oils and products of their distillation; bituminous substances; mineral waxes",1,No Quantity,,,,,,,222836,,,0
H4,2015,2015,2015,2,0,1,Import,440,Lithuania,LTU,170,Colombia,COL,,,,,,,,27,"Mineral fuels, mineral oils and products of their distillation; bituminous substances; mineral waxes",1,No Quantity,,,,,,,28104,,,0
H4,2015,2015,2015,2,0,1,Import,440,Lithuania,LTU,203,Czechia,CZE,,,,,,,,27,"Mineral fuels, mineral oils and products of their distillation; bituminous substances; mineral waxes",1,No Quantity,,,,,,,782589,,,0
H4,2015,2015,2015,2,0,1,Import,440,Lithuania,LTU,208,Denmark,DNK,,,,,,,,27,"Mineral fuels, mineral oils and products of their distillation; bituminous substances; mineral waxes",1,No Quantity,,,,,,,4876899,,,0
H4,2015,2015,2015,2,0,1,Import,440,Lithuania,LTU,233,Estonia,EST,,,,,,,,27,"Mineral fuels, mineral oils and products of their distillation; bituminous substances; mineral waxes",1,No Quantity,,,,,,,40175718,,,0
H4,2015,2015,2015,2,0,1,Import,440,Lithuania,LTU,246,Finland,FIN,,,,,,,,27,"Mineral fuels, mineral oils and products of their distillation; bituminous substances; mineral waxes",1,No Quantity,,,,,,,129421493,,,0
H4,2015,2015,2015,2,0,1,Import,440,Lithuania,LTU,251,France,FRA,,,,,,,,27,"Mineral fuels, mineral oils and products of their distillation; bituminous substances; mineral waxes",1,No Quantity,,,,,,,3370430,,,0
H4,2015,2015,2015,2,0,1,Import,440,Lithuania,LTU,276,Germany,DEU,,,,,,,,27,"Mineral fuels, mineral oils and products of their distillation; bituminous substances; mineral waxes",1,No Quantity,,,,,,,18363667,,,0
H4,2015,2015,2015,2,0,1,Import,440,Lithuania,LTU,300,Greece,GRC,,,,,,,,27,"Mineral fuels, mineral oils and products of their distillation; bituminous substances; mineral waxes",1,No Quantity,,,,,,,303,,,0
H4,2015,2015,2015,2,0,1,Import,440,Lithuania,LTU,348,Hungary,HUN,,,,,,,,27,"Mineral fuels, mineral oils and products of their distillation; bituminous substances; mineral waxes",1,No Quantity,,,,,,,1100936,,,0
H4,2015,2015,2015,2,0,1,Import,440,Lithuania,LTU,368,Iraq,IRQ,,,,,,,,27,"Mineral fuels, mineral oils and products of their distillation; bituminous substances; mineral waxes",1,No Quantity,,,,,,,23391305,,,0
H4,2015,2015,2015,2,0,1,Import,440,Lithuania,LTU,372,Ireland,IRL,,,,,,,,27,"Mineral fuels, mineral oils and products of their distillation; bituminous substances; mineral waxes",1,No Quantity,,,,,,,15448,,,0
H4,2015,2015,2015,2,0,1,Import,440,Lithuania,LTU,381,Italy,ITA,,,,,,,,27,"Mineral fuels, mineral oils and products of their distillation; bituminous substances; mineral waxes",1,No Quantity,,,,,,,1277106,,,0
H4,2015,2015,2015,2,0,1,Import,440,Lithuania,LTU,392,Japan,JPN,,,,,,,,27,"Mineral fuels, mineral oils and products of their distillation; bituminous substances; mineral waxes",1,No Quantity,,,,,,,10610,,,0
H4,2015,2015,2015,2,0,1,Import,440,Lithuania,LTU,398,Kazakhstan,KAZ,,,,,,,,27,"Mineral fuels, mineral oils and products of their distillation; bituminous substances; mineral waxes",1,No Quantity,,,,,,,287936386,,,0
H4,2015,2015,2015,2,0,1,Import,440,Lithuania,LTU,400,Jordan,JOR,,,,,,,,27,"Mineral fuels, mineral oils and products of their distillation; bituminous substances; mineral waxes",1,No Quantity,,,,,,,5117,,,0
H4,2015,2015,2015,2,0,1,Import,440,Lithuania,LTU,410,Rep. of Korea,KOR,,,,,,,,27,"Mineral fuels, mineral oils and products of their distillation; bituminous substances; mineral waxes",1,No Quantity,,,,,,,306526,,,0
H4,2015,2015,2015,2,0,1,Import,440,Lithuania,LTU,428,Latvia,LVA,,,,,,,,27,"Mineral fuels, mineral oils and products of their distillation; bituminous substances; mineral waxes",1,No Quantity,,,,,,,490963455,,,0
H4,2015,2015,2015,2,0,1,Import,440,Lithuania,LTU,442,Luxembourg,LUX,,,,,,,,27,"Mineral fuels, mineral oils and products of their distillation; bituminous substances; mineral waxes",1,No Quantity,,,,,,,2176,,,0
H4,2015,2015,2015,2,0,1,Import,440,Lithuania,LTU,490,"Other Asia, nes",,,,,,,,,27,"Mineral fuels, mineral oils and products of their distillation; bituminous substances; mineral waxes",1,No Quantity,,,,,,,41,,,0
H4,2015,2015,2015,2,0,1,Import,440,Lithuania,LTU,512,Oman,OMN,,,,,,,,27,"Mineral fuels, mineral oils and products of their distillation; bituminous substances; mineral waxes",1,No Quantity,,,,,,,61705872,,,0
H4,2015,2015,2015,2,0,1,Import,440,Lithuania,LTU,528,Netherlands,NLD,,,,,,,,27,"Mineral fuels, mineral oils and products of their distillation; bituminous substances; mineral waxes",1,No Quantity,,,,,,,4168820,,,0
H4,2015,2015,2015,2,0,1,Import,440,Lithuania,LTU,566,Nigeria,NGA,,,,,,,,27,"Mineral fuels, mineral oils and products of their distillation; bituminous substances; mineral waxes",1,No Quantity,,,,,,,51434020,,,0
H4,2015,2015,2015,2,0,1,Import,440,Lithuania,LTU,579,Norway,NOR,,,,,,,,27,"Mineral fuels, mineral oils and products of their distillation; bituminous substances; mineral waxes",1,No Quantity,,,,,,,182086754,,,0
H4,2015,2015,2015,2,0,1,Import,440,Lithuania,LTU,616,Poland,POL,,,,,,,,27,"Mineral fuels, mineral oils and products of their distillation; bituminous substances; mineral waxes",1,No Quantity,,,,,,,49852221,,,0
H4,2015,2015,2015,2,0,1,Import,440,Lithuania,LTU,642,Romania,ROU,,,,,,,,27,"Mineral fuels, mineral oils and products of their distillation; bituminous substances; mineral waxes",1,No Quantity,,,,,,,30420,,,0
H4,2015,2015,2015,2,0,1,Import,440,Lithuania,LTU,643,Russian Federation,RUS,,,,,,,,27,"Mineral fuels, mineral oils and products of their distillation; bituminous substances; mineral waxes",1,No Quantity,,,,,,,3742314613,,,0
H4,2015,2015,2015,2,0,1,Import,440,Lithuania,LTU,699,India,IND,,,,,,,,27,"Mineral fuels, mineral oils and products of their distillation; bituminous substances; mineral waxes",1,No Quantity,,,,,,,187,,,0
H4,2015,2015,2015,2,0,1,Import,440,Lithuania,LTU,702,Singapore,SGP,,,,,,,,27,"Mineral fuels, mineral oils and products of their distillation; bituminous substances; mineral waxes",1,No Quantity,,,,,,,642876,,,0
H4,2015,2015,2015,2,0,1,Import,440,Lithuania,LTU,703,Slovakia,SVK,,,,,,,,27,"Mineral fuels, mineral oils and products of their distillation; bituminous substances; mineral waxes",1,No Quantity,,,,,,,294465,,,0
H4,2015,2015,2015,2,0,1,Import,440,Lithuania,LTU,705,Slovenia,SVN,,,,,,,,27,"Mineral fuels, mineral oils and products of their distillation; bituminous substances; mineral waxes",1,No Quantity,,,,,,,757433,,,0
H4,2015,2015,2015,2,0,1,Import,440,Lithuania,LTU,724,Spain,ESP,,,,,,,,27,"Mineral fuels, mineral oils and products of their distillation; bituminous substances; mineral waxes",1,No Quantity,,,,,,,483811,,,0
H4,2015,2015,2015,2,0,1,Import,440,Lithuania,LTU,752,Sweden,SWE,,,,,,,,27,"Mineral fuels, mineral oils and products of their distillation; bituminous substances; mineral waxes",1,No Quantity,,,,,,,3052634,,,0
H4,2015,2015,2015,2,0,1,Import,440,Lithuania,LTU,757,Switzerland,CHE,,,,,,,,27,"Mineral fuels, mineral oils and products of their distillation; bituminous substances; mineral waxes",1,No Quantity,,,,,,,109722,,,0
H4,2015,2015,2015,2,0,1,Import,440,Lithuania,LTU,792,Turkey,TUR,,,,,,,,27,"Mineral fuels, mineral oils and products of their distillation; bituminous substances; mineral waxes",1,No Quantity,,,,,,,2057,,,0
H4,2015,2015,2015,2,0,1,Import,440,Lithuania,LTU,804,Ukraine,UKR,,,,,,,,27,"Mineral fuels, mineral oils and products of their distillation; bituminous substances; mineral waxes",1,No Quantity,,,,,,,8185421,,,0
H4,2015,2015,2015,2,0,1,Import,440,Lithuania,LTU,826,United Kingdom,GBR,,,,,,,,27,"Mineral fuels, mineral oils and products of their distillation; bituminous substances; mineral waxes",1,No Quantity,,,,,,,3768929,,,0
H4,2015,2015,2015,2,0,1,Import,440,Lithuania,LTU,842,USA,USA,,,,,,,,27,"Mineral fuels, mineral oils and products of their distillation; bituminous substances; mineral waxes",1,No Quantity,,,,,,,64834250,,,0
H4,2015,2015,2015,2,0,1,Import,440,Lithuania,LTU,860,Uzbekistan,UZB,,,,,,,,27,"Mineral fuels, mineral oils and products of their distillation; bituminous substances; mineral waxes",1,No Quantity,,,,,,,572752,,,0
H4,2016,2016,2016,2,0,1,Import,440,Lithuania,LTU,0,World,WLD,,,,,,,,27,"Mineral fuels, mineral oils and products of their distillation; bituminous substances; mineral waxes",1,No Quantity,0,,,,,,4620314682,,,4
H4,2016,2016,2016,2,0,1,Import,440,Lithuania,LTU,8,Albania,ALB,,,,,,,,27,"Mineral fuels, mineral oils and products of their distillation; bituminous substances; mineral waxes",1,No Quantity,0,,,,0,,4971,,,0
H4,2016,2016,2016,2,0,1,Import,440,Lithuania,LTU,20,Andorra,AND,,,,,,,,27,"Mineral fuels, mineral oils and products of their distillation; bituminous substances; mineral waxes",1,No Quantity,0,,,,0,,158164,,,0
H4,2016,2016,2016,2,0,1,Import,440,Lithuania,LTU,40,Austria,AUT,,,,,,,,27,"Mineral fuels, mineral oils and products of their distillation; bituminous substances; mineral waxes",1,No Quantity,0,,,,0,,2105092,,,0
H4,2016,2016,2016,2,0,1,Import,440,Lithuania,LTU,56,Belgium,BEL,,,,,,,,27,"Mineral fuels, mineral oils and products of their distillation; bituminous substances; mineral waxes",1,No Quantity,0,,,,0,,3961906,,,4
H4,2016,2016,2016,2,0,1,Import,440,Lithuania,LTU,100,Bulgaria,BGR,,,,,,,,27,"Mineral fuels, mineral oils and products of their distillation; bituminous substances; mineral waxes",1,No Quantity,0,,,,0,,15616,,,4
H4,2016,2016,2016,2,0,1,Import,440,Lithuania,LTU,112,Belarus,BLR,,,,,,,,27,"Mineral fuels, mineral oils and products of their distillation; bituminous substances; mineral waxes",1,No Quantity,0,,,,0,,249357935,,,4
H4,2016,2016,2016,2,0,1,Import,440,Lithuania,LTU,124,Canada,CAN,,,,,,,,27,"Mineral fuels, mineral oils and products of their distillation; bituminous substances; mineral waxes",1,No Quantity,0,,,,,,986,,,4
H4,2016,2016,2016,2,0,1,Import,440,Lithuania,LTU,156,China,CHN,,,,,,,,27,"Mineral fuels, mineral oils and products of their distillation; bituminous substances; mineral waxes",1,No Quantity,0,,,,0,,2949766,,,0
H4,2016,2016,2016,2,0,1,Import,440,Lithuania,LTU,170,Colombia,COL,,,,,,,,27,"Mineral fuels, mineral oils and products of their distillation; bituminous substances; mineral waxes",1,No Quantity,0,,,,0,,16041,,,0
H4,2016,2016,2016,2,0,1,Import,440,Lithuania,LTU,191,Croatia,HRV,,,,,,,,27,"Mineral fuels, mineral oils and products of their distillation; bituminous substances; mineral waxes",1,No Quantity,0,,,,0,,2706,,,0
H4,2016,2016,2016,2,0,1,Import,440,Lithuania,LTU,203,Czechia,CZE,,,,,,,,27,"Mineral fuels, mineral oils and products of their distillation; bituminous substances; mineral waxes",1,No Quantity,0,,,,0,,590434,,,4
H4,2016,2016,2016,2,0,1,Import,440,Lithuania,LTU,208,Denmark,DNK,,,,,,,,27,"Mineral fuels, mineral oils and products of their distillation; bituminous substances; mineral waxes",1,No Quantity,0,,,,0,,3541543,,,0
H4,2016,2016,2016,2,0,1,Import,440,Lithuania,LTU,233,Estonia,EST,,,,,,,,27,"Mineral fuels, mineral oils and products of their distillation; bituminous substances; mineral waxes",1,No Quantity,0,,,,0,,43543407,,,4
H4,2016,2016,2016,2,0,1,Import,440,Lithuania,LTU,246,Finland,FIN,,,,,,,,27,"Mineral fuels, mineral oils and products of their distillation; bituminous substances; mineral waxes",1,No Quantity,0,,,,0,,170836846,,,4
H4,2016,2016,2016,2,0,1,Import,440,Lithuania,LTU,251,France,FRA,,,,,,,,27,"Mineral fuels, mineral oils and products of their distillation; bituminous substances; mineral waxes",1,No Quantity,0,,,,0,,5339361,,,0
H4,2016,2016,2016,2,0,1,Import,440,Lithuania,LTU,268,Georgia,GEO,,,,,,,,27,"Mineral fuels, mineral oils and products of their distillation; bituminous substances; mineral waxes",1,No Quantity,0,,,,0,,14290,,,0
H4,2016,2016,2016,2,0,1,Import,440,Lithuania,LTU,276,Germany,DEU,,,,,,,,27,"Mineral fuels, mineral oils and products of their distillation; bituminous substances; mineral waxes",1,No Quantity,0,,,,0,,20991563,,,0
H4,2016,2016,2016,2,0,1,Import,440,Lithuania,LTU,348,Hungary,HUN,,,,,,,,27,"Mineral fuels, mineral oils and products of their distillation; bituminous substances; mineral waxes",1,No Quantity,0,,,,0,,1130076,,,0
H4,2016,2016,2016,2,0,1,Import,440,Lithuania,LTU,364,Iran,IRN,,,,,,,,27,"Mineral fuels, mineral oils and products of their distillation; bituminous substances; mineral waxes",1,No Quantity,0,,,,0,,229504,,,0
H4,2016,2016,2016,2,0,1,Import,440,Lithuania,LTU,372,Ireland,IRL,,,,,,,,27,"Mineral fuels, mineral oils and products of their distillation; bituminous substances; mineral waxes",1,No Quantity,0,,,,0,,71134,,,0
H4,2016,2016,2016,2,0,1,Import,440,Lithuania,LTU,381,Italy,ITA,,,,,,,,27,"Mineral fuels, mineral oils and products of their distillation; bituminous substances; mineral waxes",1,No Quantity,0,,,,0,,20133385,,,0
H4,2016,2016,2016,2,0,1,Import,440,Lithuania,LTU,392,Japan,JPN,,,,,,,,27,"Mineral fuels, mineral oils and products of their distillation; bituminous substances; mineral waxes",1,No Quantity,0,,,,0,,5090,,,0
H4,2016,2016,2016,2,0,1,Import,440,Lithuania,LTU,398,Kazakhstan,KAZ,,,,,,,,27,"Mineral fuels, mineral oils and products of their distillation; bituminous substances; mineral waxes",1,No Quantity,0,,,,0,,300393490,,,0
H4,2016,2016,2016,2,0,1,Import,440,Lithuania,LTU,428,Latvia,LVA,,,,,,,,27,"Mineral fuels, mineral oils and products of their distillation; bituminous substances; mineral waxes",1,No Quantity,0,,,,0,,286272412,,,4
H4,2016,2016,2016,2,0,1,Import,440,Lithuania,LTU,442,Luxembourg,LUX,,,,,,,,27,"Mineral fuels, mineral oils and products of their distillation; bituminous substances; mineral waxes",1,No Quantity,0,,,,0,,28,,,0
H4,2016,2016,2016,2,0,1,Import,440,Lithuania,LTU,484,Mexico,MEX,,,,,,,,27,"Mineral fuels, mineral oils and products of their distillation; bituminous substances; mineral waxes",1,No Quantity,0,,,,0,,6,,,0
H4,2016,2016,2016,2,0,1,Import,440,Lithuania,LTU,528,Netherlands,NLD,,,,,,,,27,"Mineral fuels, mineral oils and products of their distillation; bituminous substances; mineral waxes",1,No Quantity,0,,,,0,,11598104,,,4
H4,2016,2016,2016,2,0,1,Import,440,Lithuania,LTU,579,Norway,NOR,,,,,,,,27,"Mineral fuels, mineral oils and products of their distillation; bituminous substances; mineral waxes",1,No Quantity,0,,,,0,,248742834,,,0
H4,2016,2016,2016,2,0,1,Import,440,Lithuania,LTU,616,Poland,POL,,,,,,,,27,"Mineral fuels, mineral oils and products of their distillation; bituminous substances; mineral waxes",1,No Quantity,0,,,,0,,43560583,,,4
H4,2016,2016,2016,2,0,1,Import,440,Lithuania,LTU,642,Romania,ROU,,,,,,,,27,"Mineral fuels, mineral oils and products of their distillation; bituminous substances; mineral waxes",1,No Quantity,0,,,,0,,926,,,0
H4,2016,2016,2016,2,0,1,Import,440,Lithuania,LTU,643,Russian Federation,RUS,,,,,,,,27,"Mineral fuels, mineral oils and products of their distillation; bituminous substances; mineral waxes",1,No Quantity,0,,,,0,,2946723568,,,4
H4,2016,2016,2016,2,0,1,Import,440,Lithuania,LTU,682,Saudi Arabia,SAU,,,,,,,,27,"Mineral fuels, mineral oils and products of their distillation; bituminous substances; mineral waxes",1,No Quantity,0,,,,0,,97144749,,,0
H4,2016,2016,2016,2,0,1,Import,440,Lithuania,LTU,703,Slovakia,SVK,,,,,,,,27,"Mineral fuels, mineral oils and products of their distillation; bituminous substances; mineral waxes",1,No Quantity,0,,,,0,,118728,,,0
H4,2016,2016,2016,2,0,1,Import,440,Lithuania,LTU,705,Slovenia,SVN,,,,,,,,27,"Mineral fuels, mineral oils and products of their distillation; bituminous substances; mineral waxes",1,No Quantity,0,,,,0,,30673,,,0
H4,2016,2016,2016,2,0,1,Import,440,Lithuania,LTU,724,Spain,ESP,,,,,,,,27,"Mineral fuels, mineral oils and products of their distillation; bituminous substances; mineral waxes",1,No Quantity,0,,,,0,,550694,,,0
H4,2016,2016,2016,2,0,1,Import,440,Lithuania,LTU,752,Sweden,SWE,,,,,,,,27,"Mineral fuels, mineral oils and products of their distillation; bituminous substances; mineral waxes",1,No Quantity,0,,,,0,,128603948,,,4
H4,2016,2016,2016,2,0,1,Import,440,Lithuania,LTU,757,Switzerland,CHE,,,,,,,,27,"Mineral fuels, mineral oils and products of their distillation; bituminous substances; mineral waxes",1,No Quantity,0,,,,0,,93166,,,0
H4,2016,2016,2016,2,0,1,Import,440,Lithuania,LTU,792,Turkey,TUR,,,,,,,,27,"Mineral fuels, mineral oils and products of their distillation; bituminous substances; mineral waxes",1,No Quantity,0,,,,0,,63281,,,0
H4,2016,2016,2016,2,0,1,Import,440,Lithuania,LTU,804,Ukraine,UKR,,,,,,,,27,"Mineral fuels, mineral oils and products of their distillation; bituminous substances; mineral waxes",1,No Quantity,0,,,,0,,3714455,,,0
H4,2016,2016,2016,2,0,1,Import,440,Lithuania,LTU,826,United Kingdom,GBR,,,,,,,,27,"Mineral fuels, mineral oils and products of their distillation; bituminous substances; mineral waxes",1,No Quantity,0,,,,0,,27088080,,,0
H4,2016,2016,2016,2,0,1,Import,440,Lithuania,LTU,842,USA,USA,,,,,,,,27,"Mineral fuels, mineral oils and products of their distillation; bituminous substances; mineral waxes",1,No Quantity,0,,,,0,,205990,,,0
H4,2016,2016,2016,2,0,1,Import,440,Lithuania,LTU,860,Uzbekistan,UZB,,,,,,,,27,"Mineral fuels, mineral oils and products of their distillation; bituminous substances; mineral waxes",1,No Quantity,0,,,,0,,409151,,,0
