Classification,Year,Period,Period Desc.,Aggregate Level,Is Leaf Code,Trade Flow Code,Trade Flow,Reporter Code,Reporter,Reporter ISO,Partner Code,Partner,Partner ISO,2nd Partner Code,2nd Partner,2nd Partner ISO,Customs Proc. Code,Customs,Mode of Transport Code,Mode of Transport,Commodity Code,Commodity,Qty Unit Code,Qty Unit,Qty,Alt Qty Unit Code,Alt Qty Unit,Alt Qty,Netweight (kg),Gross weight (kg),Trade Value (US$),CIF Trade Value (US$),FOB Trade Value (US$),Flag
H5,2017,2017,2017,2,0,1,Import,442,Luxembourg,LUX,0,World,WLD,,,,,,,,27,"Mineral fuels, mineral oils and products of their distillation; bituminous substances; mineral waxes",1,No Quantity,0,,,,0,,1396612707,,,4
H5,2017,2017,2017,2,0,1,Import,442,Luxembourg,LUX,36,Australia,AUS,,,,,,,,27,"Mineral fuels, mineral oils and products of their distillation; bituminous substances; mineral waxes",1,No Quantity,0,,,,0,,33708,,,0
H5,2017,2017,2017,2,0,1,Import,442,Luxembourg,LUX,40,Austria,AUT,,,,,,,,27,"Mineral fuels, mineral oils and products of their distillation; bituminous substances; mineral waxes",1,No Quantity,0,,,,0,,10089,,,0
H5,2017,2017,2017,2,0,1,Import,442,Luxembourg,LUX,50,Bangladesh,BGD,,,,,,,,27,"Mineral fuels, mineral oils and products of their distillation; bituminous substances; mineral waxes",1,No Quantity,0,,,,0,,1398,,,0
H5,2017,2017,2017,2,0,1,Import,442,Luxembourg,LUX,56,Belgium,BEL,,,,,,,,27,"Mineral fuels, mineral oils and products of their distillation; bituminous substances; mineral waxes",1,No Quantity,0,,,,0,,974380013,,,4
H5,2017,2017,2017,2,0,1,Import,442,Luxembourg,LUX,76,Brazil,BRA,,,,,,,,27,"Mineral fuels, mineral oils and products of their distillation; bituminous substances; mineral waxes",1,No Quantity,0,,,,0,,239993,,,0
H5,2017,2017,2017,2,0,1,Import,442,Luxembourg,LUX,124,Canada,CAN,,,,,,,,27,"Mineral fuels, mineral oils and products of their distillation; bituminous substances; mineral waxes",1,No Quantity,0,,,,0,,9185,,,0
H5,2017,2017,2017,2,0,1,Import,442,Luxembourg,LUX,144,Sri Lanka,LKA,,,,,,,,27,"Mineral fuels, mineral oils and products of their distillation; bituminous substances; mineral waxes",1,No Quantity,0,,,,0,,29,,,0
H5,2017,2017,2017,2,0,1,Import,442,Luxembourg,LUX,156,China,CHN,,,,,,,,27,"Mineral fuels, mineral oils and products of their distillation; bituminous substances; mineral waxes",1,No Quantity,0,,,,0,,2065,,,0
H5,2017,2017,2017,2,0,1,Import,442,Luxembourg,LUX,203,Czechia,CZE,,,,,,,,27,"Mineral fuels, mineral oils and products of their distillation; bituminous substances; mineral waxes",1,No Quantity,0,,,,0,,80632,,,4
H5,2017,2017,2017,2,0,1,Import,442,Luxembourg,LUX,208,Denmark,DNK,,,,,,,,27,"Mineral fuels, mineral oils and products of their distillation; bituminous substances; mineral waxes",1,No Quantity,0,,,,0,,11705,,,0
H5,2017,2017,2017,2,0,1,Import,442,Luxembourg,LUX,233,Estonia,EST,,,,,,,,27,"Mineral fuels, mineral oils and products of their distillation; bituminous substances; mineral waxes",1,No Quantity,0,,,,0,,1974,,,0
H5,2017,2017,2017,2,0,1,Import,442,Luxembourg,LUX,246,Finland,FIN,,,,,,,,27,"Mineral fuels, mineral oils and products of their distillation; bituminous substances; mineral waxes",1,No Quantity,0,,,,0,,135,,,0
H5,2017,2017,2017,2,0,1,Import,442,Luxembourg,LUX,251,France,FRA,,,,,,,,27,"Mineral fuels, mineral oils and products of their distillation; bituminous substances; mineral waxes",1,No Quantity,0,,,,0,,39606230,,,4
H5,2017,2017,2017,2,0,1,Import,442,Luxembourg,LUX,276,Germany,DEU,,,,,,,,27,"Mineral fuels, mineral oils and products of their distillation; bituminous substances; mineral waxes",1,No Quantity,0,,,,0,,314334585,,,4
H5,2017,2017,2017,2,0,1,Import,442,Luxembourg,LUX,300,Greece,GRC,,,,,,,,27,"Mineral fuels, mineral oils and products of their distillation; bituminous substances; mineral waxes",1,No Quantity,0,,,,0,,67165,,,0
H5,2017,2017,2017,2,0,1,Import,442,Luxembourg,LUX,348,Hungary,HUN,,,,,,,,27,"Mineral fuels, mineral oils and products of their distillation; bituminous substances; mineral waxes",1,No Quantity,0,,,,0,,35,,,0
H5,2017,2017,2017,2,0,1,Import,442,Luxembourg,LUX,381,Italy,ITA,,,,,,,,27,"Mineral fuels, mineral oils and products of their distillation; bituminous substances; mineral waxes",1,No Quantity,0,,,,0,,210767,,,0
H5,2017,2017,2017,2,0,1,Import,442,Luxembourg,LUX,392,Japan,JPN,,,,,,,,27,"Mineral fuels, mineral oils and products of their distillation; bituminous substances; mineral waxes",1,No Quantity,0,,,,0,,30700,,,4
H5,2017,2017,2017,2,0,1,Import,442,Luxembourg,LUX,408,Dem. People's Rep. of Korea,PRK,,,,,,,,27,"Mineral fuels, mineral oils and products of their distillation; bituminous substances; mineral waxes",1,No Quantity,0,,,,0,,82,,,0
H5,2017,2017,2017,2,0,1,Import,442,Luxembourg,LUX,410,Rep. of Korea,KOR,,,,,,,,27,"Mineral fuels, mineral oils and products of their distillation; bituminous substances; mineral waxes",1,No Quantity,0,,,,0,,1949,,,0
H5,2017,2017,2017,2,0,1,Import,442,Luxembourg,LUX,440,Lithuania,LTU,,,,,,,,27,"Mineral fuels, mineral oils and products of their distillation; bituminous substances; mineral waxes",1,No Quantity,0,,,,0,,761,,,0
H5,2017,2017,2017,2,0,1,Import,442,Luxembourg,LUX,442,Luxembourg,LUX,,,,,,,,27,"Mineral fuels, mineral oils and products of their distillation; bituminous substances; mineral waxes",1,No Quantity,0,,,,0,,49058,,,0
H5,2017,2017,2017,2,0,1,Import,442,Luxembourg,LUX,484,Mexico,MEX,,,,,,,,27,"Mineral fuels, mineral oils and products of their distillation; bituminous substances; mineral waxes",1,No Quantity,0,,,,0,,373,,,0
H5,2017,2017,2017,2,0,1,Import,442,Luxembourg,LUX,490,"Other Asia, nes",,,,,,,,,27,"Mineral fuels, mineral oils and products of their distillation; bituminous substances; mineral waxes",1,No Quantity,0,,,,0,,64,,,0
H5,2017,2017,2017,2,0,1,Import,442,Luxembourg,LUX,528,Netherlands,NLD,,,,,,,,27,"Mineral fuels, mineral oils and products of their distillation; bituminous substances; mineral waxes",1,No Quantity,0,,,,0,,53807974,,,0
H5,2017,2017,2017,2,0,1,Import,442,Luxembourg,LUX,568,"Other Europe, nes",,,,,,,,,27,"Mineral fuels, mineral oils and products of their distillation; bituminous substances; mineral waxes",1,No Quantity,0,,,,0,,7260979,,,4
H5,2017,2017,2017,2,0,1,Import,442,Luxembourg,LUX,579,Norway,NOR,,,,,,,,27,"Mineral fuels, mineral oils and products of their distillation; bituminous substances; mineral waxes",1,No Quantity,0,,,,0,,91,,,0
H5,2017,2017,2017,2,0,1,Import,442,Luxembourg,LUX,586,Pakistan,PAK,,,,,,,,27,"Mineral fuels, mineral oils and products of their distillation; bituminous substances; mineral waxes",1,No Quantity,0,,,,0,,82,,,0
H5,2017,2017,2017,2,0,1,Import,442,Luxembourg,LUX,616,Poland,POL,,,,,,,,27,"Mineral fuels, mineral oils and products of their distillation; bituminous substances; mineral waxes",1,No Quantity,0,,,,0,,28296,,,0
H5,2017,2017,2017,2,0,1,Import,442,Luxembourg,LUX,620,Portugal,PRT,,,,,,,,27,"Mineral fuels, mineral oils and products of their distillation; bituminous substances; mineral waxes",1,No Quantity,0,,,,0,,174,,,0
H5,2017,2017,2017,2,0,1,Import,442,Luxembourg,LUX,643,Russian Federation,RUS,,,,,,,,27,"Mineral fuels, mineral oils and products of their distillation; bituminous substances; mineral waxes",1,No Quantity,0,,,,0,,633893,,,0
H5,2017,2017,2017,2,0,1,Import,442,Luxembourg,LUX,682,Saudi Arabia,SAU,,,,,,,,27,"Mineral fuels, mineral oils and products of their distillation; bituminous substances; mineral waxes",1,No Quantity,0,,,,0,,280,,,0
H5,2017,2017,2017,2,0,1,Import,442,Luxembourg,LUX,699,India,IND,,,,,,,,27,"Mineral fuels, mineral oils and products of their distillation; bituminous substances; mineral waxes",1,No Quantity,0,,,,0,,156,,,0
H5,2017,2017,2017,2,0,1,Import,442,Luxembourg,LUX,703,Slovakia,SVK,,,,,,,,27,"Mineral fuels, mineral oils and products of their distillation; bituminous substances; mineral waxes",1,No Quantity,0,,,,0,,739,,,0
H5,2017,2017,2017,2,0,1,Import,442,Luxembourg,LUX,710,South Africa,ZAF,,,,,,,,27,"Mineral fuels, mineral oils and products of their distillation; bituminous substances; mineral waxes",1,No Quantity,0,,,,0,,4807509,,,0
H5,2017,2017,2017,2,0,1,Import,442,Luxembourg,LUX,724,Spain,ESP,,,,,,,,27,"Mineral fuels, mineral oils and products of their distillation; bituminous substances; mineral waxes",1,No Quantity,0,,,,0,,501670,,,0
H5,2017,2017,2017,2,0,1,Import,442,Luxembourg,LUX,752,Sweden,SWE,,,,,,,,27,"Mineral fuels, mineral oils and products of their distillation; bituminous substances; mineral waxes",1,No Quantity,0,,,,0,,166645,,,0
H5,2017,2017,2017,2,0,1,Import,442,Luxembourg,LUX,757,Switzerland,CHE,,,,,,,,27,"Mineral fuels, mineral oils and products of their distillation; bituminous substances; mineral waxes",1,No Quantity,0,,,,0,,5319,,,0
H5,2017,2017,2017,2,0,1,Import,442,Luxembourg,LUX,764,Thailand,THA,,,,,,,,27,"Mineral fuels, mineral oils and products of their distillation; bituminous substances; mineral waxes",1,No Quantity,0,,,,0,,12278,,,0
H5,2017,2017,2017,2,0,1,Import,442,Luxembourg,LUX,784,United Arab Emirates,ARE,,,,,,,,27,"Mineral fuels, mineral oils and products of their distillation; bituminous substances; mineral waxes",1,No Quantity,0,,,,0,,23172,,,0
H5,2017,2017,2017,2,0,1,Import,442,Luxembourg,LUX,826,United Kingdom,GBR,,,,,,,,27,"Mineral fuels, mineral oils and products of their distillation; bituminous substances; mineral waxes",1,No Quantity,0,,,,0,,134890,,,0
H5,2017,2017,2017,2,0,1,Import,442,Luxembourg,LUX,842,USA,USA,,,,,,,,27,"Mineral fuels, mineral oils and products of their distillation; bituminous substances; mineral waxes",1,No Quantity,0,,,,0,,131132,,,4
H5,2017,2017,2017,2,0,1,Import,442,Luxembourg,LUX,899,"Areas, nes",,,,,,,,,27,"Mineral fuels, mineral oils and products of their distillation; bituminous substances; mineral waxes",1,No Quantity,0,,,,0,,24713,,,0
H5,2018,2018,2018,2,0,1,Import,442,Luxembourg,LUX,0,World,WLD,,,,,,,,27,"Mineral fuels, mineral oils and products of their distillation; bituminous substances; mineral waxes",1,No Quantity,0,,,,0,,2391265648,,,4
H5,2018,2018,2018,2,0,1,Import,442,Luxembourg,LUX,40,Austria,AUT,,,,,,,,27,"Mineral fuels, mineral oils and products of their distillation; bituminous substances; mineral waxes",1,No Quantity,0,,,,0,,22136,,,0
H5,2018,2018,2018,2,0,1,Import,442,Luxembourg,LUX,56,Belgium,BEL,,,,,,,,27,"Mineral fuels, mineral oils and products of their distillation; bituminous substances; mineral waxes",1,No Quantity,0,,,,0,,1271841091,,,4
H5,2018,2018,2018,2,0,1,Import,442,Luxembourg,LUX,70,Bosnia Herzegovina,BIH,,,,,,,,27,"Mineral fuels, mineral oils and products of their distillation; bituminous substances; mineral waxes",1,No Quantity,0,,,,0,,201,,,0
H5,2018,2018,2018,2,0,1,Import,442,Luxembourg,LUX,76,Brazil,BRA,,,,,,,,27,"Mineral fuels, mineral oils and products of their distillation; bituminous substances; mineral waxes",1,No Quantity,0,,,,0,,3364456,,,0
H5,2018,2018,2018,2,0,1,Import,442,Luxembourg,LUX,84,Belize,BLZ,,,,,,,,27,"Mineral fuels, mineral oils and products of their distillation; bituminous substances; mineral waxes",1,No Quantity,0,,,,0,,650,,,0
H5,2018,2018,2018,2,0,1,Import,442,Luxembourg,LUX,124,Canada,CAN,,,,,,,,27,"Mineral fuels, mineral oils and products of their distillation; bituminous substances; mineral waxes",1,No Quantity,0,,,,0,,4342,,,0
H5,2018,2018,2018,2,0,1,Import,442,Luxembourg,LUX,144,Sri Lanka,LKA,,,,,,,,27,"Mineral fuels, mineral oils and products of their distillation; bituminous substances; mineral waxes",1,No Quantity,0,,,,0,,66,,,0
H5,2018,2018,2018,2,0,1,Import,442,Luxembourg,LUX,156,China,CHN,,,,,,,,27,"Mineral fuels, mineral oils and products of their distillation; bituminous substances; mineral waxes",1,No Quantity,0,,,,0,,5533,,,0
H5,2018,2018,2018,2,0,1,Import,442,Luxembourg,LUX,203,Czechia,CZE,,,,,,,,27,"Mineral fuels, mineral oils and products of their distillation; bituminous substances; mineral waxes",1,No Quantity,0,,,,0,,108705,,,0
H5,2018,2018,2018,2,0,1,Import,442,Luxembourg,LUX,208,Denmark,DNK,,,,,,,,27,"Mineral fuels, mineral oils and products of their distillation; bituminous substances; mineral waxes",1,No Quantity,0,,,,0,,3694,,,0
H5,2018,2018,2018,2,0,1,Import,442,Luxembourg,LUX,246,Finland,FIN,,,,,,,,27,"Mineral fuels, mineral oils and products of their distillation; bituminous substances; mineral waxes",1,No Quantity,0,,,,0,,109,,,0
H5,2018,2018,2018,2,0,1,Import,442,Luxembourg,LUX,251,France,FRA,,,,,,,,27,"Mineral fuels, mineral oils and products of their distillation; bituminous substances; mineral waxes",1,No Quantity,0,,,,0,,82648682,,,4
H5,2018,2018,2018,2,0,1,Import,442,Luxembourg,LUX,276,Germany,DEU,,,,,,,,27,"Mineral fuels, mineral oils and products of their distillation; bituminous substances; mineral waxes",1,No Quantity,0,,,,0,,415242182,,,4
H5,2018,2018,2018,2,0,1,Import,442,Luxembourg,LUX,300,Greece,GRC,,,,,,,,27,"Mineral fuels, mineral oils and products of their distillation; bituminous substances; mineral waxes",1,No Quantity,0,,,,0,,53235,,,4
H5,2018,2018,2018,2,0,1,Import,442,Luxembourg,LUX,348,Hungary,HUN,,,,,,,,27,"Mineral fuels, mineral oils and products of their distillation; bituminous substances; mineral waxes",1,No Quantity,0,,,,0,,42,,,0
H5,2018,2018,2018,2,0,1,Import,442,Luxembourg,LUX,381,Italy,ITA,,,,,,,,27,"Mineral fuels, mineral oils and products of their distillation; bituminous substances; mineral waxes",1,No Quantity,0,,,,0,,100231,,,4
H5,2018,2018,2018,2,0,1,Import,442,Luxembourg,LUX,392,Japan,JPN,,,,,,,,27,"Mineral fuels, mineral oils and products of their distillation; bituminous substances; mineral waxes",1,No Quantity,0,,,,0,,115453,,,4
H5,2018,2018,2018,2,0,1,Import,442,Luxembourg,LUX,408,Dem. People's Rep. of Korea,PRK,,,,,,,,27,"Mineral fuels, mineral oils and products of their distillation; bituminous substances; mineral waxes",1,No Quantity,0,,,,0,,17,,,0
H5,2018,2018,2018,2,0,1,Import,442,Luxembourg,LUX,442,Luxembourg,LUX,,,,,,,,27,"Mineral fuels, mineral oils and products of their distillation; bituminous substances; mineral waxes",1,No Quantity,0,,,,0,,82824,,,0
H5,2018,2018,2018,2,0,1,Import,442,Luxembourg,LUX,458,Malaysia,MYS,,,,,,,,27,"Mineral fuels, mineral oils and products of their distillation; bituminous substances; mineral waxes",1,No Quantity,0,,,,0,,5,,,0
H5,2018,2018,2018,2,0,1,Import,442,Luxembourg,LUX,484,Mexico,MEX,,,,,,,,27,"Mineral fuels, mineral oils and products of their distillation; bituminous substances; mineral waxes",1,No Quantity,0,,,,0,,90,,,0
H5,2018,2018,2018,2,0,1,Import,442,Luxembourg,LUX,528,Netherlands,NLD,,,,,,,,27,"Mineral fuels, mineral oils and products of their distillation; bituminous substances; mineral waxes",1,No Quantity,0,,,,0,,88785064,,,0
H5,2018,2018,2018,2,0,1,Import,442,Luxembourg,LUX,568,"Other Europe, nes",,,,,,,,,27,"Mineral fuels, mineral oils and products of their distillation; bituminous substances; mineral waxes",1,No Quantity,0,,,,0,,522528052,,,4
H5,2018,2018,2018,2,0,1,Import,442,Luxembourg,LUX,586,Pakistan,PAK,,,,,,,,27,"Mineral fuels, mineral oils and products of their distillation; bituminous substances; mineral waxes",1,No Quantity,0,,,,0,,458,,,0
H5,2018,2018,2018,2,0,1,Import,442,Luxembourg,LUX,616,Poland,POL,,,,,,,,27,"Mineral fuels, mineral oils and products of their distillation; bituminous substances; mineral waxes",1,No Quantity,0,,,,0,,9986,,,0
H5,2018,2018,2018,2,0,1,Import,442,Luxembourg,LUX,620,Portugal,PRT,,,,,,,,27,"Mineral fuels, mineral oils and products of their distillation; bituminous substances; mineral waxes",1,No Quantity,0,,,,0,,158935,,,0
H5,2018,2018,2018,2,0,1,Import,442,Luxembourg,LUX,643,Russian Federation,RUS,,,,,,,,27,"Mineral fuels, mineral oils and products of their distillation; bituminous substances; mineral waxes",1,No Quantity,0,,,,0,,895653,,,0
H5,2018,2018,2018,2,0,1,Import,442,Luxembourg,LUX,652,Saint Barth�lemy,BLM,,,,,,,,27,"Mineral fuels, mineral oils and products of their distillation; bituminous substances; mineral waxes",1,No Quantity,0,,,,0,,1700,,,0
H5,2018,2018,2018,2,0,1,Import,442,Luxembourg,LUX,703,Slovakia,SVK,,,,,,,,27,"Mineral fuels, mineral oils and products of their distillation; bituminous substances; mineral waxes",1,No Quantity,0,,,,0,,773,,,0
H5,2018,2018,2018,2,0,1,Import,442,Luxembourg,LUX,710,South Africa,ZAF,,,,,,,,27,"Mineral fuels, mineral oils and products of their distillation; bituminous substances; mineral waxes",1,No Quantity,0,,,,0,,3961067,,,0
H5,2018,2018,2018,2,0,1,Import,442,Luxembourg,LUX,724,Spain,ESP,,,,,,,,27,"Mineral fuels, mineral oils and products of their distillation; bituminous substances; mineral waxes",1,No Quantity,0,,,,0,,838873,,,0
H5,2018,2018,2018,2,0,1,Import,442,Luxembourg,LUX,752,Sweden,SWE,,,,,,,,27,"Mineral fuels, mineral oils and products of their distillation; bituminous substances; mineral waxes",1,No Quantity,0,,,,0,,199688,,,4
H5,2018,2018,2018,2,0,1,Import,442,Luxembourg,LUX,757,Switzerland,CHE,,,,,,,,27,"Mineral fuels, mineral oils and products of their distillation; bituminous substances; mineral waxes",1,No Quantity,0,,,,0,,4350,,,0
H5,2018,2018,2018,2,0,1,Import,442,Luxembourg,LUX,784,United Arab Emirates,ARE,,,,,,,,27,"Mineral fuels, mineral oils and products of their distillation; bituminous substances; mineral waxes",1,No Quantity,0,,,,0,,68,,,0
H5,2018,2018,2018,2,0,1,Import,442,Luxembourg,LUX,792,Turkey,TUR,,,,,,,,27,"Mineral fuels, mineral oils and products of their distillation; bituminous substances; mineral waxes",1,No Quantity,0,,,,0,,1255,,,0
H5,2018,2018,2018,2,0,1,Import,442,Luxembourg,LUX,818,Egypt,EGY,,,,,,,,27,"Mineral fuels, mineral oils and products of their distillation; bituminous substances; mineral waxes",1,No Quantity,0,,,,0,,87,,,0
H5,2018,2018,2018,2,0,1,Import,442,Luxembourg,LUX,826,United Kingdom,GBR,,,,,,,,27,"Mineral fuels, mineral oils and products of their distillation; bituminous substances; mineral waxes",1,No Quantity,0,,,,0,,127602,,,4
H5,2018,2018,2018,2,0,1,Import,442,Luxembourg,LUX,842,USA,USA,,,,,,,,27,"Mineral fuels, mineral oils and products of their distillation; bituminous substances; mineral waxes",1,No Quantity,0,,,,0,,155575,,,0
H5,2018,2018,2018,2,0,1,Import,442,Luxembourg,LUX,899,"Areas, nes",,,,,,,,,27,"Mineral fuels, mineral oils and products of their distillation; bituminous substances; mineral waxes",1,No Quantity,0,,,,0,,2699,,,0
H5,2019,2019,2019,2,0,1,Import,442,Luxembourg,LUX,0,World,WLD,,,,,,,,27,"Mineral fuels, mineral oils and products of their distillation; bituminous substances; mineral waxes",1,No Quantity,0,,,,,,2278952081,,,4
H5,2019,2019,2019,2,0,1,Import,442,Luxembourg,LUX,36,Australia,AUS,,,,,,,,27,"Mineral fuels, mineral oils and products of their distillation; bituminous substances; mineral waxes",1,No Quantity,0,,,,0,,3252,,,0
H5,2019,2019,2019,2,0,1,Import,442,Luxembourg,LUX,40,Austria,AUT,,,,,,,,27,"Mineral fuels, mineral oils and products of their distillation; bituminous substances; mineral waxes",1,No Quantity,0,,,,0,,32326,,,0
H5,2019,2019,2019,2,0,1,Import,442,Luxembourg,LUX,56,Belgium,BEL,,,,,,,,27,"Mineral fuels, mineral oils and products of their distillation; bituminous substances; mineral waxes",1,No Quantity,0,,,,0,,1257892536,,,0
H5,2019,2019,2019,2,0,1,Import,442,Luxembourg,LUX,76,Brazil,BRA,,,,,,,,27,"Mineral fuels, mineral oils and products of their distillation; bituminous substances; mineral waxes",1,No Quantity,0,,,,0,,1049,,,0
H5,2019,2019,2019,2,0,1,Import,442,Luxembourg,LUX,124,Canada,CAN,,,,,,,,27,"Mineral fuels, mineral oils and products of their distillation; bituminous substances; mineral waxes",1,No Quantity,0,,,,0,,7167,,,0
H5,2019,2019,2019,2,0,1,Import,442,Luxembourg,LUX,144,Sri Lanka,LKA,,,,,,,,27,"Mineral fuels, mineral oils and products of their distillation; bituminous substances; mineral waxes",1,No Quantity,0,,,,0,,17,,,0
H5,2019,2019,2019,2,0,1,Import,442,Luxembourg,LUX,156,China,CHN,,,,,,,,27,"Mineral fuels, mineral oils and products of their distillation; bituminous substances; mineral waxes",1,No Quantity,0,,,,0,,4327,,,0
H5,2019,2019,2019,2,0,1,Import,442,Luxembourg,LUX,203,Czechia,CZE,,,,,,,,27,"Mineral fuels, mineral oils and products of their distillation; bituminous substances; mineral waxes",1,No Quantity,0,,,,0,,73210,,,0
H5,2019,2019,2019,2,0,1,Import,442,Luxembourg,LUX,208,Denmark,DNK,,,,,,,,27,"Mineral fuels, mineral oils and products of their distillation; bituminous substances; mineral waxes",1,No Quantity,0,,,,0,,13872,,,0
H5,2019,2019,2019,2,0,1,Import,442,Luxembourg,LUX,246,Finland,FIN,,,,,,,,27,"Mineral fuels, mineral oils and products of their distillation; bituminous substances; mineral waxes",1,No Quantity,0,,,,0,,784,,,0
H5,2019,2019,2019,2,0,1,Import,442,Luxembourg,LUX,251,France,FRA,,,,,,,,27,"Mineral fuels, mineral oils and products of their distillation; bituminous substances; mineral waxes",1,No Quantity,0,,,,0,,75123039,,,0
H5,2019,2019,2019,2,0,1,Import,442,Luxembourg,LUX,276,Germany,DEU,,,,,,,,27,"Mineral fuels, mineral oils and products of their distillation; bituminous substances; mineral waxes",1,No Quantity,0,,,,0,,341830662,,,4
H5,2019,2019,2019,2,0,1,Import,442,Luxembourg,LUX,300,Greece,GRC,,,,,,,,27,"Mineral fuels, mineral oils and products of their distillation; bituminous substances; mineral waxes",1,No Quantity,0,,,,0,,77857,,,4
H5,2019,2019,2019,2,0,1,Import,442,Luxembourg,LUX,348,Hungary,HUN,,,,,,,,27,"Mineral fuels, mineral oils and products of their distillation; bituminous substances; mineral waxes",1,No Quantity,0,,,,0,,1603,,,0
H5,2019,2019,2019,2,0,1,Import,442,Luxembourg,LUX,360,Indonesia,IDN,,,,,,,,27,"Mineral fuels, mineral oils and products of their distillation; bituminous substances; mineral waxes",1,No Quantity,0,,,,0,,2,,,0
H5,2019,2019,2019,2,0,1,Import,442,Luxembourg,LUX,381,Italy,ITA,,,,,,,,27,"Mineral fuels, mineral oils and products of their distillation; bituminous substances; mineral waxes",1,No Quantity,0,,,,0,,92801,,,0
H5,2019,2019,2019,2,0,1,Import,442,Luxembourg,LUX,392,Japan,JPN,,,,,,,,27,"Mineral fuels, mineral oils and products of their distillation; bituminous substances; mineral waxes",1,No Quantity,0,,,,,,21511,,,4
H5,2019,2019,2019,2,0,1,Import,442,Luxembourg,LUX,408,Dem. People's Rep. of Korea,PRK,,,,,,,,27,"Mineral fuels, mineral oils and products of their distillation; bituminous substances; mineral waxes",1,No Quantity,0,,,,0,,35,,,0
H5,2019,2019,2019,2,0,1,Import,442,Luxembourg,LUX,410,Rep. of Korea,KOR,,,,,,,,27,"Mineral fuels, mineral oils and products of their distillation; bituminous substances; mineral waxes",1,No Quantity,0,,,,0,,267,,,0
H5,2019,2019,2019,2,0,1,Import,442,Luxembourg,LUX,470,Malta,MLT,,,,,,,,27,"Mineral fuels, mineral oils and products of their distillation; bituminous substances; mineral waxes",1,No Quantity,0,,,,0,,36528,,,0
H5,2019,2019,2019,2,0,1,Import,442,Luxembourg,LUX,484,Mexico,MEX,,,,,,,,27,"Mineral fuels, mineral oils and products of their distillation; bituminous substances; mineral waxes",1,No Quantity,0,,,,0,,12,,,0
H5,2019,2019,2019,2,0,1,Import,442,Luxembourg,LUX,490,"Other Asia, nes",,,,,,,,,27,"Mineral fuels, mineral oils and products of their distillation; bituminous substances; mineral waxes",1,No Quantity,0,,,,0,,62,,,0
H5,2019,2019,2019,2,0,1,Import,442,Luxembourg,LUX,528,Netherlands,NLD,,,,,,,,27,"Mineral fuels, mineral oils and products of their distillation; bituminous substances; mineral waxes",1,No Quantity,0,,,,0,,134005909,,,0
H5,2019,2019,2019,2,0,1,Import,442,Luxembourg,LUX,568,"Other Europe, nes",,,,,,,,,27,"Mineral fuels, mineral oils and products of their distillation; bituminous substances; mineral waxes",1,No Quantity,0,,,,,,455984542,,,4
H5,2019,2019,2019,2,0,1,Import,442,Luxembourg,LUX,579,Norway,NOR,,,,,,,,27,"Mineral fuels, mineral oils and products of their distillation; bituminous substances; mineral waxes",1,No Quantity,0,,,,0,,21,,,0
H5,2019,2019,2019,2,0,1,Import,442,Luxembourg,LUX,616,Poland,POL,,,,,,,,27,"Mineral fuels, mineral oils and products of their distillation; bituminous substances; mineral waxes",1,No Quantity,0,,,,0,,7997,,,0
H5,2019,2019,2019,2,0,1,Import,442,Luxembourg,LUX,620,Portugal,PRT,,,,,,,,27,"Mineral fuels, mineral oils and products of their distillation; bituminous substances; mineral waxes",1,No Quantity,0,,,,0,,1920,,,0
H5,2019,2019,2019,2,0,1,Import,442,Luxembourg,LUX,642,Romania,ROU,,,,,,,,27,"Mineral fuels, mineral oils and products of their distillation; bituminous substances; mineral waxes",1,No Quantity,0,,,,0,,4,,,0
H5,2019,2019,2019,2,0,1,Import,442,Luxembourg,LUX,643,Russian Federation,RUS,,,,,,,,27,"Mineral fuels, mineral oils and products of their distillation; bituminous substances; mineral waxes",1,No Quantity,0,,,,0,,877267,,,0
H5,2019,2019,2019,2,0,1,Import,442,Luxembourg,LUX,699,India,IND,,,,,,,,27,"Mineral fuels, mineral oils and products of their distillation; bituminous substances; mineral waxes",1,No Quantity,0,,,,0,,565,,,0
H5,2019,2019,2019,2,0,1,Import,442,Luxembourg,LUX,703,Slovakia,SVK,,,,,,,,27,"Mineral fuels, mineral oils and products of their distillation; bituminous substances; mineral waxes",1,No Quantity,0,,,,0,,1148,,,0
H5,2019,2019,2019,2,0,1,Import,442,Luxembourg,LUX,710,South Africa,ZAF,,,,,,,,27,"Mineral fuels, mineral oils and products of their distillation; bituminous substances; mineral waxes",1,No Quantity,0,,,,0,,5400312,,,0
H5,2019,2019,2019,2,0,1,Import,442,Luxembourg,LUX,724,Spain,ESP,,,,,,,,27,"Mineral fuels, mineral oils and products of their distillation; bituminous substances; mineral waxes",1,No Quantity,0,,,,0,,888940,,,0
H5,2019,2019,2019,2,0,1,Import,442,Luxembourg,LUX,729,Sudan,SDN,,,,,,,,27,"Mineral fuels, mineral oils and products of their distillation; bituminous substances; mineral waxes",1,No Quantity,0,,,,0,,38634,,,0
H5,2019,2019,2019,2,0,1,Import,442,Luxembourg,LUX,752,Sweden,SWE,,,,,,,,27,"Mineral fuels, mineral oils and products of their distillation; bituminous substances; mineral waxes",1,No Quantity,0,,,,0,,245546,,,0
H5,2019,2019,2019,2,0,1,Import,442,Luxembourg,LUX,757,Switzerland,CHE,,,,,,,,27,"Mineral fuels, mineral oils and products of their distillation; bituminous substances; mineral waxes",1,No Quantity,0,,,,0,,4679,,,0
H5,2019,2019,2019,2,0,1,Import,442,Luxembourg,LUX,784,United Arab Emirates,ARE,,,,,,,,27,"Mineral fuels, mineral oils and products of their distillation; bituminous substances; mineral waxes",1,No Quantity,0,,,,0,,246,,,0
H5,2019,2019,2019,2,0,1,Import,442,Luxembourg,LUX,818,Egypt,EGY,,,,,,,,27,"Mineral fuels, mineral oils and products of their distillation; bituminous substances; mineral waxes",1,No Quantity,0,,,,0,,96,,,0
H5,2019,2019,2019,2,0,1,Import,442,Luxembourg,LUX,826,United Kingdom,GBR,,,,,,,,27,"Mineral fuels, mineral oils and products of their distillation; bituminous substances; mineral waxes",1,No Quantity,0,,,,0,,4800339,,,0
H5,2019,2019,2019,2,0,1,Import,442,Luxembourg,LUX,842,USA,USA,,,,,,,,27,"Mineral fuels, mineral oils and products of their distillation; bituminous substances; mineral waxes",1,No Quantity,0,,,,0,,149787,,,0
H5,2019,2019,2019,2,0,1,Import,442,Luxembourg,LUX,899,"Areas, nes",,,,,,,,,27,"Mineral fuels, mineral oils and products of their distillation; bituminous substances; mineral waxes",1,No Quantity,0,,,,0,,1331187,,,0
H5,2020,2020,2020,2,0,1,Import,442,Luxembourg,LUX,0,World,WLD,,,,,,,,27,"Mineral fuels, mineral oils and products of their distillation; bituminous substances; mineral waxes",1,No Quantity,0,,,,0,,1459908527,,,4
H5,2020,2020,2020,2,0,1,Import,442,Luxembourg,LUX,20,Andorra,AND,,,,,,,,27,"Mineral fuels, mineral oils and products of their distillation; bituminous substances; mineral waxes",1,No Quantity,0,,,,0,,115,,,0
H5,2020,2020,2020,2,0,1,Import,442,Luxembourg,LUX,31,Azerbaijan,AZE,,,,,,,,27,"Mineral fuels, mineral oils and products of their distillation; bituminous substances; mineral waxes",1,No Quantity,0,,,,0,,409,,,0
H5,2020,2020,2020,2,0,1,Import,442,Luxembourg,LUX,36,Australia,AUS,,,,,,,,27,"Mineral fuels, mineral oils and products of their distillation; bituminous substances; mineral waxes",1,No Quantity,0,,,,0,,1790,,,0
H5,2020,2020,2020,2,0,1,Import,442,Luxembourg,LUX,40,Austria,AUT,,,,,,,,27,"Mineral fuels, mineral oils and products of their distillation; bituminous substances; mineral waxes",1,No Quantity,0,,,,0,,13931,,,0
H5,2020,2020,2020,2,0,1,Import,442,Luxembourg,LUX,56,Belgium,BEL,,,,,,,,27,"Mineral fuels, mineral oils and products of their distillation; bituminous substances; mineral waxes",1,No Quantity,0,,,,0,,687851156,,,0
H5,2020,2020,2020,2,0,1,Import,442,Luxembourg,LUX,84,Belize,BLZ,,,,,,,,27,"Mineral fuels, mineral oils and products of their distillation; bituminous substances; mineral waxes",1,No Quantity,0,,,,0,,440019,,,0
H5,2020,2020,2020,2,0,1,Import,442,Luxembourg,LUX,124,Canada,CAN,,,,,,,,27,"Mineral fuels, mineral oils and products of their distillation; bituminous substances; mineral waxes",1,No Quantity,0,,,,0,,12103,,,0
H5,2020,2020,2020,2,0,1,Import,442,Luxembourg,LUX,144,Sri Lanka,LKA,,,,,,,,27,"Mineral fuels, mineral oils and products of their distillation; bituminous substances; mineral waxes",1,No Quantity,0,,,,0,,68,,,0
H5,2020,2020,2020,2,0,1,Import,442,Luxembourg,LUX,156,China,CHN,,,,,,,,27,"Mineral fuels, mineral oils and products of their distillation; bituminous substances; mineral waxes",1,No Quantity,0,,,,0,,5907,,,0
H5,2020,2020,2020,2,0,1,Import,442,Luxembourg,LUX,170,Colombia,COL,,,,,,,,27,"Mineral fuels, mineral oils and products of their distillation; bituminous substances; mineral waxes",1,No Quantity,0,,,,0,,152,,,0
H5,2020,2020,2020,2,0,1,Import,442,Luxembourg,LUX,203,Czechia,CZE,,,,,,,,27,"Mineral fuels, mineral oils and products of their distillation; bituminous substances; mineral waxes",1,No Quantity,0,,,,0,,80069,,,0
H5,2020,2020,2020,2,0,1,Import,442,Luxembourg,LUX,233,Estonia,EST,,,,,,,,27,"Mineral fuels, mineral oils and products of their distillation; bituminous substances; mineral waxes",1,No Quantity,0,,,,0,,4023,,,0
H5,2020,2020,2020,2,0,1,Import,442,Luxembourg,LUX,246,Finland,FIN,,,,,,,,27,"Mineral fuels, mineral oils and products of their distillation; bituminous substances; mineral waxes",1,No Quantity,0,,,,0,,47,,,0
H5,2020,2020,2020,2,0,1,Import,442,Luxembourg,LUX,251,France,FRA,,,,,,,,27,"Mineral fuels, mineral oils and products of their distillation; bituminous substances; mineral waxes",1,No Quantity,0,,,,0,,19831614,,,0
H5,2020,2020,2020,2,0,1,Import,442,Luxembourg,LUX,276,Germany,DEU,,,,,,,,27,"Mineral fuels, mineral oils and products of their distillation; bituminous substances; mineral waxes",1,No Quantity,0,,,,0,,267750287,,,4
H5,2020,2020,2020,2,0,1,Import,442,Luxembourg,LUX,300,Greece,GRC,,,,,,,,27,"Mineral fuels, mineral oils and products of their distillation; bituminous substances; mineral waxes",1,No Quantity,0,,,,0,,399,,,0
H5,2020,2020,2020,2,0,1,Import,442,Luxembourg,LUX,348,Hungary,HUN,,,,,,,,27,"Mineral fuels, mineral oils and products of their distillation; bituminous substances; mineral waxes",1,No Quantity,0,,,,0,,408,,,0
H5,2020,2020,2020,2,0,1,Import,442,Luxembourg,LUX,372,Ireland,IRL,,,,,,,,27,"Mineral fuels, mineral oils and products of their distillation; bituminous substances; mineral waxes",1,No Quantity,0,,,,0,,96,,,0
H5,2020,2020,2020,2,0,1,Import,442,Luxembourg,LUX,381,Italy,ITA,,,,,,,,27,"Mineral fuels, mineral oils and products of their distillation; bituminous substances; mineral waxes",1,No Quantity,0,,,,0,,91363,,,0
H5,2020,2020,2020,2,0,1,Import,442,Luxembourg,LUX,392,Japan,JPN,,,,,,,,27,"Mineral fuels, mineral oils and products of their distillation; bituminous substances; mineral waxes",1,No Quantity,0,,,,0,,47636,,,0
H5,2020,2020,2020,2,0,1,Import,442,Luxembourg,LUX,408,Dem. People's Rep. of Korea,PRK,,,,,,,,27,"Mineral fuels, mineral oils and products of their distillation; bituminous substances; mineral waxes",1,No Quantity,0,,,,0,,302,,,0
H5,2020,2020,2020,2,0,1,Import,442,Luxembourg,LUX,410,Rep. of Korea,KOR,,,,,,,,27,"Mineral fuels, mineral oils and products of their distillation; bituminous substances; mineral waxes",1,No Quantity,0,,,,0,,751,,,0
H5,2020,2020,2020,2,0,1,Import,442,Luxembourg,LUX,428,Latvia,LVA,,,,,,,,27,"Mineral fuels, mineral oils and products of their distillation; bituminous substances; mineral waxes",1,No Quantity,0,,,,0,,233,,,0
H5,2020,2020,2020,2,0,1,Import,442,Luxembourg,LUX,484,Mexico,MEX,,,,,,,,27,"Mineral fuels, mineral oils and products of their distillation; bituminous substances; mineral waxes",1,No Quantity,0,,,,0,,16,,,0
H5,2020,2020,2020,2,0,1,Import,442,Luxembourg,LUX,490,"Other Asia, nes",,,,,,,,,27,"Mineral fuels, mineral oils and products of their distillation; bituminous substances; mineral waxes",1,No Quantity,0,,,,0,,329,,,0
H5,2020,2020,2020,2,0,1,Import,442,Luxembourg,LUX,528,Netherlands,NLD,,,,,,,,27,"Mineral fuels, mineral oils and products of their distillation; bituminous substances; mineral waxes",1,No Quantity,0,,,,0,,72502316,,,0
H5,2020,2020,2020,2,0,1,Import,442,Luxembourg,LUX,562,Niger,NER,,,,,,,,27,"Mineral fuels, mineral oils and products of their distillation; bituminous substances; mineral waxes",1,No Quantity,0,,,,0,,389,,,0
H5,2020,2020,2020,2,0,1,Import,442,Luxembourg,LUX,568,"Other Europe, nes",,,,,,,,,27,"Mineral fuels, mineral oils and products of their distillation; bituminous substances; mineral waxes",1,No Quantity,0,,,,0,,403907514,,,4
H5,2020,2020,2020,2,0,1,Import,442,Luxembourg,LUX,579,Norway,NOR,,,,,,,,27,"Mineral fuels, mineral oils and products of their distillation; bituminous substances; mineral waxes",1,No Quantity,0,,,,0,,41,,,0
H5,2020,2020,2020,2,0,1,Import,442,Luxembourg,LUX,616,Poland,POL,,,,,,,,27,"Mineral fuels, mineral oils and products of their distillation; bituminous substances; mineral waxes",1,No Quantity,0,,,,0,,11228,,,0
H5,2020,2020,2020,2,0,1,Import,442,Luxembourg,LUX,620,Portugal,PRT,,,,,,,,27,"Mineral fuels, mineral oils and products of their distillation; bituminous substances; mineral waxes",1,No Quantity,0,,,,0,,455,,,0
H5,2020,2020,2020,2,0,1,Import,442,Luxembourg,LUX,642,Romania,ROU,,,,,,,,27,"Mineral fuels, mineral oils and products of their distillation; bituminous substances; mineral waxes",1,No Quantity,0,,,,0,,985,,,0
H5,2020,2020,2020,2,0,1,Import,442,Luxembourg,LUX,643,Russian Federation,RUS,,,,,,,,27,"Mineral fuels, mineral oils and products of their distillation; bituminous substances; mineral waxes",1,No Quantity,0,,,,0,,789606,,,0
H5,2020,2020,2020,2,0,1,Import,442,Luxembourg,LUX,682,Saudi Arabia,SAU,,,,,,,,27,"Mineral fuels, mineral oils and products of their distillation; bituminous substances; mineral waxes",1,No Quantity,0,,,,0,,10,,,0
H5,2020,2020,2020,2,0,1,Import,442,Luxembourg,LUX,703,Slovakia,SVK,,,,,,,,27,"Mineral fuels, mineral oils and products of their distillation; bituminous substances; mineral waxes",1,No Quantity,0,,,,0,,994,,,0
H5,2020,2020,2020,2,0,1,Import,442,Luxembourg,LUX,710,South Africa,ZAF,,,,,,,,27,"Mineral fuels, mineral oils and products of their distillation; bituminous substances; mineral waxes",1,No Quantity,0,,,,0,,5099681,,,0
H5,2020,2020,2020,2,0,1,Import,442,Luxembourg,LUX,724,Spain,ESP,,,,,,,,27,"Mineral fuels, mineral oils and products of their distillation; bituminous substances; mineral waxes",1,No Quantity,0,,,,0,,901532,,,0
H5,2020,2020,2020,2,0,1,Import,442,Luxembourg,LUX,752,Sweden,SWE,,,,,,,,27,"Mineral fuels, mineral oils and products of their distillation; bituminous substances; mineral waxes",1,No Quantity,0,,,,0,,27107,,,0
H5,2020,2020,2020,2,0,1,Import,442,Luxembourg,LUX,757,Switzerland,CHE,,,,,,,,27,"Mineral fuels, mineral oils and products of their distillation; bituminous substances; mineral waxes",1,No Quantity,0,,,,0,,9358,,,0
H5,2020,2020,2020,2,0,1,Import,442,Luxembourg,LUX,764,Thailand,THA,,,,,,,,27,"Mineral fuels, mineral oils and products of their distillation; bituminous substances; mineral waxes",1,No Quantity,0,,,,0,,17,,,0
H5,2020,2020,2020,2,0,1,Import,442,Luxembourg,LUX,784,United Arab Emirates,ARE,,,,,,,,27,"Mineral fuels, mineral oils and products of their distillation; bituminous substances; mineral waxes",1,No Quantity,0,,,,0,,1438,,,0
H5,2020,2020,2020,2,0,1,Import,442,Luxembourg,LUX,792,Turkey,TUR,,,,,,,,27,"Mineral fuels, mineral oils and products of their distillation; bituminous substances; mineral waxes",1,No Quantity,0,,,,0,,190,,,0
H5,2020,2020,2020,2,0,1,Import,442,Luxembourg,LUX,826,United Kingdom,GBR,,,,,,,,27,"Mineral fuels, mineral oils and products of their distillation; bituminous substances; mineral waxes",1,No Quantity,0,,,,0,,83429,,,4
H5,2020,2020,2020,2,0,1,Import,442,Luxembourg,LUX,842,USA,USA,,,,,,,,27,"Mineral fuels, mineral oils and products of their distillation; bituminous substances; mineral waxes",1,No Quantity,0,,,,0,,133246,,,0
H5,2020,2020,2020,2,0,1,Import,442,Luxembourg,LUX,899,"Areas, nes",,,,,,,,,27,"Mineral fuels, mineral oils and products of their distillation; bituminous substances; mineral waxes",1,No Quantity,0,,,,0,,305743,,,0
H5,2021,2021,2021,2,0,1,Import,442,Luxembourg,LUX,0,World,WLD,,,,,,,,27,"Mineral fuels, mineral oils and products of their distillation; bituminous substances; mineral waxes",1,No Quantity,0,,,,0,,2452460666,,,4
H5,2021,2021,2021,2,0,1,Import,442,Luxembourg,LUX,8,Albania,ALB,,,,,,,,27,"Mineral fuels, mineral oils and products of their distillation; bituminous substances; mineral waxes",1,No Quantity,0,,,,0,,12,,,0
H5,2021,2021,2021,2,0,1,Import,442,Luxembourg,LUX,36,Australia,AUS,,,,,,,,27,"Mineral fuels, mineral oils and products of their distillation; bituminous substances; mineral waxes",1,No Quantity,0,,,,0,,1481,,,0
H5,2021,2021,2021,2,0,1,Import,442,Luxembourg,LUX,40,Austria,AUT,,,,,,,,27,"Mineral fuels, mineral oils and products of their distillation; bituminous substances; mineral waxes",1,No Quantity,0,,,,0,,274,,,0
H5,2021,2021,2021,2,0,1,Import,442,Luxembourg,LUX,56,Belgium,BEL,,,,,,,,27,"Mineral fuels, mineral oils and products of their distillation; bituminous substances; mineral waxes",1,No Quantity,0,,,,0,,1036960348,,,4
H5,2021,2021,2021,2,0,1,Import,442,Luxembourg,LUX,76,Brazil,BRA,,,,,,,,27,"Mineral fuels, mineral oils and products of their distillation; bituminous substances; mineral waxes",1,No Quantity,0,,,,0,,75,,,0
H5,2021,2021,2021,2,0,1,Import,442,Luxembourg,LUX,86,Br. Indian Ocean Terr.,IOT,,,,,,,,27,"Mineral fuels, mineral oils and products of their distillation; bituminous substances; mineral waxes",1,No Quantity,0,,,,0,,96,,,0
H5,2021,2021,2021,2,0,1,Import,442,Luxembourg,LUX,124,Canada,CAN,,,,,,,,27,"Mineral fuels, mineral oils and products of their distillation; bituminous substances; mineral waxes",1,No Quantity,0,,,,0,,16577,,,0
H5,2021,2021,2021,2,0,1,Import,442,Luxembourg,LUX,144,Sri Lanka,LKA,,,,,,,,27,"Mineral fuels, mineral oils and products of their distillation; bituminous substances; mineral waxes",1,No Quantity,0,,,,0,,139,,,0
H5,2021,2021,2021,2,0,1,Import,442,Luxembourg,LUX,156,China,CHN,,,,,,,,27,"Mineral fuels, mineral oils and products of their distillation; bituminous substances; mineral waxes",1,No Quantity,0,,,,0,,4079,,,4
H5,2021,2021,2021,2,0,1,Import,442,Luxembourg,LUX,203,Czechia,CZE,,,,,,,,27,"Mineral fuels, mineral oils and products of their distillation; bituminous substances; mineral waxes",1,No Quantity,0,,,,0,,96980,,,4
H5,2021,2021,2021,2,0,1,Import,442,Luxembourg,LUX,208,Denmark,DNK,,,,,,,,27,"Mineral fuels, mineral oils and products of their distillation; bituminous substances; mineral waxes",1,No Quantity,0,,,,0,,8571,,,0
H5,2021,2021,2021,2,0,1,Import,442,Luxembourg,LUX,246,Finland,FIN,,,,,,,,27,"Mineral fuels, mineral oils and products of their distillation; bituminous substances; mineral waxes",1,No Quantity,0,,,,0,,1035,,,0
H5,2021,2021,2021,2,0,1,Import,442,Luxembourg,LUX,251,France,FRA,,,,,,,,27,"Mineral fuels, mineral oils and products of their distillation; bituminous substances; mineral waxes",1,No Quantity,0,,,,0,,41012344,,,4
H5,2021,2021,2021,2,0,1,Import,442,Luxembourg,LUX,268,Georgia,GEO,,,,,,,,27,"Mineral fuels, mineral oils and products of their distillation; bituminous substances; mineral waxes",1,No Quantity,0,,,,0,,139,,,0
H5,2021,2021,2021,2,0,1,Import,442,Luxembourg,LUX,276,Germany,DEU,,,,,,,,27,"Mineral fuels, mineral oils and products of their distillation; bituminous substances; mineral waxes",1,No Quantity,0,,,,0,,361586516,,,4
H5,2021,2021,2021,2,0,1,Import,442,Luxembourg,LUX,300,Greece,GRC,,,,,,,,27,"Mineral fuels, mineral oils and products of their distillation; bituminous substances; mineral waxes",1,No Quantity,0,,,,0,,42650,,,0
H5,2021,2021,2021,2,0,1,Import,442,Luxembourg,LUX,348,Hungary,HUN,,,,,,,,27,"Mineral fuels, mineral oils and products of their distillation; bituminous substances; mineral waxes",1,No Quantity,0,,,,0,,38,,,0
H5,2021,2021,2021,2,0,1,Import,442,Luxembourg,LUX,352,Iceland,ISL,,,,,,,,27,"Mineral fuels, mineral oils and products of their distillation; bituminous substances; mineral waxes",1,No Quantity,0,,,,0,,741,,,0
H5,2021,2021,2021,2,0,1,Import,442,Luxembourg,LUX,360,Indonesia,IDN,,,,,,,,27,"Mineral fuels, mineral oils and products of their distillation; bituminous substances; mineral waxes",1,No Quantity,0,,,,0,,24,,,0
H5,2021,2021,2021,2,0,1,Import,442,Luxembourg,LUX,381,Italy,ITA,,,,,,,,27,"Mineral fuels, mineral oils and products of their distillation; bituminous substances; mineral waxes",1,No Quantity,0,,,,0,,83898,,,4
H5,2021,2021,2021,2,0,1,Import,442,Luxembourg,LUX,392,Japan,JPN,,,,,,,,27,"Mineral fuels, mineral oils and products of their distillation; bituminous substances; mineral waxes",1,No Quantity,0,,,,0,,1284004,,,0
H5,2021,2021,2021,2,0,1,Import,442,Luxembourg,LUX,408,Dem. People's Rep. of Korea,PRK,,,,,,,,27,"Mineral fuels, mineral oils and products of their distillation; bituminous substances; mineral waxes",1,No Quantity,0,,,,0,,305,,,0
H5,2021,2021,2021,2,0,1,Import,442,Luxembourg,LUX,410,Rep. of Korea,KOR,,,,,,,,27,"Mineral fuels, mineral oils and products of their distillation; bituminous substances; mineral waxes",1,No Quantity,0,,,,0,,961,,,4
H5,2021,2021,2021,2,0,1,Import,442,Luxembourg,LUX,442,Luxembourg,LUX,,,,,,,,27,"Mineral fuels, mineral oils and products of their distillation; bituminous substances; mineral waxes",1,No Quantity,0,,,,0,,1439757,,,4
H5,2021,2021,2021,2,0,1,Import,442,Luxembourg,LUX,458,Malaysia,MYS,,,,,,,,27,"Mineral fuels, mineral oils and products of their distillation; bituminous substances; mineral waxes",1,No Quantity,0,,,,0,,125,,,0
H5,2021,2021,2021,2,0,1,Import,442,Luxembourg,LUX,484,Mexico,MEX,,,,,,,,27,"Mineral fuels, mineral oils and products of their distillation; bituminous substances; mineral waxes",1,No Quantity,0,,,,0,,59,,,0
H5,2021,2021,2021,2,0,1,Import,442,Luxembourg,LUX,490,"Other Asia, nes",,,,,,,,,27,"Mineral fuels, mineral oils and products of their distillation; bituminous substances; mineral waxes",1,No Quantity,0,,,,0,,469,,,0
H5,2021,2021,2021,2,0,1,Import,442,Luxembourg,LUX,528,Netherlands,NLD,,,,,,,,27,"Mineral fuels, mineral oils and products of their distillation; bituminous substances; mineral waxes",1,No Quantity,0,,,,0,,156387257,,,4
H5,2021,2021,2021,2,0,1,Import,442,Luxembourg,LUX,568,"Other Europe, nes",,,,,,,,,27,"Mineral fuels, mineral oils and products of their distillation; bituminous substances; mineral waxes",1,No Quantity,0,,,,0,,846711412,,,4
H5,2021,2021,2021,2,0,1,Import,442,Luxembourg,LUX,579,Norway,NOR,,,,,,,,27,"Mineral fuels, mineral oils and products of their distillation; bituminous substances; mineral waxes",1,No Quantity,0,,,,0,,4391,,,0
H5,2021,2021,2021,2,0,1,Import,442,Luxembourg,LUX,608,Philippines,PHL,,,,,,,,27,"Mineral fuels, mineral oils and products of their distillation; bituminous substances; mineral waxes",1,No Quantity,0,,,,0,,54,,,0
H5,2021,2021,2021,2,0,1,Import,442,Luxembourg,LUX,616,Poland,POL,,,,,,,,27,"Mineral fuels, mineral oils and products of their distillation; bituminous substances; mineral waxes",1,No Quantity,0,,,,0,,44462,,,4
H5,2021,2021,2021,2,0,1,Import,442,Luxembourg,LUX,620,Portugal,PRT,,,,,,,,27,"Mineral fuels, mineral oils and products of their distillation; bituminous substances; mineral waxes",1,No Quantity,0,,,,0,,501,,,0
H5,2021,2021,2021,2,0,1,Import,442,Luxembourg,LUX,643,Russian Federation,RUS,,,,,,,,27,"Mineral fuels, mineral oils and products of their distillation; bituminous substances; mineral waxes",1,No Quantity,0,,,,0,,611041,,,0
H5,2021,2021,2021,2,0,1,Import,442,Luxembourg,LUX,699,India,IND,,,,,,,,27,"Mineral fuels, mineral oils and products of their distillation; bituminous substances; mineral waxes",1,No Quantity,0,,,,0,,667,,,0
H5,2021,2021,2021,2,0,1,Import,442,Luxembourg,LUX,703,Slovakia,SVK,,,,,,,,27,"Mineral fuels, mineral oils and products of their distillation; bituminous substances; mineral waxes",1,No Quantity,0,,,,0,,874,,,0
H5,2021,2021,2021,2,0,1,Import,442,Luxembourg,LUX,710,South Africa,ZAF,,,,,,,,27,"Mineral fuels, mineral oils and products of their distillation; bituminous substances; mineral waxes",1,No Quantity,0,,,,0,,4110774,,,0
H5,2021,2021,2021,2,0,1,Import,442,Luxembourg,LUX,724,Spain,ESP,,,,,,,,27,"Mineral fuels, mineral oils and products of their distillation; bituminous substances; mineral waxes",1,No Quantity,0,,,,0,,1529843,,,0
H5,2021,2021,2021,2,0,1,Import,442,Luxembourg,LUX,752,Sweden,SWE,,,,,,,,27,"Mineral fuels, mineral oils and products of their distillation; bituminous substances; mineral waxes",1,No Quantity,0,,,,0,,48542,,,0
H5,2021,2021,2021,2,0,1,Import,442,Luxembourg,LUX,757,Switzerland,CHE,,,,,,,,27,"Mineral fuels, mineral oils and products of their distillation; bituminous substances; mineral waxes",1,No Quantity,0,,,,0,,158408,,,0
H5,2021,2021,2021,2,0,1,Import,442,Luxembourg,LUX,764,Thailand,THA,,,,,,,,27,"Mineral fuels, mineral oils and products of their distillation; bituminous substances; mineral waxes",1,No Quantity,0,,,,0,,58,,,0
H5,2021,2021,2021,2,0,1,Import,442,Luxembourg,LUX,784,United Arab Emirates,ARE,,,,,,,,27,"Mineral fuels, mineral oils and products of their distillation; bituminous substances; mineral waxes",1,No Quantity,0,,,,0,,173,,,0
H5,2021,2021,2021,2,0,1,Import,442,Luxembourg,LUX,826,United Kingdom,GBR,,,,,,,,27,"Mineral fuels, mineral oils and products of their distillation; bituminous substances; mineral waxes",1,No Quantity,0,,,,0,,56988,,,0
H5,2021,2021,2021,2,0,1,Import,442,Luxembourg,LUX,842,USA,USA,,,,,,,,27,"Mineral fuels, mineral oils and products of their distillation; bituminous substances; mineral waxes",1,No Quantity,0,,,,0,,212035,,,4
H5,2021,2021,2021,2,0,1,Import,442,Luxembourg,LUX,899,"Areas, nes",,,,,,,,,27,"Mineral fuels, mineral oils and products of their distillation; bituminous substances; mineral waxes",1,No Quantity,0,,,,0,,41466,,,0
H4,2012,2012,2012,2,0,1,Import,442,Luxembourg,LUX,0,World,WLD,,,,,,,,27,"Mineral fuels, mineral oils and products of their distillation; bituminous substances; mineral waxes",1,No Quantity,,,,,,,3697540529,,,0
H4,2012,2012,2012,2,0,1,Import,442,Luxembourg,LUX,36,Australia,AUS,,,,,,,,27,"Mineral fuels, mineral oils and products of their distillation; bituminous substances; mineral waxes",1,No Quantity,,,,,,,512,,,0
H4,2012,2012,2012,2,0,1,Import,442,Luxembourg,LUX,40,Austria,AUT,,,,,,,,27,"Mineral fuels, mineral oils and products of their distillation; bituminous substances; mineral waxes",1,No Quantity,,,,,,,20937,,,0
H4,2012,2012,2012,2,0,1,Import,442,Luxembourg,LUX,56,Belgium,BEL,,,,,,,,27,"Mineral fuels, mineral oils and products of their distillation; bituminous substances; mineral waxes",1,No Quantity,,,,,,,2174055968,,,0
H4,2012,2012,2012,2,0,1,Import,442,Luxembourg,LUX,70,Bosnia Herzegovina,BIH,,,,,,,,27,"Mineral fuels, mineral oils and products of their distillation; bituminous substances; mineral waxes",1,No Quantity,,,,,,,5606,,,0
H4,2012,2012,2012,2,0,1,Import,442,Luxembourg,LUX,76,Brazil,BRA,,,,,,,,27,"Mineral fuels, mineral oils and products of their distillation; bituminous substances; mineral waxes",1,No Quantity,,,,,,,8267,,,0
H4,2012,2012,2012,2,0,1,Import,442,Luxembourg,LUX,124,Canada,CAN,,,,,,,,27,"Mineral fuels, mineral oils and products of their distillation; bituminous substances; mineral waxes",1,No Quantity,,,,,,,4823,,,0
H4,2012,2012,2012,2,0,1,Import,442,Luxembourg,LUX,144,Sri Lanka,LKA,,,,,,,,27,"Mineral fuels, mineral oils and products of their distillation; bituminous substances; mineral waxes",1,No Quantity,,,,,,,84,,,0
H4,2012,2012,2012,2,0,1,Import,442,Luxembourg,LUX,156,China,CHN,,,,,,,,27,"Mineral fuels, mineral oils and products of their distillation; bituminous substances; mineral waxes",1,No Quantity,,,,,,,2415,,,0
H4,2012,2012,2012,2,0,1,Import,442,Luxembourg,LUX,203,Czechia,CZE,,,,,,,,27,"Mineral fuels, mineral oils and products of their distillation; bituminous substances; mineral waxes",1,No Quantity,,,,,,,8103,,,0
H4,2012,2012,2012,2,0,1,Import,442,Luxembourg,LUX,208,Denmark,DNK,,,,,,,,27,"Mineral fuels, mineral oils and products of their distillation; bituminous substances; mineral waxes",1,No Quantity,,,,,,,1023,,,0
H4,2012,2012,2012,2,0,1,Import,442,Luxembourg,LUX,233,Estonia,EST,,,,,,,,27,"Mineral fuels, mineral oils and products of their distillation; bituminous substances; mineral waxes",1,No Quantity,,,,,,,11703,,,0
H4,2012,2012,2012,2,0,1,Import,442,Luxembourg,LUX,239,South Georgia and the South Sandwich Islands,SGS,,,,,,,,27,"Mineral fuels, mineral oils and products of their distillation; bituminous substances; mineral waxes",1,No Quantity,,,,,,,260,,,0
H4,2012,2012,2012,2,0,1,Import,442,Luxembourg,LUX,246,Finland,FIN,,,,,,,,27,"Mineral fuels, mineral oils and products of their distillation; bituminous substances; mineral waxes",1,No Quantity,,,,,,,25000,,,0
H4,2012,2012,2012,2,0,1,Import,442,Luxembourg,LUX,251,France,FRA,,,,,,,,27,"Mineral fuels, mineral oils and products of their distillation; bituminous substances; mineral waxes",1,No Quantity,,,,,,,25216790,,,0
H4,2012,2012,2012,2,0,1,Import,442,Luxembourg,LUX,276,Germany,DEU,,,,,,,,27,"Mineral fuels, mineral oils and products of their distillation; bituminous substances; mineral waxes",1,No Quantity,,,,,,,416878466,,,0
H4,2012,2012,2012,2,0,1,Import,442,Luxembourg,LUX,368,Iraq,IRQ,,,,,,,,27,"Mineral fuels, mineral oils and products of their distillation; bituminous substances; mineral waxes",1,No Quantity,,,,,,,15,,,0
H4,2012,2012,2012,2,0,1,Import,442,Luxembourg,LUX,372,Ireland,IRL,,,,,,,,27,"Mineral fuels, mineral oils and products of their distillation; bituminous substances; mineral waxes",1,No Quantity,,,,,,,1540,,,0
H4,2012,2012,2012,2,0,1,Import,442,Luxembourg,LUX,381,Italy,ITA,,,,,,,,27,"Mineral fuels, mineral oils and products of their distillation; bituminous substances; mineral waxes",1,No Quantity,,,,,,,179095,,,0
H4,2012,2012,2012,2,0,1,Import,442,Luxembourg,LUX,392,Japan,JPN,,,,,,,,27,"Mineral fuels, mineral oils and products of their distillation; bituminous substances; mineral waxes",1,No Quantity,,,,,,,29427,,,0
H4,2012,2012,2012,2,0,1,Import,442,Luxembourg,LUX,410,Rep. of Korea,KOR,,,,,,,,27,"Mineral fuels, mineral oils and products of their distillation; bituminous substances; mineral waxes",1,No Quantity,,,,,,,4539,,,0
H4,2012,2012,2012,2,0,1,Import,442,Luxembourg,LUX,414,Kuwait,KWT,,,,,,,,27,"Mineral fuels, mineral oils and products of their distillation; bituminous substances; mineral waxes",1,No Quantity,,,,,,,2226,,,0
H4,2012,2012,2012,2,0,1,Import,442,Luxembourg,LUX,528,Netherlands,NLD,,,,,,,,27,"Mineral fuels, mineral oils and products of their distillation; bituminous substances; mineral waxes",1,No Quantity,,,,,,,186023533,,,0
H4,2012,2012,2012,2,0,1,Import,442,Luxembourg,LUX,568,"Other Europe, nes",,,,,,,,,27,"Mineral fuels, mineral oils and products of their distillation; bituminous substances; mineral waxes",1,No Quantity,,,,,,,857176918,,,0
H4,2012,2012,2012,2,0,1,Import,442,Luxembourg,LUX,586,Pakistan,PAK,,,,,,,,27,"Mineral fuels, mineral oils and products of their distillation; bituminous substances; mineral waxes",1,No Quantity,,,,,,,42,,,0
H4,2012,2012,2012,2,0,1,Import,442,Luxembourg,LUX,598,Papua New Guinea,PNG,,,,,,,,27,"Mineral fuels, mineral oils and products of their distillation; bituminous substances; mineral waxes",1,No Quantity,,,,,,,1979291,,,0
H4,2012,2012,2012,2,0,1,Import,442,Luxembourg,LUX,616,Poland,POL,,,,,,,,27,"Mineral fuels, mineral oils and products of their distillation; bituminous substances; mineral waxes",1,No Quantity,,,,,,,48637,,,0
H4,2012,2012,2012,2,0,1,Import,442,Luxembourg,LUX,620,Portugal,PRT,,,,,,,,27,"Mineral fuels, mineral oils and products of their distillation; bituminous substances; mineral waxes",1,No Quantity,,,,,,,91,,,0
H4,2012,2012,2012,2,0,1,Import,442,Luxembourg,LUX,642,Romania,ROU,,,,,,,,27,"Mineral fuels, mineral oils and products of their distillation; bituminous substances; mineral waxes",1,No Quantity,,,,,,,147,,,0
H4,2012,2012,2012,2,0,1,Import,442,Luxembourg,LUX,643,Russian Federation,RUS,,,,,,,,27,"Mineral fuels, mineral oils and products of their distillation; bituminous substances; mineral waxes",1,No Quantity,,,,,,,6610,,,0
H4,2012,2012,2012,2,0,1,Import,442,Luxembourg,LUX,690,Seychelles,SYC,,,,,,,,27,"Mineral fuels, mineral oils and products of their distillation; bituminous substances; mineral waxes",1,No Quantity,,,,,,,140,,,0
H4,2012,2012,2012,2,0,1,Import,442,Luxembourg,LUX,703,Slovakia,SVK,,,,,,,,27,"Mineral fuels, mineral oils and products of their distillation; bituminous substances; mineral waxes",1,No Quantity,,,,,,,2052,,,0
H4,2012,2012,2012,2,0,1,Import,442,Luxembourg,LUX,705,Slovenia,SVN,,,,,,,,27,"Mineral fuels, mineral oils and products of their distillation; bituminous substances; mineral waxes",1,No Quantity,,,,,,,1759,,,0
H4,2012,2012,2012,2,0,1,Import,442,Luxembourg,LUX,710,South Africa,ZAF,,,,,,,,27,"Mineral fuels, mineral oils and products of their distillation; bituminous substances; mineral waxes",1,No Quantity,,,,,,,7658809,,,0
H4,2012,2012,2012,2,0,1,Import,442,Luxembourg,LUX,724,Spain,ESP,,,,,,,,27,"Mineral fuels, mineral oils and products of their distillation; bituminous substances; mineral waxes",1,No Quantity,,,,,,,35792,,,0
H4,2012,2012,2012,2,0,1,Import,442,Luxembourg,LUX,752,Sweden,SWE,,,,,,,,27,"Mineral fuels, mineral oils and products of their distillation; bituminous substances; mineral waxes",1,No Quantity,,,,,,,33862,,,0
H4,2012,2012,2012,2,0,1,Import,442,Luxembourg,LUX,757,Switzerland,CHE,,,,,,,,27,"Mineral fuels, mineral oils and products of their distillation; bituminous substances; mineral waxes",1,No Quantity,,,,,,,6838,,,0
H4,2012,2012,2012,2,0,1,Import,442,Luxembourg,LUX,764,Thailand,THA,,,,,,,,27,"Mineral fuels, mineral oils and products of their distillation; bituminous substances; mineral waxes",1,No Quantity,,,,,,,10,,,0
H4,2012,2012,2012,2,0,1,Import,442,Luxembourg,LUX,792,Turkey,TUR,,,,,,,,27,"Mineral fuels, mineral oils and products of their distillation; bituminous substances; mineral waxes",1,No Quantity,,,,,,,4743,,,0
H4,2012,2012,2012,2,0,1,Import,442,Luxembourg,LUX,826,United Kingdom,GBR,,,,,,,,27,"Mineral fuels, mineral oils and products of their distillation; bituminous substances; mineral waxes",1,No Quantity,,,,,,,67241,,,0
H4,2012,2012,2012,2,0,1,Import,442,Luxembourg,LUX,838,Free Zones,,,,,,,,,27,"Mineral fuels, mineral oils and products of their distillation; bituminous substances; mineral waxes",1,No Quantity,,,,,,,27365729,,,0
H4,2012,2012,2012,2,0,1,Import,442,Luxembourg,LUX,842,USA,USA,,,,,,,,27,"Mineral fuels, mineral oils and products of their distillation; bituminous substances; mineral waxes",1,No Quantity,,,,,,,587809,,,0
H4,2012,2012,2012,2,0,1,Import,442,Luxembourg,LUX,899,"Areas, nes",,,,,,,,,27,"Mineral fuels, mineral oils and products of their distillation; bituminous substances; mineral waxes",1,No Quantity,,,,,,,83674,,,0
H4,2013,2013,2013,2,0,1,Import,442,Luxembourg,LUX,0,World,WLD,,,,,,,,27,"Mineral fuels, mineral oils and products of their distillation; bituminous substances; mineral waxes",1,No Quantity,,,,,,,3477497921,,,0
H4,2013,2013,2013,2,0,1,Import,442,Luxembourg,LUX,40,Austria,AUT,,,,,,,,27,"Mineral fuels, mineral oils and products of their distillation; bituminous substances; mineral waxes",1,No Quantity,,,,,,,19937,,,0
H4,2013,2013,2013,2,0,1,Import,442,Luxembourg,LUX,56,Belgium,BEL,,,,,,,,27,"Mineral fuels, mineral oils and products of their distillation; bituminous substances; mineral waxes",1,No Quantity,,,,,,,2042162883,,,0
H4,2013,2013,2013,2,0,1,Import,442,Luxembourg,LUX,124,Canada,CAN,,,,,,,,27,"Mineral fuels, mineral oils and products of their distillation; bituminous substances; mineral waxes",1,No Quantity,,,,,,,5864,,,0
H4,2013,2013,2013,2,0,1,Import,442,Luxembourg,LUX,144,Sri Lanka,LKA,,,,,,,,27,"Mineral fuels, mineral oils and products of their distillation; bituminous substances; mineral waxes",1,No Quantity,,,,,,,76,,,0
H4,2013,2013,2013,2,0,1,Import,442,Luxembourg,LUX,156,China,CHN,,,,,,,,27,"Mineral fuels, mineral oils and products of their distillation; bituminous substances; mineral waxes",1,No Quantity,,,,,,,1468,,,0
H4,2013,2013,2013,2,0,1,Import,442,Luxembourg,LUX,203,Czechia,CZE,,,,,,,,27,"Mineral fuels, mineral oils and products of their distillation; bituminous substances; mineral waxes",1,No Quantity,,,,,,,22844,,,0
H4,2013,2013,2013,2,0,1,Import,442,Luxembourg,LUX,208,Denmark,DNK,,,,,,,,27,"Mineral fuels, mineral oils and products of their distillation; bituminous substances; mineral waxes",1,No Quantity,,,,,,,4577,,,0
H4,2013,2013,2013,2,0,1,Import,442,Luxembourg,LUX,239,South Georgia and the South Sandwich Islands,SGS,,,,,,,,27,"Mineral fuels, mineral oils and products of their distillation; bituminous substances; mineral waxes",1,No Quantity,,,,,,,542,,,0
H4,2013,2013,2013,2,0,1,Import,442,Luxembourg,LUX,246,Finland,FIN,,,,,,,,27,"Mineral fuels, mineral oils and products of their distillation; bituminous substances; mineral waxes",1,No Quantity,,,,,,,25897,,,0
H4,2013,2013,2013,2,0,1,Import,442,Luxembourg,LUX,251,France,FRA,,,,,,,,27,"Mineral fuels, mineral oils and products of their distillation; bituminous substances; mineral waxes",1,No Quantity,,,,,,,10838863,,,0
H4,2013,2013,2013,2,0,1,Import,442,Luxembourg,LUX,276,Germany,DEU,,,,,,,,27,"Mineral fuels, mineral oils and products of their distillation; bituminous substances; mineral waxes",1,No Quantity,,,,,,,446606260,,,0
H4,2013,2013,2013,2,0,1,Import,442,Luxembourg,LUX,381,Italy,ITA,,,,,,,,27,"Mineral fuels, mineral oils and products of their distillation; bituminous substances; mineral waxes",1,No Quantity,,,,,,,162305,,,0
H4,2013,2013,2013,2,0,1,Import,442,Luxembourg,LUX,392,Japan,JPN,,,,,,,,27,"Mineral fuels, mineral oils and products of their distillation; bituminous substances; mineral waxes",1,No Quantity,,,,,,,50780,,,0
H4,2013,2013,2013,2,0,1,Import,442,Luxembourg,LUX,410,Rep. of Korea,KOR,,,,,,,,27,"Mineral fuels, mineral oils and products of their distillation; bituminous substances; mineral waxes",1,No Quantity,,,,,,,2724,,,0
H4,2013,2013,2013,2,0,1,Import,442,Luxembourg,LUX,458,Malaysia,MYS,,,,,,,,27,"Mineral fuels, mineral oils and products of their distillation; bituminous substances; mineral waxes",1,No Quantity,,,,,,,127,,,0
H4,2013,2013,2013,2,0,1,Import,442,Luxembourg,LUX,528,Netherlands,NLD,,,,,,,,27,"Mineral fuels, mineral oils and products of their distillation; bituminous substances; mineral waxes",1,No Quantity,,,,,,,109954613,,,0
H4,2013,2013,2013,2,0,1,Import,442,Luxembourg,LUX,568,"Other Europe, nes",,,,,,,,,27,"Mineral fuels, mineral oils and products of their distillation; bituminous substances; mineral waxes",1,No Quantity,,,,,,,861321113,,,0
H4,2013,2013,2013,2,0,1,Import,442,Luxembourg,LUX,586,Pakistan,PAK,,,,,,,,27,"Mineral fuels, mineral oils and products of their distillation; bituminous substances; mineral waxes",1,No Quantity,,,,,,,56,,,0
H4,2013,2013,2013,2,0,1,Import,442,Luxembourg,LUX,616,Poland,POL,,,,,,,,27,"Mineral fuels, mineral oils and products of their distillation; bituminous substances; mineral waxes",1,No Quantity,,,,,,,14593,,,0
H4,2013,2013,2013,2,0,1,Import,442,Luxembourg,LUX,642,Romania,ROU,,,,,,,,27,"Mineral fuels, mineral oils and products of their distillation; bituminous substances; mineral waxes",1,No Quantity,,,,,,,52,,,0
H4,2013,2013,2013,2,0,1,Import,442,Luxembourg,LUX,710,South Africa,ZAF,,,,,,,,27,"Mineral fuels, mineral oils and products of their distillation; bituminous substances; mineral waxes",1,No Quantity,,,,,,,5859079,,,0
H4,2013,2013,2013,2,0,1,Import,442,Luxembourg,LUX,724,Spain,ESP,,,,,,,,27,"Mineral fuels, mineral oils and products of their distillation; bituminous substances; mineral waxes",1,No Quantity,,,,,,,29637,,,0
H4,2013,2013,2013,2,0,1,Import,442,Luxembourg,LUX,732,Western Sahara,ESH,,,,,,,,27,"Mineral fuels, mineral oils and products of their distillation; bituminous substances; mineral waxes",1,No Quantity,,,,,,,1046,,,0
H4,2013,2013,2013,2,0,1,Import,442,Luxembourg,LUX,752,Sweden,SWE,,,,,,,,27,"Mineral fuels, mineral oils and products of their distillation; bituminous substances; mineral waxes",1,No Quantity,,,,,,,26110,,,0
H4,2013,2013,2013,2,0,1,Import,442,Luxembourg,LUX,757,Switzerland,CHE,,,,,,,,27,"Mineral fuels, mineral oils and products of their distillation; bituminous substances; mineral waxes",1,No Quantity,,,,,,,12826,,,0
H4,2013,2013,2013,2,0,1,Import,442,Luxembourg,LUX,792,Turkey,TUR,,,,,,,,27,"Mineral fuels, mineral oils and products of their distillation; bituminous substances; mineral waxes",1,No Quantity,,,,,,,4016,,,0
H4,2013,2013,2013,2,0,1,Import,442,Luxembourg,LUX,826,United Kingdom,GBR,,,,,,,,27,"Mineral fuels, mineral oils and products of their distillation; bituminous substances; mineral waxes",1,No Quantity,,,,,,,160962,,,0
H4,2013,2013,2013,2,0,1,Import,442,Luxembourg,LUX,842,USA,USA,,,,,,,,27,"Mineral fuels, mineral oils and products of their distillation; bituminous substances; mineral waxes",1,No Quantity,,,,,,,176901,,,0
H4,2013,2013,2013,2,0,1,Import,442,Luxembourg,LUX,854,Burkina Faso,BFA,,,,,,,,27,"Mineral fuels, mineral oils and products of their distillation; bituminous substances; mineral waxes",1,No Quantity,,,,,,,31300,,,0
H4,2013,2013,2013,2,0,1,Import,442,Luxembourg,LUX,899,"Areas, nes",,,,,,,,,27,"Mineral fuels, mineral oils and products of their distillation; bituminous substances; mineral waxes",1,No Quantity,,,,,,,471,,,0
H4,2014,2014,2014,2,0,1,Import,442,Luxembourg,LUX,0,World,WLD,,,,,,,,27,"Mineral fuels, mineral oils and products of their distillation; bituminous substances; mineral waxes",1,No Quantity,,,,,,,3030708644,,,0
H4,2014,2014,2014,2,0,1,Import,442,Luxembourg,LUX,40,Austria,AUT,,,,,,,,27,"Mineral fuels, mineral oils and products of their distillation; bituminous substances; mineral waxes",1,No Quantity,,,,,,,22034,,,0
H4,2014,2014,2014,2,0,1,Import,442,Luxembourg,LUX,56,Belgium,BEL,,,,,,,,27,"Mineral fuels, mineral oils and products of their distillation; bituminous substances; mineral waxes",1,No Quantity,,,,,,,1639770510,,,0
H4,2014,2014,2014,2,0,1,Import,442,Luxembourg,LUX,70,Bosnia Herzegovina,BIH,,,,,,,,27,"Mineral fuels, mineral oils and products of their distillation; bituminous substances; mineral waxes",1,No Quantity,,,,,,,1902,,,0
H4,2014,2014,2014,2,0,1,Import,442,Luxembourg,LUX,124,Canada,CAN,,,,,,,,27,"Mineral fuels, mineral oils and products of their distillation; bituminous substances; mineral waxes",1,No Quantity,,,,,,,5284,,,0
H4,2014,2014,2014,2,0,1,Import,442,Luxembourg,LUX,144,Sri Lanka,LKA,,,,,,,,27,"Mineral fuels, mineral oils and products of their distillation; bituminous substances; mineral waxes",1,No Quantity,,,,,,,84,,,0
H4,2014,2014,2014,2,0,1,Import,442,Luxembourg,LUX,156,China,CHN,,,,,,,,27,"Mineral fuels, mineral oils and products of their distillation; bituminous substances; mineral waxes",1,No Quantity,,,,,,,2629,,,0
H4,2014,2014,2014,2,0,1,Import,442,Luxembourg,LUX,203,Czechia,CZE,,,,,,,,27,"Mineral fuels, mineral oils and products of their distillation; bituminous substances; mineral waxes",1,No Quantity,,,,,,,67796,,,0
H4,2014,2014,2014,2,0,1,Import,442,Luxembourg,LUX,208,Denmark,DNK,,,,,,,,27,"Mineral fuels, mineral oils and products of their distillation; bituminous substances; mineral waxes",1,No Quantity,,,,,,,1490,,,0
H4,2014,2014,2014,2,0,1,Import,442,Luxembourg,LUX,239,South Georgia and the South Sandwich Islands,SGS,,,,,,,,27,"Mineral fuels, mineral oils and products of their distillation; bituminous substances; mineral waxes",1,No Quantity,,,,,,,531,,,0
H4,2014,2014,2014,2,0,1,Import,442,Luxembourg,LUX,246,Finland,FIN,,,,,,,,27,"Mineral fuels, mineral oils and products of their distillation; bituminous substances; mineral waxes",1,No Quantity,,,,,,,1590,,,0
H4,2014,2014,2014,2,0,1,Import,442,Luxembourg,LUX,251,France,FRA,,,,,,,,27,"Mineral fuels, mineral oils and products of their distillation; bituminous substances; mineral waxes",1,No Quantity,,,,,,,205606379,,,0
H4,2014,2014,2014,2,0,1,Import,442,Luxembourg,LUX,276,Germany,DEU,,,,,,,,27,"Mineral fuels, mineral oils and products of their distillation; bituminous substances; mineral waxes",1,No Quantity,,,,,,,310721275,,,0
H4,2014,2014,2014,2,0,1,Import,442,Luxembourg,LUX,348,Hungary,HUN,,,,,,,,27,"Mineral fuels, mineral oils and products of their distillation; bituminous substances; mineral waxes",1,No Quantity,,,,,,,5139,,,0
H4,2014,2014,2014,2,0,1,Import,442,Luxembourg,LUX,360,Indonesia,IDN,,,,,,,,27,"Mineral fuels, mineral oils and products of their distillation; bituminous substances; mineral waxes",1,No Quantity,,,,,,,726,,,0
H4,2014,2014,2014,2,0,1,Import,442,Luxembourg,LUX,372,Ireland,IRL,,,,,,,,27,"Mineral fuels, mineral oils and products of their distillation; bituminous substances; mineral waxes",1,No Quantity,,,,,,,2933,,,0
H4,2014,2014,2014,2,0,1,Import,442,Luxembourg,LUX,381,Italy,ITA,,,,,,,,27,"Mineral fuels, mineral oils and products of their distillation; bituminous substances; mineral waxes",1,No Quantity,,,,,,,356232,,,0
H4,2014,2014,2014,2,0,1,Import,442,Luxembourg,LUX,392,Japan,JPN,,,,,,,,27,"Mineral fuels, mineral oils and products of their distillation; bituminous substances; mineral waxes",1,No Quantity,,,,,,,48155,,,0
H4,2014,2014,2014,2,0,1,Import,442,Luxembourg,LUX,410,Rep. of Korea,KOR,,,,,,,,27,"Mineral fuels, mineral oils and products of their distillation; bituminous substances; mineral waxes",1,No Quantity,,,,,,,2133,,,0
H4,2014,2014,2014,2,0,1,Import,442,Luxembourg,LUX,528,Netherlands,NLD,,,,,,,,27,"Mineral fuels, mineral oils and products of their distillation; bituminous substances; mineral waxes",1,No Quantity,,,,,,,174610140,,,0
H4,2014,2014,2014,2,0,1,Import,442,Luxembourg,LUX,568,"Other Europe, nes",,,,,,,,,27,"Mineral fuels, mineral oils and products of their distillation; bituminous substances; mineral waxes",1,No Quantity,,,,,,,693275580,,,0
H4,2014,2014,2014,2,0,1,Import,442,Luxembourg,LUX,616,Poland,POL,,,,,,,,27,"Mineral fuels, mineral oils and products of their distillation; bituminous substances; mineral waxes",1,No Quantity,,,,,,,9899,,,0
H4,2014,2014,2014,2,0,1,Import,442,Luxembourg,LUX,620,Portugal,PRT,,,,,,,,27,"Mineral fuels, mineral oils and products of their distillation; bituminous substances; mineral waxes",1,No Quantity,,,,,,,5,,,0
H4,2014,2014,2014,2,0,1,Import,442,Luxembourg,LUX,643,Russian Federation,RUS,,,,,,,,27,"Mineral fuels, mineral oils and products of their distillation; bituminous substances; mineral waxes",1,No Quantity,,,,,,,72,,,0
H4,2014,2014,2014,2,0,1,Import,442,Luxembourg,LUX,682,Saudi Arabia,SAU,,,,,,,,27,"Mineral fuels, mineral oils and products of their distillation; bituminous substances; mineral waxes",1,No Quantity,,,,,,,39,,,0
H4,2014,2014,2014,2,0,1,Import,442,Luxembourg,LUX,688,Serbia,SRB,,,,,,,,27,"Mineral fuels, mineral oils and products of their distillation; bituminous substances; mineral waxes",1,No Quantity,,,,,,,43,,,0
H4,2014,2014,2014,2,0,1,Import,442,Luxembourg,LUX,703,Slovakia,SVK,,,,,,,,27,"Mineral fuels, mineral oils and products of their distillation; bituminous substances; mineral waxes",1,No Quantity,,,,,,,141,,,0
H4,2014,2014,2014,2,0,1,Import,442,Luxembourg,LUX,710,South Africa,ZAF,,,,,,,,27,"Mineral fuels, mineral oils and products of their distillation; bituminous substances; mineral waxes",1,No Quantity,,,,,,,5886616,,,0
H4,2014,2014,2014,2,0,1,Import,442,Luxembourg,LUX,724,Spain,ESP,,,,,,,,27,"Mineral fuels, mineral oils and products of their distillation; bituminous substances; mineral waxes",1,No Quantity,,,,,,,27512,,,0
H4,2014,2014,2014,2,0,1,Import,442,Luxembourg,LUX,732,Western Sahara,ESH,,,,,,,,27,"Mineral fuels, mineral oils and products of their distillation; bituminous substances; mineral waxes",1,No Quantity,,,,,,,1006,,,0
H4,2014,2014,2014,2,0,1,Import,442,Luxembourg,LUX,752,Sweden,SWE,,,,,,,,27,"Mineral fuels, mineral oils and products of their distillation; bituminous substances; mineral waxes",1,No Quantity,,,,,,,60986,,,0
H4,2014,2014,2014,2,0,1,Import,442,Luxembourg,LUX,757,Switzerland,CHE,,,,,,,,27,"Mineral fuels, mineral oils and products of their distillation; bituminous substances; mineral waxes",1,No Quantity,,,,,,,66019,,,0
H4,2014,2014,2014,2,0,1,Import,442,Luxembourg,LUX,792,Turkey,TUR,,,,,,,,27,"Mineral fuels, mineral oils and products of their distillation; bituminous substances; mineral waxes",1,No Quantity,,,,,,,1780,,,0
H4,2014,2014,2014,2,0,1,Import,442,Luxembourg,LUX,826,United Kingdom,GBR,,,,,,,,27,"Mineral fuels, mineral oils and products of their distillation; bituminous substances; mineral waxes",1,No Quantity,,,,,,,28253,,,0
H4,2014,2014,2014,2,0,1,Import,442,Luxembourg,LUX,842,USA,USA,,,,,,,,27,"Mineral fuels, mineral oils and products of their distillation; bituminous substances; mineral waxes",1,No Quantity,,,,,,,122987,,,0
H4,2014,2014,2014,2,0,1,Import,442,Luxembourg,LUX,899,"Areas, nes",,,,,,,,,27,"Mineral fuels, mineral oils and products of their distillation; bituminous substances; mineral waxes",1,No Quantity,,,,,,,749,,,0
H4,2015,2015,2015,2,0,1,Import,442,Luxembourg,LUX,0,World,WLD,,,,,,,,27,"Mineral fuels, mineral oils and products of their distillation; bituminous substances; mineral waxes",1,No Quantity,,,,,,,1807598120,,,0
H4,2015,2015,2015,2,0,1,Import,442,Luxembourg,LUX,40,Austria,AUT,,,,,,,,27,"Mineral fuels, mineral oils and products of their distillation; bituminous substances; mineral waxes",1,No Quantity,,,,,,,14722,,,0
H4,2015,2015,2015,2,0,1,Import,442,Luxembourg,LUX,56,Belgium,BEL,,,,,,,,27,"Mineral fuels, mineral oils and products of their distillation; bituminous substances; mineral waxes",1,No Quantity,,,,,,,968514857,,,0
H4,2015,2015,2015,2,0,1,Import,442,Luxembourg,LUX,76,Brazil,BRA,,,,,,,,27,"Mineral fuels, mineral oils and products of their distillation; bituminous substances; mineral waxes",1,No Quantity,,,,,,,157,,,0
H4,2015,2015,2015,2,0,1,Import,442,Luxembourg,LUX,124,Canada,CAN,,,,,,,,27,"Mineral fuels, mineral oils and products of their distillation; bituminous substances; mineral waxes",1,No Quantity,,,,,,,3927,,,0
H4,2015,2015,2015,2,0,1,Import,442,Luxembourg,LUX,144,Sri Lanka,LKA,,,,,,,,27,"Mineral fuels, mineral oils and products of their distillation; bituminous substances; mineral waxes",1,No Quantity,,,,,,,50,,,0
H4,2015,2015,2015,2,0,1,Import,442,Luxembourg,LUX,156,China,CHN,,,,,,,,27,"Mineral fuels, mineral oils and products of their distillation; bituminous substances; mineral waxes",1,No Quantity,,,,,,,642,,,0
H4,2015,2015,2015,2,0,1,Import,442,Luxembourg,LUX,203,Czechia,CZE,,,,,,,,27,"Mineral fuels, mineral oils and products of their distillation; bituminous substances; mineral waxes",1,No Quantity,,,,,,,53096,,,0
H4,2015,2015,2015,2,0,1,Import,442,Luxembourg,LUX,208,Denmark,DNK,,,,,,,,27,"Mineral fuels, mineral oils and products of their distillation; bituminous substances; mineral waxes",1,No Quantity,,,,,,,1696,,,0
H4,2015,2015,2015,2,0,1,Import,442,Luxembourg,LUX,239,South Georgia and the South Sandwich Islands,SGS,,,,,,,,27,"Mineral fuels, mineral oils and products of their distillation; bituminous substances; mineral waxes",1,No Quantity,,,,,,,57,,,0
H4,2015,2015,2015,2,0,1,Import,442,Luxembourg,LUX,246,Finland,FIN,,,,,,,,27,"Mineral fuels, mineral oils and products of their distillation; bituminous substances; mineral waxes",1,No Quantity,,,,,,,425,,,0
H4,2015,2015,2015,2,0,1,Import,442,Luxembourg,LUX,251,France,FRA,,,,,,,,27,"Mineral fuels, mineral oils and products of their distillation; bituminous substances; mineral waxes",1,No Quantity,,,,,,,115279781,,,0
H4,2015,2015,2015,2,0,1,Import,442,Luxembourg,LUX,276,Germany,DEU,,,,,,,,27,"Mineral fuels, mineral oils and products of their distillation; bituminous substances; mineral waxes",1,No Quantity,,,,,,,196141531,,,0
H4,2015,2015,2015,2,0,1,Import,442,Luxembourg,LUX,348,Hungary,HUN,,,,,,,,27,"Mineral fuels, mineral oils and products of their distillation; bituminous substances; mineral waxes",1,No Quantity,,,,,,,40,,,0
H4,2015,2015,2015,2,0,1,Import,442,Luxembourg,LUX,381,Italy,ITA,,,,,,,,27,"Mineral fuels, mineral oils and products of their distillation; bituminous substances; mineral waxes",1,No Quantity,,,,,,,142134,,,0
H4,2015,2015,2015,2,0,1,Import,442,Luxembourg,LUX,392,Japan,JPN,,,,,,,,27,"Mineral fuels, mineral oils and products of their distillation; bituminous substances; mineral waxes",1,No Quantity,,,,,,,38285,,,0
H4,2015,2015,2015,2,0,1,Import,442,Luxembourg,LUX,410,Rep. of Korea,KOR,,,,,,,,27,"Mineral fuels, mineral oils and products of their distillation; bituminous substances; mineral waxes",1,No Quantity,,,,,,,4556,,,0
H4,2015,2015,2015,2,0,1,Import,442,Luxembourg,LUX,440,Lithuania,LTU,,,,,,,,27,"Mineral fuels, mineral oils and products of their distillation; bituminous substances; mineral waxes",1,No Quantity,,,,,,,347,,,0
H4,2015,2015,2015,2,0,1,Import,442,Luxembourg,LUX,442,Luxembourg,LUX,,,,,,,,27,"Mineral fuels, mineral oils and products of their distillation; bituminous substances; mineral waxes",1,No Quantity,,,,,,,24578,,,0
H4,2015,2015,2015,2,0,1,Import,442,Luxembourg,LUX,466,Mali,MLI,,,,,,,,27,"Mineral fuels, mineral oils and products of their distillation; bituminous substances; mineral waxes",1,No Quantity,,,,,,,738205,,,0
H4,2015,2015,2015,2,0,1,Import,442,Luxembourg,LUX,470,Malta,MLT,,,,,,,,27,"Mineral fuels, mineral oils and products of their distillation; bituminous substances; mineral waxes",1,No Quantity,,,,,,,24165,,,0
H4,2015,2015,2015,2,0,1,Import,442,Luxembourg,LUX,490,"Other Asia, nes",,,,,,,,,27,"Mineral fuels, mineral oils and products of their distillation; bituminous substances; mineral waxes",1,No Quantity,,,,,,,1478,,,0
H4,2015,2015,2015,2,0,1,Import,442,Luxembourg,LUX,528,Netherlands,NLD,,,,,,,,27,"Mineral fuels, mineral oils and products of their distillation; bituminous substances; mineral waxes",1,No Quantity,,,,,,,77904441,,,0
H4,2015,2015,2015,2,0,1,Import,442,Luxembourg,LUX,566,Nigeria,NGA,,,,,,,,27,"Mineral fuels, mineral oils and products of their distillation; bituminous substances; mineral waxes",1,No Quantity,,,,,,,100,,,0
H4,2015,2015,2015,2,0,1,Import,442,Luxembourg,LUX,568,"Other Europe, nes",,,,,,,,,27,"Mineral fuels, mineral oils and products of their distillation; bituminous substances; mineral waxes",1,No Quantity,,,,,,,444745624,,,0
H4,2015,2015,2015,2,0,1,Import,442,Luxembourg,LUX,616,Poland,POL,,,,,,,,27,"Mineral fuels, mineral oils and products of their distillation; bituminous substances; mineral waxes",1,No Quantity,,,,,,,28302,,,0
H4,2015,2015,2015,2,0,1,Import,442,Luxembourg,LUX,620,Portugal,PRT,,,,,,,,27,"Mineral fuels, mineral oils and products of their distillation; bituminous substances; mineral waxes",1,No Quantity,,,,,,,87,,,0
H4,2015,2015,2015,2,0,1,Import,442,Luxembourg,LUX,643,Russian Federation,RUS,,,,,,,,27,"Mineral fuels, mineral oils and products of their distillation; bituminous substances; mineral waxes",1,No Quantity,,,,,,,58,,,0
H4,2015,2015,2015,2,0,1,Import,442,Luxembourg,LUX,710,South Africa,ZAF,,,,,,,,27,"Mineral fuels, mineral oils and products of their distillation; bituminous substances; mineral waxes",1,No Quantity,,,,,,,3499497,,,0
H4,2015,2015,2015,2,0,1,Import,442,Luxembourg,LUX,724,Spain,ESP,,,,,,,,27,"Mineral fuels, mineral oils and products of their distillation; bituminous substances; mineral waxes",1,No Quantity,,,,,,,28140,,,0
H4,2015,2015,2015,2,0,1,Import,442,Luxembourg,LUX,752,Sweden,SWE,,,,,,,,27,"Mineral fuels, mineral oils and products of their distillation; bituminous substances; mineral waxes",1,No Quantity,,,,,,,14878,,,0
H4,2015,2015,2015,2,0,1,Import,442,Luxembourg,LUX,757,Switzerland,CHE,,,,,,,,27,"Mineral fuels, mineral oils and products of their distillation; bituminous substances; mineral waxes",1,No Quantity,,,,,,,10260,,,0
H4,2015,2015,2015,2,0,1,Import,442,Luxembourg,LUX,792,Turkey,TUR,,,,,,,,27,"Mineral fuels, mineral oils and products of their distillation; bituminous substances; mineral waxes",1,No Quantity,,,,,,,4613,,,0
H4,2015,2015,2015,2,0,1,Import,442,Luxembourg,LUX,807,North Macedonia,MKD,,,,,,,,27,"Mineral fuels, mineral oils and products of their distillation; bituminous substances; mineral waxes",1,No Quantity,,,,,,,116804,,,0
H4,2015,2015,2015,2,0,1,Import,442,Luxembourg,LUX,826,United Kingdom,GBR,,,,,,,,27,"Mineral fuels, mineral oils and products of their distillation; bituminous substances; mineral waxes",1,No Quantity,,,,,,,108149,,,0
H4,2015,2015,2015,2,0,1,Import,442,Luxembourg,LUX,842,USA,USA,,,,,,,,27,"Mineral fuels, mineral oils and products of their distillation; bituminous substances; mineral waxes",1,No Quantity,,,,,,,133941,,,0
H4,2015,2015,2015,2,0,1,Import,442,Luxembourg,LUX,899,"Areas, nes",,,,,,,,,27,"Mineral fuels, mineral oils and products of their distillation; bituminous substances; mineral waxes",1,No Quantity,,,,,,,18498,,,0
H4,2016,2016,2016,2,0,1,Import,442,Luxembourg,LUX,0,World,WLD,,,,,,,,27,"Mineral fuels, mineral oils and products of their distillation; bituminous substances; mineral waxes",1,No Quantity,,,,,,,1460893377,,,0
H4,2016,2016,2016,2,0,1,Import,442,Luxembourg,LUX,40,Austria,AUT,,,,,,,,27,"Mineral fuels, mineral oils and products of their distillation; bituminous substances; mineral waxes",1,No Quantity,,,,,,,8855,,,0
H4,2016,2016,2016,2,0,1,Import,442,Luxembourg,LUX,52,Barbados,BRB,,,,,,,,27,"Mineral fuels, mineral oils and products of their distillation; bituminous substances; mineral waxes",1,No Quantity,,,,,,,354,,,0
H4,2016,2016,2016,2,0,1,Import,442,Luxembourg,LUX,56,Belgium,BEL,,,,,,,,27,"Mineral fuels, mineral oils and products of their distillation; bituminous substances; mineral waxes",1,No Quantity,,,,,,,781963167,,,0
H4,2016,2016,2016,2,0,1,Import,442,Luxembourg,LUX,76,Brazil,BRA,,,,,,,,27,"Mineral fuels, mineral oils and products of their distillation; bituminous substances; mineral waxes",1,No Quantity,,,,,,,687,,,0
H4,2016,2016,2016,2,0,1,Import,442,Luxembourg,LUX,124,Canada,CAN,,,,,,,,27,"Mineral fuels, mineral oils and products of their distillation; bituminous substances; mineral waxes",1,No Quantity,,,,,,,6282,,,0
H4,2016,2016,2016,2,0,1,Import,442,Luxembourg,LUX,144,Sri Lanka,LKA,,,,,,,,27,"Mineral fuels, mineral oils and products of their distillation; bituminous substances; mineral waxes",1,No Quantity,,,,,,,27,,,0
H4,2016,2016,2016,2,0,1,Import,442,Luxembourg,LUX,156,China,CHN,,,,,,,,27,"Mineral fuels, mineral oils and products of their distillation; bituminous substances; mineral waxes",1,No Quantity,,,,,,,1358,,,0
H4,2016,2016,2016,2,0,1,Import,442,Luxembourg,LUX,203,Czechia,CZE,,,,,,,,27,"Mineral fuels, mineral oils and products of their distillation; bituminous substances; mineral waxes",1,No Quantity,,,,,,,51670,,,0
H4,2016,2016,2016,2,0,1,Import,442,Luxembourg,LUX,208,Denmark,DNK,,,,,,,,27,"Mineral fuels, mineral oils and products of their distillation; bituminous substances; mineral waxes",1,No Quantity,,,,,,,7963,,,0
H4,2016,2016,2016,2,0,1,Import,442,Luxembourg,LUX,246,Finland,FIN,,,,,,,,27,"Mineral fuels, mineral oils and products of their distillation; bituminous substances; mineral waxes",1,No Quantity,,,,,,,143,,,0
H4,2016,2016,2016,2,0,1,Import,442,Luxembourg,LUX,251,France,FRA,,,,,,,,27,"Mineral fuels, mineral oils and products of their distillation; bituminous substances; mineral waxes",1,No Quantity,,,,,,,75755951,,,0
H4,2016,2016,2016,2,0,1,Import,442,Luxembourg,LUX,276,Germany,DEU,,,,,,,,27,"Mineral fuels, mineral oils and products of their distillation; bituminous substances; mineral waxes",1,No Quantity,,,,,,,174562513,,,0
H4,2016,2016,2016,2,0,1,Import,442,Luxembourg,LUX,300,Greece,GRC,,,,,,,,27,"Mineral fuels, mineral oils and products of their distillation; bituminous substances; mineral waxes",1,No Quantity,,,,,,,42604,,,0
H4,2016,2016,2016,2,0,1,Import,442,Luxembourg,LUX,348,Hungary,HUN,,,,,,,,27,"Mineral fuels, mineral oils and products of their distillation; bituminous substances; mineral waxes",1,No Quantity,,,,,,,64,,,0
H4,2016,2016,2016,2,0,1,Import,442,Luxembourg,LUX,364,Iran,IRN,,,,,,,,27,"Mineral fuels, mineral oils and products of their distillation; bituminous substances; mineral waxes",1,No Quantity,,,,,,,54,,,0
H4,2016,2016,2016,2,0,1,Import,442,Luxembourg,LUX,372,Ireland,IRL,,,,,,,,27,"Mineral fuels, mineral oils and products of their distillation; bituminous substances; mineral waxes",1,No Quantity,,,,,,,7983,,,0
H4,2016,2016,2016,2,0,1,Import,442,Luxembourg,LUX,381,Italy,ITA,,,,,,,,27,"Mineral fuels, mineral oils and products of their distillation; bituminous substances; mineral waxes",1,No Quantity,,,,,,,93791,,,0
H4,2016,2016,2016,2,0,1,Import,442,Luxembourg,LUX,392,Japan,JPN,,,,,,,,27,"Mineral fuels, mineral oils and products of their distillation; bituminous substances; mineral waxes",1,No Quantity,,,,,,,42785,,,0
H4,2016,2016,2016,2,0,1,Import,442,Luxembourg,LUX,408,Dem. People's Rep. of Korea,PRK,,,,,,,,27,"Mineral fuels, mineral oils and products of their distillation; bituminous substances; mineral waxes",1,No Quantity,,,,,,,82,,,0
H4,2016,2016,2016,2,0,1,Import,442,Luxembourg,LUX,410,Rep. of Korea,KOR,,,,,,,,27,"Mineral fuels, mineral oils and products of their distillation; bituminous substances; mineral waxes",1,No Quantity,,,,,,,3833,,,0
H4,2016,2016,2016,2,0,1,Import,442,Luxembourg,LUX,442,Luxembourg,LUX,,,,,,,,27,"Mineral fuels, mineral oils and products of their distillation; bituminous substances; mineral waxes",1,No Quantity,,,,,,,13993,,,0
H4,2016,2016,2016,2,0,1,Import,442,Luxembourg,LUX,470,Malta,MLT,,,,,,,,27,"Mineral fuels, mineral oils and products of their distillation; bituminous substances; mineral waxes",1,No Quantity,,,,,,,35505,,,0
H4,2016,2016,2016,2,0,1,Import,442,Luxembourg,LUX,490,"Other Asia, nes",,,,,,,,,27,"Mineral fuels, mineral oils and products of their distillation; bituminous substances; mineral waxes",1,No Quantity,,,,,,,91,,,0
H4,2016,2016,2016,2,0,1,Import,442,Luxembourg,LUX,528,Netherlands,NLD,,,,,,,,27,"Mineral fuels, mineral oils and products of their distillation; bituminous substances; mineral waxes",1,No Quantity,,,,,,,45666860,,,0
H4,2016,2016,2016,2,0,1,Import,442,Luxembourg,LUX,568,"Other Europe, nes",,,,,,,,,27,"Mineral fuels, mineral oils and products of their distillation; bituminous substances; mineral waxes",1,No Quantity,,,,,,,379281221,,,0
H4,2016,2016,2016,2,0,1,Import,442,Luxembourg,LUX,616,Poland,POL,,,,,,,,27,"Mineral fuels, mineral oils and products of their distillation; bituminous substances; mineral waxes",1,No Quantity,,,,,,,7112,,,0
H4,2016,2016,2016,2,0,1,Import,442,Luxembourg,LUX,642,Romania,ROU,,,,,,,,27,"Mineral fuels, mineral oils and products of their distillation; bituminous substances; mineral waxes",1,No Quantity,,,,,,,800,,,0
H4,2016,2016,2016,2,0,1,Import,442,Luxembourg,LUX,643,Russian Federation,RUS,,,,,,,,27,"Mineral fuels, mineral oils and products of their distillation; bituminous substances; mineral waxes",1,No Quantity,,,,,,,59,,,0
H4,2016,2016,2016,2,0,1,Import,442,Luxembourg,LUX,699,India,IND,,,,,,,,27,"Mineral fuels, mineral oils and products of their distillation; bituminous substances; mineral waxes",1,No Quantity,,,,,,,567,,,0
H4,2016,2016,2016,2,0,1,Import,442,Luxembourg,LUX,703,Slovakia,SVK,,,,,,,,27,"Mineral fuels, mineral oils and products of their distillation; bituminous substances; mineral waxes",1,No Quantity,,,,,,,1246,,,0
H4,2016,2016,2016,2,0,1,Import,442,Luxembourg,LUX,710,South Africa,ZAF,,,,,,,,27,"Mineral fuels, mineral oils and products of their distillation; bituminous substances; mineral waxes",1,No Quantity,,,,,,,3005866,,,0
H4,2016,2016,2016,2,0,1,Import,442,Luxembourg,LUX,724,Spain,ESP,,,,,,,,27,"Mineral fuels, mineral oils and products of their distillation; bituminous substances; mineral waxes",1,No Quantity,,,,,,,32976,,,0
H4,2016,2016,2016,2,0,1,Import,442,Luxembourg,LUX,752,Sweden,SWE,,,,,,,,27,"Mineral fuels, mineral oils and products of their distillation; bituminous substances; mineral waxes",1,No Quantity,,,,,,,8760,,,0
H4,2016,2016,2016,2,0,1,Import,442,Luxembourg,LUX,757,Switzerland,CHE,,,,,,,,27,"Mineral fuels, mineral oils and products of their distillation; bituminous substances; mineral waxes",1,No Quantity,,,,,,,4417,,,0
H4,2016,2016,2016,2,0,1,Import,442,Luxembourg,LUX,784,United Arab Emirates,ARE,,,,,,,,27,"Mineral fuels, mineral oils and products of their distillation; bituminous substances; mineral waxes",1,No Quantity,,,,,,,11,,,0
H4,2016,2016,2016,2,0,1,Import,442,Luxembourg,LUX,792,Turkey,TUR,,,,,,,,27,"Mineral fuels, mineral oils and products of their distillation; bituminous substances; mineral waxes",1,No Quantity,,,,,,,195,,,0
H4,2016,2016,2016,2,0,1,Import,442,Luxembourg,LUX,826,United Kingdom,GBR,,,,,,,,27,"Mineral fuels, mineral oils and products of their distillation; bituminous substances; mineral waxes",1,No Quantity,,,,,,,115226,,,0
H4,2016,2016,2016,2,0,1,Import,442,Luxembourg,LUX,842,USA,USA,,,,,,,,27,"Mineral fuels, mineral oils and products of their distillation; bituminous substances; mineral waxes",1,No Quantity,,,,,,,159415,,,0
H4,2016,2016,2016,2,0,1,Import,442,Luxembourg,LUX,899,"Areas, nes",,,,,,,,,27,"Mineral fuels, mineral oils and products of their distillation; bituminous substances; mineral waxes",1,No Quantity,,,,,,,8892,,,0
