Classification,Year,Period,Period Desc.,Aggregate Level,Is Leaf Code,Trade Flow Code,Trade Flow,Reporter Code,Reporter,Reporter ISO,Partner Code,Partner,Partner ISO,2nd Partner Code,2nd Partner,2nd Partner ISO,Customs Proc. Code,Customs,Mode of Transport Code,Mode of Transport,Commodity Code,Commodity,Qty Unit Code,Qty Unit,Qty,Alt Qty Unit Code,Alt Qty Unit,Alt Qty,Netweight (kg),Gross weight (kg),Trade Value (US$),CIF Trade Value (US$),FOB Trade Value (US$),Flag
H5,2017,2017,2017,2,0,1,Import,144,Sri Lanka,LKA,0,World,WLD,,,,,,,,27,"Mineral fuels, mineral oils and products of their distillation; bituminous substances; mineral waxes",1,No Quantity,0,,,,0,,3215430505,,,4
H5,2017,2017,2017,2,0,1,Import,144,Sri Lanka,LKA,8,Albania,ALB,,,,,,,,27,"Mineral fuels, mineral oils and products of their distillation; bituminous substances; mineral waxes",1,No Quantity,0,,,,0,,13152,,,0
H5,2017,2017,2017,2,0,1,Import,144,Sri Lanka,LKA,20,Andorra,AND,,,,,,,,27,"Mineral fuels, mineral oils and products of their distillation; bituminous substances; mineral waxes",1,No Quantity,0,,,,0,,15923492,,,0
H5,2017,2017,2017,2,0,1,Import,144,Sri Lanka,LKA,32,Argentina,ARG,,,,,,,,27,"Mineral fuels, mineral oils and products of their distillation; bituminous substances; mineral waxes",1,No Quantity,0,,,,0,,3680,,,0
H5,2017,2017,2017,2,0,1,Import,144,Sri Lanka,LKA,48,Bahrain,BHR,,,,,,,,27,"Mineral fuels, mineral oils and products of their distillation; bituminous substances; mineral waxes",1,No Quantity,0,,,,0,,736052,,,0
H5,2017,2017,2017,2,0,1,Import,144,Sri Lanka,LKA,56,Belgium,BEL,,,,,,,,27,"Mineral fuels, mineral oils and products of their distillation; bituminous substances; mineral waxes",1,No Quantity,0,,,,0,,822404,,,0
H5,2017,2017,2017,2,0,1,Import,144,Sri Lanka,LKA,76,Brazil,BRA,,,,,,,,27,"Mineral fuels, mineral oils and products of their distillation; bituminous substances; mineral waxes",1,No Quantity,0,,,,0,,17276,,,0
H5,2017,2017,2017,2,0,1,Import,144,Sri Lanka,LKA,124,Canada,CAN,,,,,,,,27,"Mineral fuels, mineral oils and products of their distillation; bituminous substances; mineral waxes",1,No Quantity,0,,,,0,,31828,,,0
H5,2017,2017,2017,2,0,1,Import,144,Sri Lanka,LKA,156,China,CHN,,,,,,,,27,"Mineral fuels, mineral oils and products of their distillation; bituminous substances; mineral waxes",1,No Quantity,0,,,,0,,54363044,,,0
H5,2017,2017,2017,2,0,1,Import,144,Sri Lanka,LKA,203,Czechia,CZE,,,,,,,,27,"Mineral fuels, mineral oils and products of their distillation; bituminous substances; mineral waxes",1,No Quantity,0,,,,0,,14386,,,0
H5,2017,2017,2017,2,0,1,Import,144,Sri Lanka,LKA,208,Denmark,DNK,,,,,,,,27,"Mineral fuels, mineral oils and products of their distillation; bituminous substances; mineral waxes",1,No Quantity,0,,,,0,,9793,,,0
H5,2017,2017,2017,2,0,1,Import,144,Sri Lanka,LKA,233,Estonia,EST,,,,,,,,27,"Mineral fuels, mineral oils and products of their distillation; bituminous substances; mineral waxes",1,No Quantity,0,,,,0,,5405,,,0
H5,2017,2017,2017,2,0,1,Import,144,Sri Lanka,LKA,251,France,FRA,,,,,,,,27,"Mineral fuels, mineral oils and products of their distillation; bituminous substances; mineral waxes",1,No Quantity,0,,,,0,,200764,,,0
H5,2017,2017,2017,2,0,1,Import,144,Sri Lanka,LKA,276,Germany,DEU,,,,,,,,27,"Mineral fuels, mineral oils and products of their distillation; bituminous substances; mineral waxes",1,No Quantity,0,,,,0,,463560,,,0
H5,2017,2017,2017,2,0,1,Import,144,Sri Lanka,LKA,300,Greece,GRC,,,,,,,,27,"Mineral fuels, mineral oils and products of their distillation; bituminous substances; mineral waxes",1,No Quantity,0,,,,0,,7264,,,0
H5,2017,2017,2017,2,0,1,Import,144,Sri Lanka,LKA,344,"China, Hong Kong SAR",HKG,,,,,,,,27,"Mineral fuels, mineral oils and products of their distillation; bituminous substances; mineral waxes",1,No Quantity,0,,,,0,,99215,,,0
H5,2017,2017,2017,2,0,1,Import,144,Sri Lanka,LKA,360,Indonesia,IDN,,,,,,,,27,"Mineral fuels, mineral oils and products of their distillation; bituminous substances; mineral waxes",1,No Quantity,0,,,,0,,8841922,,,0
H5,2017,2017,2017,2,0,1,Import,144,Sri Lanka,LKA,364,Iran,IRN,,,,,,,,27,"Mineral fuels, mineral oils and products of their distillation; bituminous substances; mineral waxes",1,No Quantity,0,,,,0,,23459,,,0
H5,2017,2017,2017,2,0,1,Import,144,Sri Lanka,LKA,372,Ireland,IRL,,,,,,,,27,"Mineral fuels, mineral oils and products of their distillation; bituminous substances; mineral waxes",1,No Quantity,0,,,,0,,14515,,,0
H5,2017,2017,2017,2,0,1,Import,144,Sri Lanka,LKA,376,Israel,ISR,,,,,,,,27,"Mineral fuels, mineral oils and products of their distillation; bituminous substances; mineral waxes",1,No Quantity,0,,,,0,,3994,,,0
H5,2017,2017,2017,2,0,1,Import,144,Sri Lanka,LKA,381,Italy,ITA,,,,,,,,27,"Mineral fuels, mineral oils and products of their distillation; bituminous substances; mineral waxes",1,No Quantity,0,,,,0,,84083,,,0
H5,2017,2017,2017,2,0,1,Import,144,Sri Lanka,LKA,392,Japan,JPN,,,,,,,,27,"Mineral fuels, mineral oils and products of their distillation; bituminous substances; mineral waxes",1,No Quantity,0,,,,0,,3472474,,,4
H5,2017,2017,2017,2,0,1,Import,144,Sri Lanka,LKA,410,Rep. of Korea,KOR,,,,,,,,27,"Mineral fuels, mineral oils and products of their distillation; bituminous substances; mineral waxes",1,No Quantity,0,,,,0,,18470093,,,0
H5,2017,2017,2017,2,0,1,Import,144,Sri Lanka,LKA,414,Kuwait,KWT,,,,,,,,27,"Mineral fuels, mineral oils and products of their distillation; bituminous substances; mineral waxes",1,No Quantity,0,,,,0,,152513,,,0
H5,2017,2017,2017,2,0,1,Import,144,Sri Lanka,LKA,458,Malaysia,MYS,,,,,,,,27,"Mineral fuels, mineral oils and products of their distillation; bituminous substances; mineral waxes",1,No Quantity,0,,,,0,,82842386,,,0
H5,2017,2017,2017,2,0,1,Import,144,Sri Lanka,LKA,462,Maldives,MDV,,,,,,,,27,"Mineral fuels, mineral oils and products of their distillation; bituminous substances; mineral waxes",1,No Quantity,0,,,,0,,148716570,,,0
H5,2017,2017,2017,2,0,1,Import,144,Sri Lanka,LKA,484,Mexico,MEX,,,,,,,,27,"Mineral fuels, mineral oils and products of their distillation; bituminous substances; mineral waxes",1,No Quantity,0,,,,0,,70402,,,0
H5,2017,2017,2017,2,0,1,Import,144,Sri Lanka,LKA,490,"Other Asia, nes",,,,,,,,,27,"Mineral fuels, mineral oils and products of their distillation; bituminous substances; mineral waxes",1,No Quantity,0,,,,0,,3097978,,,0
H5,2017,2017,2017,2,0,1,Import,144,Sri Lanka,LKA,512,Oman,OMN,,,,,,,,27,"Mineral fuels, mineral oils and products of their distillation; bituminous substances; mineral waxes",1,No Quantity,0,,,,0,,48557519,,,0
H5,2017,2017,2017,2,0,1,Import,144,Sri Lanka,LKA,516,Namibia,NAM,,,,,,,,27,"Mineral fuels, mineral oils and products of their distillation; bituminous substances; mineral waxes",1,No Quantity,0,,,,0,,10263,,,0
H5,2017,2017,2017,2,0,1,Import,144,Sri Lanka,LKA,528,Netherlands,NLD,,,,,,,,27,"Mineral fuels, mineral oils and products of their distillation; bituminous substances; mineral waxes",1,No Quantity,0,,,,0,,212439,,,0
H5,2017,2017,2017,2,0,1,Import,144,Sri Lanka,LKA,554,New Zealand,NZL,,,,,,,,27,"Mineral fuels, mineral oils and products of their distillation; bituminous substances; mineral waxes",1,No Quantity,0,,,,0,,669845,,,0
H5,2017,2017,2017,2,0,1,Import,144,Sri Lanka,LKA,566,Nigeria,NGA,,,,,,,,27,"Mineral fuels, mineral oils and products of their distillation; bituminous substances; mineral waxes",1,No Quantity,0,,,,0,,2544573,,,0
H5,2017,2017,2017,2,0,1,Import,144,Sri Lanka,LKA,586,Pakistan,PAK,,,,,,,,27,"Mineral fuels, mineral oils and products of their distillation; bituminous substances; mineral waxes",1,No Quantity,0,,,,0,,13055,,,0
H5,2017,2017,2017,2,0,1,Import,144,Sri Lanka,LKA,616,Poland,POL,,,,,,,,27,"Mineral fuels, mineral oils and products of their distillation; bituminous substances; mineral waxes",1,No Quantity,0,,,,0,,475238,,,0
H5,2017,2017,2017,2,0,1,Import,144,Sri Lanka,LKA,634,Qatar,QAT,,,,,,,,27,"Mineral fuels, mineral oils and products of their distillation; bituminous substances; mineral waxes",1,No Quantity,0,,,,0,,2285160,,,0
H5,2017,2017,2017,2,0,1,Import,144,Sri Lanka,LKA,642,Romania,ROU,,,,,,,,27,"Mineral fuels, mineral oils and products of their distillation; bituminous substances; mineral waxes",1,No Quantity,0,,,,0,,11257,,,0
H5,2017,2017,2017,2,0,1,Import,144,Sri Lanka,LKA,682,Saudi Arabia,SAU,,,,,,,,27,"Mineral fuels, mineral oils and products of their distillation; bituminous substances; mineral waxes",1,No Quantity,0,,,,0,,27863216,,,0
H5,2017,2017,2017,2,0,1,Import,144,Sri Lanka,LKA,690,Seychelles,SYC,,,,,,,,27,"Mineral fuels, mineral oils and products of their distillation; bituminous substances; mineral waxes",1,No Quantity,0,,,,0,,8169,,,0
H5,2017,2017,2017,2,0,1,Import,144,Sri Lanka,LKA,699,India,IND,,,,,,,,27,"Mineral fuels, mineral oils and products of their distillation; bituminous substances; mineral waxes",1,No Quantity,0,,,,0,,695215836,,,0
H5,2017,2017,2017,2,0,1,Import,144,Sri Lanka,LKA,702,Singapore,SGP,,,,,,,,27,"Mineral fuels, mineral oils and products of their distillation; bituminous substances; mineral waxes",1,No Quantity,0,,,,0,,753925150,,,0
H5,2017,2017,2017,2,0,1,Import,144,Sri Lanka,LKA,704,Viet Nam,VNM,,,,,,,,27,"Mineral fuels, mineral oils and products of their distillation; bituminous substances; mineral waxes",1,No Quantity,0,,,,0,,29793,,,0
H5,2017,2017,2017,2,0,1,Import,144,Sri Lanka,LKA,710,South Africa,ZAF,,,,,,,,27,"Mineral fuels, mineral oils and products of their distillation; bituminous substances; mineral waxes",1,No Quantity,0,,,,0,,250156251,,,0
H5,2017,2017,2017,2,0,1,Import,144,Sri Lanka,LKA,724,Spain,ESP,,,,,,,,27,"Mineral fuels, mineral oils and products of their distillation; bituminous substances; mineral waxes",1,No Quantity,0,,,,0,,22823,,,0
H5,2017,2017,2017,2,0,1,Import,144,Sri Lanka,LKA,748,Eswatini,SWZ,,,,,,,,27,"Mineral fuels, mineral oils and products of their distillation; bituminous substances; mineral waxes",1,No Quantity,0,,,,0,,2129,,,0
H5,2017,2017,2017,2,0,1,Import,144,Sri Lanka,LKA,752,Sweden,SWE,,,,,,,,27,"Mineral fuels, mineral oils and products of their distillation; bituminous substances; mineral waxes",1,No Quantity,0,,,,0,,354,,,0
H5,2017,2017,2017,2,0,1,Import,144,Sri Lanka,LKA,757,Switzerland,CHE,,,,,,,,27,"Mineral fuels, mineral oils and products of their distillation; bituminous substances; mineral waxes",1,No Quantity,0,,,,0,,13794,,,0
H5,2017,2017,2017,2,0,1,Import,144,Sri Lanka,LKA,764,Thailand,THA,,,,,,,,27,"Mineral fuels, mineral oils and products of their distillation; bituminous substances; mineral waxes",1,No Quantity,0,,,,0,,9258090,,,0
H5,2017,2017,2017,2,0,1,Import,144,Sri Lanka,LKA,784,United Arab Emirates,ARE,,,,,,,,27,"Mineral fuels, mineral oils and products of their distillation; bituminous substances; mineral waxes",1,No Quantity,0,,,,0,,1084498703,,,0
H5,2017,2017,2017,2,0,1,Import,144,Sri Lanka,LKA,792,Turkey,TUR,,,,,,,,27,"Mineral fuels, mineral oils and products of their distillation; bituminous substances; mineral waxes",1,No Quantity,0,,,,0,,82915,,,0
H5,2017,2017,2017,2,0,1,Import,144,Sri Lanka,LKA,804,Ukraine,UKR,,,,,,,,27,"Mineral fuels, mineral oils and products of their distillation; bituminous substances; mineral waxes",1,No Quantity,0,,,,0,,436,,,0
H5,2017,2017,2017,2,0,1,Import,144,Sri Lanka,LKA,818,Egypt,EGY,,,,,,,,27,"Mineral fuels, mineral oils and products of their distillation; bituminous substances; mineral waxes",1,No Quantity,0,,,,0,,44008,,,0
H5,2017,2017,2017,2,0,1,Import,144,Sri Lanka,LKA,826,United Kingdom,GBR,,,,,,,,27,"Mineral fuels, mineral oils and products of their distillation; bituminous substances; mineral waxes",1,No Quantity,0,,,,0,,278289,,,4
H5,2017,2017,2017,2,0,1,Import,144,Sri Lanka,LKA,842,USA,USA,,,,,,,,27,"Mineral fuels, mineral oils and products of their distillation; bituminous substances; mineral waxes",1,No Quantity,0,,,,0,,749466,,,0
H5,2019,2019,2019,2,0,1,Import,144,Sri Lanka,LKA,0,World,WLD,,,,,,,,27,"Mineral fuels, mineral oils and products of their distillation; bituminous substances; mineral waxes",1,No Quantity,0,,,,0,,3432827147,,,4
H5,2019,2019,2019,2,0,1,Import,144,Sri Lanka,LKA,8,Albania,ALB,,,,,,,,27,"Mineral fuels, mineral oils and products of their distillation; bituminous substances; mineral waxes",1,No Quantity,0,,,,0,,6403,,,0
H5,2019,2019,2019,2,0,1,Import,144,Sri Lanka,LKA,40,Austria,AUT,,,,,,,,27,"Mineral fuels, mineral oils and products of their distillation; bituminous substances; mineral waxes",1,No Quantity,0,,,,0,,10077,,,0
H5,2019,2019,2019,2,0,1,Import,144,Sri Lanka,LKA,48,Bahrain,BHR,,,,,,,,27,"Mineral fuels, mineral oils and products of their distillation; bituminous substances; mineral waxes",1,No Quantity,0,,,,0,,36147205,,,0
H5,2019,2019,2019,2,0,1,Import,144,Sri Lanka,LKA,50,Bangladesh,BGD,,,,,,,,27,"Mineral fuels, mineral oils and products of their distillation; bituminous substances; mineral waxes",1,No Quantity,0,,,,0,,1,,,0
H5,2019,2019,2019,2,0,1,Import,144,Sri Lanka,LKA,56,Belgium,BEL,,,,,,,,27,"Mineral fuels, mineral oils and products of their distillation; bituminous substances; mineral waxes",1,No Quantity,0,,,,0,,452262,,,0
H5,2019,2019,2019,2,0,1,Import,144,Sri Lanka,LKA,76,Brazil,BRA,,,,,,,,27,"Mineral fuels, mineral oils and products of their distillation; bituminous substances; mineral waxes",1,No Quantity,0,,,,0,,42937,,,0
H5,2019,2019,2019,2,0,1,Import,144,Sri Lanka,LKA,96,Brunei Darussalam,BRN,,,,,,,,27,"Mineral fuels, mineral oils and products of their distillation; bituminous substances; mineral waxes",1,No Quantity,0,,,,0,,3879587,,,0
H5,2019,2019,2019,2,0,1,Import,144,Sri Lanka,LKA,124,Canada,CAN,,,,,,,,27,"Mineral fuels, mineral oils and products of their distillation; bituminous substances; mineral waxes",1,No Quantity,0,,,,0,,10403,,,0
H5,2019,2019,2019,2,0,1,Import,144,Sri Lanka,LKA,156,China,CHN,,,,,,,,27,"Mineral fuels, mineral oils and products of their distillation; bituminous substances; mineral waxes",1,No Quantity,0,,,,0,,1846664,,,0
H5,2019,2019,2019,2,0,1,Import,144,Sri Lanka,LKA,203,Czechia,CZE,,,,,,,,27,"Mineral fuels, mineral oils and products of their distillation; bituminous substances; mineral waxes",1,No Quantity,0,,,,0,,346,,,0
H5,2019,2019,2019,2,0,1,Import,144,Sri Lanka,LKA,208,Denmark,DNK,,,,,,,,27,"Mineral fuels, mineral oils and products of their distillation; bituminous substances; mineral waxes",1,No Quantity,0,,,,0,,2724,,,0
H5,2019,2019,2019,2,0,1,Import,144,Sri Lanka,LKA,251,France,FRA,,,,,,,,27,"Mineral fuels, mineral oils and products of their distillation; bituminous substances; mineral waxes",1,No Quantity,0,,,,0,,129623,,,0
H5,2019,2019,2019,2,0,1,Import,144,Sri Lanka,LKA,268,Georgia,GEO,,,,,,,,27,"Mineral fuels, mineral oils and products of their distillation; bituminous substances; mineral waxes",1,No Quantity,0,,,,0,,1966,,,0
H5,2019,2019,2019,2,0,1,Import,144,Sri Lanka,LKA,276,Germany,DEU,,,,,,,,27,"Mineral fuels, mineral oils and products of their distillation; bituminous substances; mineral waxes",1,No Quantity,0,,,,0,,457773,,,0
H5,2019,2019,2019,2,0,1,Import,144,Sri Lanka,LKA,300,Greece,GRC,,,,,,,,27,"Mineral fuels, mineral oils and products of their distillation; bituminous substances; mineral waxes",1,No Quantity,0,,,,0,,9192,,,0
H5,2019,2019,2019,2,0,1,Import,144,Sri Lanka,LKA,344,"China, Hong Kong SAR",HKG,,,,,,,,27,"Mineral fuels, mineral oils and products of their distillation; bituminous substances; mineral waxes",1,No Quantity,0,,,,0,,183899,,,0
H5,2019,2019,2019,2,0,1,Import,144,Sri Lanka,LKA,348,Hungary,HUN,,,,,,,,27,"Mineral fuels, mineral oils and products of their distillation; bituminous substances; mineral waxes",1,No Quantity,0,,,,0,,126,,,0
H5,2019,2019,2019,2,0,1,Import,144,Sri Lanka,LKA,360,Indonesia,IDN,,,,,,,,27,"Mineral fuels, mineral oils and products of their distillation; bituminous substances; mineral waxes",1,No Quantity,0,,,,0,,57958180,,,0
H5,2019,2019,2019,2,0,1,Import,144,Sri Lanka,LKA,368,Iraq,IRQ,,,,,,,,27,"Mineral fuels, mineral oils and products of their distillation; bituminous substances; mineral waxes",1,No Quantity,0,,,,0,,47315670,,,0
H5,2019,2019,2019,2,0,1,Import,144,Sri Lanka,LKA,372,Ireland,IRL,,,,,,,,27,"Mineral fuels, mineral oils and products of their distillation; bituminous substances; mineral waxes",1,No Quantity,0,,,,0,,17569,,,0
H5,2019,2019,2019,2,0,1,Import,144,Sri Lanka,LKA,376,Israel,ISR,,,,,,,,27,"Mineral fuels, mineral oils and products of their distillation; bituminous substances; mineral waxes",1,No Quantity,0,,,,0,,4854,,,0
H5,2019,2019,2019,2,0,1,Import,144,Sri Lanka,LKA,381,Italy,ITA,,,,,,,,27,"Mineral fuels, mineral oils and products of their distillation; bituminous substances; mineral waxes",1,No Quantity,0,,,,0,,102800,,,4
H5,2019,2019,2019,2,0,1,Import,144,Sri Lanka,LKA,392,Japan,JPN,,,,,,,,27,"Mineral fuels, mineral oils and products of their distillation; bituminous substances; mineral waxes",1,No Quantity,0,,,,0,,4006846,,,0
H5,2019,2019,2019,2,0,1,Import,144,Sri Lanka,LKA,410,Rep. of Korea,KOR,,,,,,,,27,"Mineral fuels, mineral oils and products of their distillation; bituminous substances; mineral waxes",1,No Quantity,0,,,,0,,14734626,,,0
H5,2019,2019,2019,2,0,1,Import,144,Sri Lanka,LKA,414,Kuwait,KWT,,,,,,,,27,"Mineral fuels, mineral oils and products of their distillation; bituminous substances; mineral waxes",1,No Quantity,0,,,,0,,10972971,,,0
H5,2019,2019,2019,2,0,1,Import,144,Sri Lanka,LKA,442,Luxembourg,LUX,,,,,,,,27,"Mineral fuels, mineral oils and products of their distillation; bituminous substances; mineral waxes",1,No Quantity,0,,,,0,,1582,,,0
H5,2019,2019,2019,2,0,1,Import,144,Sri Lanka,LKA,458,Malaysia,MYS,,,,,,,,27,"Mineral fuels, mineral oils and products of their distillation; bituminous substances; mineral waxes",1,No Quantity,0,,,,0,,476773174,,,0
H5,2019,2019,2019,2,0,1,Import,144,Sri Lanka,LKA,484,Mexico,MEX,,,,,,,,27,"Mineral fuels, mineral oils and products of their distillation; bituminous substances; mineral waxes",1,No Quantity,0,,,,0,,53929,,,0
H5,2019,2019,2019,2,0,1,Import,144,Sri Lanka,LKA,490,"Other Asia, nes",,,,,,,,,27,"Mineral fuels, mineral oils and products of their distillation; bituminous substances; mineral waxes",1,No Quantity,0,,,,0,,2279561,,,0
H5,2019,2019,2019,2,0,1,Import,144,Sri Lanka,LKA,512,Oman,OMN,,,,,,,,27,"Mineral fuels, mineral oils and products of their distillation; bituminous substances; mineral waxes",1,No Quantity,0,,,,0,,166360457,,,0
H5,2019,2019,2019,2,0,1,Import,144,Sri Lanka,LKA,528,Netherlands,NLD,,,,,,,,27,"Mineral fuels, mineral oils and products of their distillation; bituminous substances; mineral waxes",1,No Quantity,0,,,,0,,231147,,,0
H5,2019,2019,2019,2,0,1,Import,144,Sri Lanka,LKA,554,New Zealand,NZL,,,,,,,,27,"Mineral fuels, mineral oils and products of their distillation; bituminous substances; mineral waxes",1,No Quantity,0,,,,0,,391413,,,0
H5,2019,2019,2019,2,0,1,Import,144,Sri Lanka,LKA,566,Nigeria,NGA,,,,,,,,27,"Mineral fuels, mineral oils and products of their distillation; bituminous substances; mineral waxes",1,No Quantity,0,,,,0,,6025762,,,0
H5,2019,2019,2019,2,0,1,Import,144,Sri Lanka,LKA,579,Norway,NOR,,,,,,,,27,"Mineral fuels, mineral oils and products of their distillation; bituminous substances; mineral waxes",1,No Quantity,0,,,,0,,6379,,,0
H5,2019,2019,2019,2,0,1,Import,144,Sri Lanka,LKA,586,Pakistan,PAK,,,,,,,,27,"Mineral fuels, mineral oils and products of their distillation; bituminous substances; mineral waxes",1,No Quantity,0,,,,0,,6245,,,0
H5,2019,2019,2019,2,0,1,Import,144,Sri Lanka,LKA,616,Poland,POL,,,,,,,,27,"Mineral fuels, mineral oils and products of their distillation; bituminous substances; mineral waxes",1,No Quantity,0,,,,0,,108799,,,0
H5,2019,2019,2019,2,0,1,Import,144,Sri Lanka,LKA,620,Portugal,PRT,,,,,,,,27,"Mineral fuels, mineral oils and products of their distillation; bituminous substances; mineral waxes",1,No Quantity,0,,,,0,,403,,,0
H5,2019,2019,2019,2,0,1,Import,144,Sri Lanka,LKA,634,Qatar,QAT,,,,,,,,27,"Mineral fuels, mineral oils and products of their distillation; bituminous substances; mineral waxes",1,No Quantity,0,,,,0,,10441010,,,0
H5,2019,2019,2019,2,0,1,Import,144,Sri Lanka,LKA,643,Russian Federation,RUS,,,,,,,,27,"Mineral fuels, mineral oils and products of their distillation; bituminous substances; mineral waxes",1,No Quantity,0,,,,0,,11850190,,,0
H5,2019,2019,2019,2,0,1,Import,144,Sri Lanka,LKA,682,Saudi Arabia,SAU,,,,,,,,27,"Mineral fuels, mineral oils and products of their distillation; bituminous substances; mineral waxes",1,No Quantity,0,,,,0,,249317344,,,0
H5,2019,2019,2019,2,0,1,Import,144,Sri Lanka,LKA,690,Seychelles,SYC,,,,,,,,27,"Mineral fuels, mineral oils and products of their distillation; bituminous substances; mineral waxes",1,No Quantity,0,,,,0,,46276,,,0
H5,2019,2019,2019,2,0,1,Import,144,Sri Lanka,LKA,699,India,IND,,,,,,,,27,"Mineral fuels, mineral oils and products of their distillation; bituminous substances; mineral waxes",1,No Quantity,0,,,,0,,447237613,,,0
H5,2019,2019,2019,2,0,1,Import,144,Sri Lanka,LKA,702,Singapore,SGP,,,,,,,,27,"Mineral fuels, mineral oils and products of their distillation; bituminous substances; mineral waxes",1,No Quantity,0,,,,0,,512793203,,,4
H5,2019,2019,2019,2,0,1,Import,144,Sri Lanka,LKA,703,Slovakia,SVK,,,,,,,,27,"Mineral fuels, mineral oils and products of their distillation; bituminous substances; mineral waxes",1,No Quantity,0,,,,0,,3122,,,0
H5,2019,2019,2019,2,0,1,Import,144,Sri Lanka,LKA,704,Viet Nam,VNM,,,,,,,,27,"Mineral fuels, mineral oils and products of their distillation; bituminous substances; mineral waxes",1,No Quantity,0,,,,0,,3244831,,,0
H5,2019,2019,2019,2,0,1,Import,144,Sri Lanka,LKA,710,South Africa,ZAF,,,,,,,,27,"Mineral fuels, mineral oils and products of their distillation; bituminous substances; mineral waxes",1,No Quantity,0,,,,0,,132049020,,,0
H5,2019,2019,2019,2,0,1,Import,144,Sri Lanka,LKA,724,Spain,ESP,,,,,,,,27,"Mineral fuels, mineral oils and products of their distillation; bituminous substances; mineral waxes",1,No Quantity,0,,,,0,,73204,,,0
H5,2019,2019,2019,2,0,1,Import,144,Sri Lanka,LKA,752,Sweden,SWE,,,,,,,,27,"Mineral fuels, mineral oils and products of their distillation; bituminous substances; mineral waxes",1,No Quantity,0,,,,0,,35,,,0
H5,2019,2019,2019,2,0,1,Import,144,Sri Lanka,LKA,757,Switzerland,CHE,,,,,,,,27,"Mineral fuels, mineral oils and products of their distillation; bituminous substances; mineral waxes",1,No Quantity,0,,,,0,,17977326,,,0
H5,2019,2019,2019,2,0,1,Import,144,Sri Lanka,LKA,764,Thailand,THA,,,,,,,,27,"Mineral fuels, mineral oils and products of their distillation; bituminous substances; mineral waxes",1,No Quantity,0,,,,0,,12348248,,,0
H5,2019,2019,2019,2,0,1,Import,144,Sri Lanka,LKA,784,United Arab Emirates,ARE,,,,,,,,27,"Mineral fuels, mineral oils and products of their distillation; bituminous substances; mineral waxes",1,No Quantity,0,,,,0,,1185199301,,,0
H5,2019,2019,2019,2,0,1,Import,144,Sri Lanka,LKA,792,Turkey,TUR,,,,,,,,27,"Mineral fuels, mineral oils and products of their distillation; bituminous substances; mineral waxes",1,No Quantity,0,,,,0,,173414,,,0
H5,2019,2019,2019,2,0,1,Import,144,Sri Lanka,LKA,818,Egypt,EGY,,,,,,,,27,"Mineral fuels, mineral oils and products of their distillation; bituminous substances; mineral waxes",1,No Quantity,0,,,,0,,3154,,,0
H5,2019,2019,2019,2,0,1,Import,144,Sri Lanka,LKA,826,United Kingdom,GBR,,,,,,,,27,"Mineral fuels, mineral oils and products of their distillation; bituminous substances; mineral waxes",1,No Quantity,0,,,,0,,547569,,,4
H5,2019,2019,2019,2,0,1,Import,144,Sri Lanka,LKA,842,USA,USA,,,,,,,,27,"Mineral fuels, mineral oils and products of their distillation; bituminous substances; mineral waxes",1,No Quantity,0,,,,0,,18988705,,,0
H5,2020,2020,2020,2,0,1,Import,144,Sri Lanka,LKA,0,World,WLD,,,,,,,,27,"Mineral fuels, mineral oils and products of their distillation; bituminous substances; mineral waxes",1,No Quantity,0,,,,0,,2094865466,,,4
H5,2020,2020,2020,2,0,1,Import,144,Sri Lanka,LKA,8,Albania,ALB,,,,,,,,27,"Mineral fuels, mineral oils and products of their distillation; bituminous substances; mineral waxes",1,No Quantity,0,,,,0,,15123,,,0
H5,2020,2020,2020,2,0,1,Import,144,Sri Lanka,LKA,12,Algeria,DZA,,,,,,,,27,"Mineral fuels, mineral oils and products of their distillation; bituminous substances; mineral waxes",1,No Quantity,0,,,,0,,4768688,,,0
H5,2020,2020,2020,2,0,1,Import,144,Sri Lanka,LKA,36,Australia,AUS,,,,,,,,27,"Mineral fuels, mineral oils and products of their distillation; bituminous substances; mineral waxes",1,No Quantity,0,,,,0,,47,,,0
H5,2020,2020,2020,2,0,1,Import,144,Sri Lanka,LKA,40,Austria,AUT,,,,,,,,27,"Mineral fuels, mineral oils and products of their distillation; bituminous substances; mineral waxes",1,No Quantity,0,,,,0,,132350,,,0
H5,2020,2020,2020,2,0,1,Import,144,Sri Lanka,LKA,48,Bahrain,BHR,,,,,,,,27,"Mineral fuels, mineral oils and products of their distillation; bituminous substances; mineral waxes",1,No Quantity,0,,,,0,,27269895,,,0
H5,2020,2020,2020,2,0,1,Import,144,Sri Lanka,LKA,56,Belgium,BEL,,,,,,,,27,"Mineral fuels, mineral oils and products of their distillation; bituminous substances; mineral waxes",1,No Quantity,0,,,,0,,833347,,,0
H5,2020,2020,2020,2,0,1,Import,144,Sri Lanka,LKA,76,Brazil,BRA,,,,,,,,27,"Mineral fuels, mineral oils and products of their distillation; bituminous substances; mineral waxes",1,No Quantity,0,,,,0,,28534,,,0
H5,2020,2020,2020,2,0,1,Import,144,Sri Lanka,LKA,96,Brunei Darussalam,BRN,,,,,,,,27,"Mineral fuels, mineral oils and products of their distillation; bituminous substances; mineral waxes",1,No Quantity,0,,,,0,,26417550,,,0
H5,2020,2020,2020,2,0,1,Import,144,Sri Lanka,LKA,124,Canada,CAN,,,,,,,,27,"Mineral fuels, mineral oils and products of their distillation; bituminous substances; mineral waxes",1,No Quantity,0,,,,0,,9880,,,0
H5,2020,2020,2020,2,0,1,Import,144,Sri Lanka,LKA,152,Chile,CHL,,,,,,,,27,"Mineral fuels, mineral oils and products of their distillation; bituminous substances; mineral waxes",1,No Quantity,0,,,,0,,7219835,,,0
H5,2020,2020,2020,2,0,1,Import,144,Sri Lanka,LKA,156,China,CHN,,,,,,,,27,"Mineral fuels, mineral oils and products of their distillation; bituminous substances; mineral waxes",1,No Quantity,0,,,,0,,16106991,,,4
H5,2020,2020,2020,2,0,1,Import,144,Sri Lanka,LKA,203,Czechia,CZE,,,,,,,,27,"Mineral fuels, mineral oils and products of their distillation; bituminous substances; mineral waxes",1,No Quantity,0,,,,0,,3019,,,0
H5,2020,2020,2020,2,0,1,Import,144,Sri Lanka,LKA,208,Denmark,DNK,,,,,,,,27,"Mineral fuels, mineral oils and products of their distillation; bituminous substances; mineral waxes",1,No Quantity,0,,,,0,,7997,,,0
H5,2020,2020,2020,2,0,1,Import,144,Sri Lanka,LKA,233,Estonia,EST,,,,,,,,27,"Mineral fuels, mineral oils and products of their distillation; bituminous substances; mineral waxes",1,No Quantity,0,,,,0,,10348,,,0
H5,2020,2020,2020,2,0,1,Import,144,Sri Lanka,LKA,251,France,FRA,,,,,,,,27,"Mineral fuels, mineral oils and products of their distillation; bituminous substances; mineral waxes",1,No Quantity,0,,,,0,,87075,,,0
H5,2020,2020,2020,2,0,1,Import,144,Sri Lanka,LKA,276,Germany,DEU,,,,,,,,27,"Mineral fuels, mineral oils and products of their distillation; bituminous substances; mineral waxes",1,No Quantity,0,,,,0,,259992,,,0
H5,2020,2020,2020,2,0,1,Import,144,Sri Lanka,LKA,300,Greece,GRC,,,,,,,,27,"Mineral fuels, mineral oils and products of their distillation; bituminous substances; mineral waxes",1,No Quantity,0,,,,0,,13100,,,0
H5,2020,2020,2020,2,0,1,Import,144,Sri Lanka,LKA,344,"China, Hong Kong SAR",HKG,,,,,,,,27,"Mineral fuels, mineral oils and products of their distillation; bituminous substances; mineral waxes",1,No Quantity,0,,,,0,,291694,,,0
H5,2020,2020,2020,2,0,1,Import,144,Sri Lanka,LKA,348,Hungary,HUN,,,,,,,,27,"Mineral fuels, mineral oils and products of their distillation; bituminous substances; mineral waxes",1,No Quantity,0,,,,0,,16379,,,0
H5,2020,2020,2020,2,0,1,Import,144,Sri Lanka,LKA,360,Indonesia,IDN,,,,,,,,27,"Mineral fuels, mineral oils and products of their distillation; bituminous substances; mineral waxes",1,No Quantity,0,,,,0,,5856902,,,0
H5,2020,2020,2020,2,0,1,Import,144,Sri Lanka,LKA,368,Iraq,IRQ,,,,,,,,27,"Mineral fuels, mineral oils and products of their distillation; bituminous substances; mineral waxes",1,No Quantity,0,,,,0,,11745408,,,0
H5,2020,2020,2020,2,0,1,Import,144,Sri Lanka,LKA,372,Ireland,IRL,,,,,,,,27,"Mineral fuels, mineral oils and products of their distillation; bituminous substances; mineral waxes",1,No Quantity,0,,,,0,,12532,,,0
H5,2020,2020,2020,2,0,1,Import,144,Sri Lanka,LKA,376,Israel,ISR,,,,,,,,27,"Mineral fuels, mineral oils and products of their distillation; bituminous substances; mineral waxes",1,No Quantity,0,,,,0,,10500,,,0
H5,2020,2020,2020,2,0,1,Import,144,Sri Lanka,LKA,381,Italy,ITA,,,,,,,,27,"Mineral fuels, mineral oils and products of their distillation; bituminous substances; mineral waxes",1,No Quantity,0,,,,0,,122246,,,0
H5,2020,2020,2020,2,0,1,Import,144,Sri Lanka,LKA,392,Japan,JPN,,,,,,,,27,"Mineral fuels, mineral oils and products of their distillation; bituminous substances; mineral waxes",1,No Quantity,0,,,,0,,4357329,,,0
H5,2020,2020,2020,2,0,1,Import,144,Sri Lanka,LKA,410,Rep. of Korea,KOR,,,,,,,,27,"Mineral fuels, mineral oils and products of their distillation; bituminous substances; mineral waxes",1,No Quantity,0,,,,0,,10966218,,,0
H5,2020,2020,2020,2,0,1,Import,144,Sri Lanka,LKA,414,Kuwait,KWT,,,,,,,,27,"Mineral fuels, mineral oils and products of their distillation; bituminous substances; mineral waxes",1,No Quantity,0,,,,0,,53586004,,,0
H5,2020,2020,2020,2,0,1,Import,144,Sri Lanka,LKA,428,Latvia,LVA,,,,,,,,27,"Mineral fuels, mineral oils and products of their distillation; bituminous substances; mineral waxes",1,No Quantity,0,,,,0,,74944,,,0
H5,2020,2020,2020,2,0,1,Import,144,Sri Lanka,LKA,442,Luxembourg,LUX,,,,,,,,27,"Mineral fuels, mineral oils and products of their distillation; bituminous substances; mineral waxes",1,No Quantity,0,,,,0,,315,,,0
H5,2020,2020,2020,2,0,1,Import,144,Sri Lanka,LKA,458,Malaysia,MYS,,,,,,,,27,"Mineral fuels, mineral oils and products of their distillation; bituminous substances; mineral waxes",1,No Quantity,0,,,,0,,221209520,,,0
H5,2020,2020,2020,2,0,1,Import,144,Sri Lanka,LKA,480,Mauritius,MUS,,,,,,,,27,"Mineral fuels, mineral oils and products of their distillation; bituminous substances; mineral waxes",1,No Quantity,0,,,,0,,376914,,,0
H5,2020,2020,2020,2,0,1,Import,144,Sri Lanka,LKA,484,Mexico,MEX,,,,,,,,27,"Mineral fuels, mineral oils and products of their distillation; bituminous substances; mineral waxes",1,No Quantity,0,,,,0,,58388,,,0
H5,2020,2020,2020,2,0,1,Import,144,Sri Lanka,LKA,490,"Other Asia, nes",,,,,,,,,27,"Mineral fuels, mineral oils and products of their distillation; bituminous substances; mineral waxes",1,No Quantity,0,,,,0,,2154471,,,0
H5,2020,2020,2020,2,0,1,Import,144,Sri Lanka,LKA,512,Oman,OMN,,,,,,,,27,"Mineral fuels, mineral oils and products of their distillation; bituminous substances; mineral waxes",1,No Quantity,0,,,,0,,145009536,,,0
H5,2020,2020,2020,2,0,1,Import,144,Sri Lanka,LKA,528,Netherlands,NLD,,,,,,,,27,"Mineral fuels, mineral oils and products of their distillation; bituminous substances; mineral waxes",1,No Quantity,0,,,,0,,20059358,,,0
H5,2020,2020,2020,2,0,1,Import,144,Sri Lanka,LKA,554,New Zealand,NZL,,,,,,,,27,"Mineral fuels, mineral oils and products of their distillation; bituminous substances; mineral waxes",1,No Quantity,0,,,,0,,46641,,,0
H5,2020,2020,2020,2,0,1,Import,144,Sri Lanka,LKA,566,Nigeria,NGA,,,,,,,,27,"Mineral fuels, mineral oils and products of their distillation; bituminous substances; mineral waxes",1,No Quantity,0,,,,0,,9,,,0
H5,2020,2020,2020,2,0,1,Import,144,Sri Lanka,LKA,586,Pakistan,PAK,,,,,,,,27,"Mineral fuels, mineral oils and products of their distillation; bituminous substances; mineral waxes",1,No Quantity,0,,,,0,,25408,,,0
H5,2020,2020,2020,2,0,1,Import,144,Sri Lanka,LKA,616,Poland,POL,,,,,,,,27,"Mineral fuels, mineral oils and products of their distillation; bituminous substances; mineral waxes",1,No Quantity,0,,,,0,,161452,,,0
H5,2020,2020,2020,2,0,1,Import,144,Sri Lanka,LKA,620,Portugal,PRT,,,,,,,,27,"Mineral fuels, mineral oils and products of their distillation; bituminous substances; mineral waxes",1,No Quantity,0,,,,0,,1235649,,,0
H5,2020,2020,2020,2,0,1,Import,144,Sri Lanka,LKA,634,Qatar,QAT,,,,,,,,27,"Mineral fuels, mineral oils and products of their distillation; bituminous substances; mineral waxes",1,No Quantity,0,,,,0,,4266483,,,0
H5,2020,2020,2020,2,0,1,Import,144,Sri Lanka,LKA,643,Russian Federation,RUS,,,,,,,,27,"Mineral fuels, mineral oils and products of their distillation; bituminous substances; mineral waxes",1,No Quantity,0,,,,0,,3361680,,,0
H5,2020,2020,2020,2,0,1,Import,144,Sri Lanka,LKA,682,Saudi Arabia,SAU,,,,,,,,27,"Mineral fuels, mineral oils and products of their distillation; bituminous substances; mineral waxes",1,No Quantity,0,,,,0,,75583828,,,0
H5,2020,2020,2020,2,0,1,Import,144,Sri Lanka,LKA,699,India,IND,,,,,,,,27,"Mineral fuels, mineral oils and products of their distillation; bituminous substances; mineral waxes",1,No Quantity,0,,,,0,,220912800,,,0
H5,2020,2020,2020,2,0,1,Import,144,Sri Lanka,LKA,702,Singapore,SGP,,,,,,,,27,"Mineral fuels, mineral oils and products of their distillation; bituminous substances; mineral waxes",1,No Quantity,0,,,,0,,391136141,,,0
H5,2020,2020,2020,2,0,1,Import,144,Sri Lanka,LKA,703,Slovakia,SVK,,,,,,,,27,"Mineral fuels, mineral oils and products of their distillation; bituminous substances; mineral waxes",1,No Quantity,0,,,,0,,4979,,,0
H5,2020,2020,2020,2,0,1,Import,144,Sri Lanka,LKA,704,Viet Nam,VNM,,,,,,,,27,"Mineral fuels, mineral oils and products of their distillation; bituminous substances; mineral waxes",1,No Quantity,0,,,,0,,11810,,,0
H5,2020,2020,2020,2,0,1,Import,144,Sri Lanka,LKA,710,South Africa,ZAF,,,,,,,,27,"Mineral fuels, mineral oils and products of their distillation; bituminous substances; mineral waxes",1,No Quantity,0,,,,0,,207903041,,,0
H5,2020,2020,2020,2,0,1,Import,144,Sri Lanka,LKA,724,Spain,ESP,,,,,,,,27,"Mineral fuels, mineral oils and products of their distillation; bituminous substances; mineral waxes",1,No Quantity,0,,,,0,,47982,,,0
H5,2020,2020,2020,2,0,1,Import,144,Sri Lanka,LKA,752,Sweden,SWE,,,,,,,,27,"Mineral fuels, mineral oils and products of their distillation; bituminous substances; mineral waxes",1,No Quantity,0,,,,0,,169268,,,0
H5,2020,2020,2020,2,0,1,Import,144,Sri Lanka,LKA,757,Switzerland,CHE,,,,,,,,27,"Mineral fuels, mineral oils and products of their distillation; bituminous substances; mineral waxes",1,No Quantity,0,,,,0,,59846,,,0
H5,2020,2020,2020,2,0,1,Import,144,Sri Lanka,LKA,764,Thailand,THA,,,,,,,,27,"Mineral fuels, mineral oils and products of their distillation; bituminous substances; mineral waxes",1,No Quantity,0,,,,0,,9481295,,,0
H5,2020,2020,2020,2,0,1,Import,144,Sri Lanka,LKA,784,United Arab Emirates,ARE,,,,,,,,27,"Mineral fuels, mineral oils and products of their distillation; bituminous substances; mineral waxes",1,No Quantity,0,,,,0,,596874696,,,0
H5,2020,2020,2020,2,0,1,Import,144,Sri Lanka,LKA,792,Turkey,TUR,,,,,,,,27,"Mineral fuels, mineral oils and products of their distillation; bituminous substances; mineral waxes",1,No Quantity,0,,,,0,,216572,,,0
H5,2020,2020,2020,2,0,1,Import,144,Sri Lanka,LKA,804,Ukraine,UKR,,,,,,,,27,"Mineral fuels, mineral oils and products of their distillation; bituminous substances; mineral waxes",1,No Quantity,0,,,,0,,33,,,0
H5,2020,2020,2020,2,0,1,Import,144,Sri Lanka,LKA,826,United Kingdom,GBR,,,,,,,,27,"Mineral fuels, mineral oils and products of their distillation; bituminous substances; mineral waxes",1,No Quantity,0,,,,0,,345382,,,0
H5,2020,2020,2020,2,0,1,Import,144,Sri Lanka,LKA,842,USA,USA,,,,,,,,27,"Mineral fuels, mineral oils and products of their distillation; bituminous substances; mineral waxes",1,No Quantity,0,,,,0,,23898873,,,0
H5,2020,2020,2020,2,0,1,Import,144,Sri Lanka,LKA,899,"Areas, nes",,,,,,,,,27,"Mineral fuels, mineral oils and products of their distillation; bituminous substances; mineral waxes",1,No Quantity,0,,,,0,,29138,,,4
H4,2013,2013,2013,2,0,1,Import,144,Sri Lanka,LKA,0,World,WLD,,,,,,,,27,"Mineral fuels, mineral oils and products of their distillation; bituminous substances; mineral waxes",1,No Quantity,,,,,,,4199354046,,,0
H4,2013,2013,2013,2,0,1,Import,144,Sri Lanka,LKA,36,Australia,AUS,,,,,,,,27,"Mineral fuels, mineral oils and products of their distillation; bituminous substances; mineral waxes",1,No Quantity,,,,,,,118315,,,0
H4,2013,2013,2013,2,0,1,Import,144,Sri Lanka,LKA,40,Austria,AUT,,,,,,,,27,"Mineral fuels, mineral oils and products of their distillation; bituminous substances; mineral waxes",1,No Quantity,,,,,,,71838,,,0
H4,2013,2013,2013,2,0,1,Import,144,Sri Lanka,LKA,48,Bahrain,BHR,,,,,,,,27,"Mineral fuels, mineral oils and products of their distillation; bituminous substances; mineral waxes",1,No Quantity,,,,,,,54650695,,,0
H4,2013,2013,2013,2,0,1,Import,144,Sri Lanka,LKA,56,Belgium,BEL,,,,,,,,27,"Mineral fuels, mineral oils and products of their distillation; bituminous substances; mineral waxes",1,No Quantity,,,,,,,415793,,,0
H4,2013,2013,2013,2,0,1,Import,144,Sri Lanka,LKA,76,Brazil,BRA,,,,,,,,27,"Mineral fuels, mineral oils and products of their distillation; bituminous substances; mineral waxes",1,No Quantity,,,,,,,12183,,,0
H4,2013,2013,2013,2,0,1,Import,144,Sri Lanka,LKA,124,Canada,CAN,,,,,,,,27,"Mineral fuels, mineral oils and products of their distillation; bituminous substances; mineral waxes",1,No Quantity,,,,,,,21831,,,0
H4,2013,2013,2013,2,0,1,Import,144,Sri Lanka,LKA,156,China,CHN,,,,,,,,27,"Mineral fuels, mineral oils and products of their distillation; bituminous substances; mineral waxes",1,No Quantity,,,,,,,22367396,,,0
H4,2013,2013,2013,2,0,1,Import,144,Sri Lanka,LKA,203,Czechia,CZE,,,,,,,,27,"Mineral fuels, mineral oils and products of their distillation; bituminous substances; mineral waxes",1,No Quantity,,,,,,,295,,,0
H4,2013,2013,2013,2,0,1,Import,144,Sri Lanka,LKA,208,Denmark,DNK,,,,,,,,27,"Mineral fuels, mineral oils and products of their distillation; bituminous substances; mineral waxes",1,No Quantity,,,,,,,6694,,,0
H4,2013,2013,2013,2,0,1,Import,144,Sri Lanka,LKA,233,Estonia,EST,,,,,,,,27,"Mineral fuels, mineral oils and products of their distillation; bituminous substances; mineral waxes",1,No Quantity,,,,,,,11063,,,0
H4,2013,2013,2013,2,0,1,Import,144,Sri Lanka,LKA,246,Finland,FIN,,,,,,,,27,"Mineral fuels, mineral oils and products of their distillation; bituminous substances; mineral waxes",1,No Quantity,,,,,,,257,,,0
H4,2013,2013,2013,2,0,1,Import,144,Sri Lanka,LKA,251,France,FRA,,,,,,,,27,"Mineral fuels, mineral oils and products of their distillation; bituminous substances; mineral waxes",1,No Quantity,,,,,,,3436560,,,0
H4,2013,2013,2013,2,0,1,Import,144,Sri Lanka,LKA,262,Djibouti,DJI,,,,,,,,27,"Mineral fuels, mineral oils and products of their distillation; bituminous substances; mineral waxes",1,No Quantity,,,,,,,113,,,0
H4,2013,2013,2013,2,0,1,Import,144,Sri Lanka,LKA,276,Germany,DEU,,,,,,,,27,"Mineral fuels, mineral oils and products of their distillation; bituminous substances; mineral waxes",1,No Quantity,,,,,,,341136,,,0
H4,2013,2013,2013,2,0,1,Import,144,Sri Lanka,LKA,300,Greece,GRC,,,,,,,,27,"Mineral fuels, mineral oils and products of their distillation; bituminous substances; mineral waxes",1,No Quantity,,,,,,,1943,,,0
H4,2013,2013,2013,2,0,1,Import,144,Sri Lanka,LKA,344,"China, Hong Kong SAR",HKG,,,,,,,,27,"Mineral fuels, mineral oils and products of their distillation; bituminous substances; mineral waxes",1,No Quantity,,,,,,,238664,,,0
H4,2013,2013,2013,2,0,1,Import,144,Sri Lanka,LKA,360,Indonesia,IDN,,,,,,,,27,"Mineral fuels, mineral oils and products of their distillation; bituminous substances; mineral waxes",1,No Quantity,,,,,,,102085730,,,0
H4,2013,2013,2013,2,0,1,Import,144,Sri Lanka,LKA,364,Iran,IRN,,,,,,,,27,"Mineral fuels, mineral oils and products of their distillation; bituminous substances; mineral waxes",1,No Quantity,,,,,,,12878,,,0
H4,2013,2013,2013,2,0,1,Import,144,Sri Lanka,LKA,372,Ireland,IRL,,,,,,,,27,"Mineral fuels, mineral oils and products of their distillation; bituminous substances; mineral waxes",1,No Quantity,,,,,,,9910,,,0
H4,2013,2013,2013,2,0,1,Import,144,Sri Lanka,LKA,376,Israel,ISR,,,,,,,,27,"Mineral fuels, mineral oils and products of their distillation; bituminous substances; mineral waxes",1,No Quantity,,,,,,,250,,,0
H4,2013,2013,2013,2,0,1,Import,144,Sri Lanka,LKA,381,Italy,ITA,,,,,,,,27,"Mineral fuels, mineral oils and products of their distillation; bituminous substances; mineral waxes",1,No Quantity,,,,,,,122469,,,0
H4,2013,2013,2013,2,0,1,Import,144,Sri Lanka,LKA,392,Japan,JPN,,,,,,,,27,"Mineral fuels, mineral oils and products of their distillation; bituminous substances; mineral waxes",1,No Quantity,,,,,,,2235632,,,0
H4,2013,2013,2013,2,0,1,Import,144,Sri Lanka,LKA,410,Rep. of Korea,KOR,,,,,,,,27,"Mineral fuels, mineral oils and products of their distillation; bituminous substances; mineral waxes",1,No Quantity,,,,,,,10969314,,,0
H4,2013,2013,2013,2,0,1,Import,144,Sri Lanka,LKA,414,Kuwait,KWT,,,,,,,,27,"Mineral fuels, mineral oils and products of their distillation; bituminous substances; mineral waxes",1,No Quantity,,,,,,,964006,,,0
H4,2013,2013,2013,2,0,1,Import,144,Sri Lanka,LKA,458,Malaysia,MYS,,,,,,,,27,"Mineral fuels, mineral oils and products of their distillation; bituminous substances; mineral waxes",1,No Quantity,,,,,,,97934522,,,0
H4,2013,2013,2013,2,0,1,Import,144,Sri Lanka,LKA,462,Maldives,MDV,,,,,,,,27,"Mineral fuels, mineral oils and products of their distillation; bituminous substances; mineral waxes",1,No Quantity,,,,,,,27365,,,0
H4,2013,2013,2013,2,0,1,Import,144,Sri Lanka,LKA,484,Mexico,MEX,,,,,,,,27,"Mineral fuels, mineral oils and products of their distillation; bituminous substances; mineral waxes",1,No Quantity,,,,,,,23181,,,0
H4,2013,2013,2013,2,0,1,Import,144,Sri Lanka,LKA,490,"Other Asia, nes",,,,,,,,,27,"Mineral fuels, mineral oils and products of their distillation; bituminous substances; mineral waxes",1,No Quantity,,,,,,,82073316,,,0
H4,2013,2013,2013,2,0,1,Import,144,Sri Lanka,LKA,512,Oman,OMN,,,,,,,,27,"Mineral fuels, mineral oils and products of their distillation; bituminous substances; mineral waxes",1,No Quantity,,,,,,,748812956,,,0
H4,2013,2013,2013,2,0,1,Import,144,Sri Lanka,LKA,528,Netherlands,NLD,,,,,,,,27,"Mineral fuels, mineral oils and products of their distillation; bituminous substances; mineral waxes",1,No Quantity,,,,,,,283856,,,0
H4,2013,2013,2013,2,0,1,Import,144,Sri Lanka,LKA,554,New Zealand,NZL,,,,,,,,27,"Mineral fuels, mineral oils and products of their distillation; bituminous substances; mineral waxes",1,No Quantity,,,,,,,416896,,,0
H4,2013,2013,2013,2,0,1,Import,144,Sri Lanka,LKA,579,Norway,NOR,,,,,,,,27,"Mineral fuels, mineral oils and products of their distillation; bituminous substances; mineral waxes",1,No Quantity,,,,,,,63,,,0
H4,2013,2013,2013,2,0,1,Import,144,Sri Lanka,LKA,616,Poland,POL,,,,,,,,27,"Mineral fuels, mineral oils and products of their distillation; bituminous substances; mineral waxes",1,No Quantity,,,,,,,349757,,,0
H4,2013,2013,2013,2,0,1,Import,144,Sri Lanka,LKA,634,Qatar,QAT,,,,,,,,27,"Mineral fuels, mineral oils and products of their distillation; bituminous substances; mineral waxes",1,No Quantity,,,,,,,39221985,,,0
H4,2013,2013,2013,2,0,1,Import,144,Sri Lanka,LKA,682,Saudi Arabia,SAU,,,,,,,,27,"Mineral fuels, mineral oils and products of their distillation; bituminous substances; mineral waxes",1,No Quantity,,,,,,,139212592,,,0
H4,2013,2013,2013,2,0,1,Import,144,Sri Lanka,LKA,690,Seychelles,SYC,,,,,,,,27,"Mineral fuels, mineral oils and products of their distillation; bituminous substances; mineral waxes",1,No Quantity,,,,,,,12288,,,0
H4,2013,2013,2013,2,0,1,Import,144,Sri Lanka,LKA,699,India,IND,,,,,,,,27,"Mineral fuels, mineral oils and products of their distillation; bituminous substances; mineral waxes",1,No Quantity,,,,,,,445094913,,,0
H4,2013,2013,2013,2,0,1,Import,144,Sri Lanka,LKA,702,Singapore,SGP,,,,,,,,27,"Mineral fuels, mineral oils and products of their distillation; bituminous substances; mineral waxes",1,No Quantity,,,,,,,1445452290,,,0
H4,2013,2013,2013,2,0,1,Import,144,Sri Lanka,LKA,704,Viet Nam,VNM,,,,,,,,27,"Mineral fuels, mineral oils and products of their distillation; bituminous substances; mineral waxes",1,No Quantity,,,,,,,49749,,,0
H4,2013,2013,2013,2,0,1,Import,144,Sri Lanka,LKA,710,South Africa,ZAF,,,,,,,,27,"Mineral fuels, mineral oils and products of their distillation; bituminous substances; mineral waxes",1,No Quantity,,,,,,,19765299,,,0
H4,2013,2013,2013,2,0,1,Import,144,Sri Lanka,LKA,724,Spain,ESP,,,,,,,,27,"Mineral fuels, mineral oils and products of their distillation; bituminous substances; mineral waxes",1,No Quantity,,,,,,,55666,,,0
H4,2013,2013,2013,2,0,1,Import,144,Sri Lanka,LKA,752,Sweden,SWE,,,,,,,,27,"Mineral fuels, mineral oils and products of their distillation; bituminous substances; mineral waxes",1,No Quantity,,,,,,,364680,,,0
H4,2013,2013,2013,2,0,1,Import,144,Sri Lanka,LKA,757,Switzerland,CHE,,,,,,,,27,"Mineral fuels, mineral oils and products of their distillation; bituminous substances; mineral waxes",1,No Quantity,,,,,,,1551,,,0
H4,2013,2013,2013,2,0,1,Import,144,Sri Lanka,LKA,764,Thailand,THA,,,,,,,,27,"Mineral fuels, mineral oils and products of their distillation; bituminous substances; mineral waxes",1,No Quantity,,,,,,,13161419,,,0
H4,2013,2013,2013,2,0,1,Import,144,Sri Lanka,LKA,784,United Arab Emirates,ARE,,,,,,,,27,"Mineral fuels, mineral oils and products of their distillation; bituminous substances; mineral waxes",1,No Quantity,,,,,,,967071273,,,0
H4,2013,2013,2013,2,0,1,Import,144,Sri Lanka,LKA,792,Turkey,TUR,,,,,,,,27,"Mineral fuels, mineral oils and products of their distillation; bituminous substances; mineral waxes",1,No Quantity,,,,,,,75428,,,0
H4,2013,2013,2013,2,0,1,Import,144,Sri Lanka,LKA,826,United Kingdom,GBR,,,,,,,,27,"Mineral fuels, mineral oils and products of their distillation; bituminous substances; mineral waxes",1,No Quantity,,,,,,,845152,,,0
H4,2013,2013,2013,2,0,1,Import,144,Sri Lanka,LKA,842,USA,USA,,,,,,,,27,"Mineral fuels, mineral oils and products of their distillation; bituminous substances; mineral waxes",1,No Quantity,,,,,,,795950,,,0
H4,2013,2013,2013,2,0,1,Import,144,Sri Lanka,LKA,899,"Areas, nes",,,,,,,,,27,"Mineral fuels, mineral oils and products of their distillation; bituminous substances; mineral waxes",1,No Quantity,,,,,,,156932,,,0
H4,2014,2014,2014,2,0,1,Import,144,Sri Lanka,LKA,0,World,WLD,,,,,,,,27,"Mineral fuels, mineral oils and products of their distillation; bituminous substances; mineral waxes",1,No Quantity,,,,,,,4397261656,,,0
H4,2014,2014,2014,2,0,1,Import,144,Sri Lanka,LKA,8,Albania,ALB,,,,,,,,27,"Mineral fuels, mineral oils and products of their distillation; bituminous substances; mineral waxes",1,No Quantity,,,,,,,6902,,,0
H4,2014,2014,2014,2,0,1,Import,144,Sri Lanka,LKA,36,Australia,AUS,,,,,,,,27,"Mineral fuels, mineral oils and products of their distillation; bituminous substances; mineral waxes",1,No Quantity,,,,,,,65154,,,0
H4,2014,2014,2014,2,0,1,Import,144,Sri Lanka,LKA,40,Austria,AUT,,,,,,,,27,"Mineral fuels, mineral oils and products of their distillation; bituminous substances; mineral waxes",1,No Quantity,,,,,,,12,,,0
H4,2014,2014,2014,2,0,1,Import,144,Sri Lanka,LKA,48,Bahrain,BHR,,,,,,,,27,"Mineral fuels, mineral oils and products of their distillation; bituminous substances; mineral waxes",1,No Quantity,,,,,,,16536247,,,0
H4,2014,2014,2014,2,0,1,Import,144,Sri Lanka,LKA,56,Belgium,BEL,,,,,,,,27,"Mineral fuels, mineral oils and products of their distillation; bituminous substances; mineral waxes",1,No Quantity,,,,,,,223885,,,0
H4,2014,2014,2014,2,0,1,Import,144,Sri Lanka,LKA,76,Brazil,BRA,,,,,,,,27,"Mineral fuels, mineral oils and products of their distillation; bituminous substances; mineral waxes",1,No Quantity,,,,,,,50093,,,0
H4,2014,2014,2014,2,0,1,Import,144,Sri Lanka,LKA,124,Canada,CAN,,,,,,,,27,"Mineral fuels, mineral oils and products of their distillation; bituminous substances; mineral waxes",1,No Quantity,,,,,,,14340,,,0
H4,2014,2014,2014,2,0,1,Import,144,Sri Lanka,LKA,156,China,CHN,,,,,,,,27,"Mineral fuels, mineral oils and products of their distillation; bituminous substances; mineral waxes",1,No Quantity,,,,,,,266882237,,,0
H4,2014,2014,2014,2,0,1,Import,144,Sri Lanka,LKA,208,Denmark,DNK,,,,,,,,27,"Mineral fuels, mineral oils and products of their distillation; bituminous substances; mineral waxes",1,No Quantity,,,,,,,5173,,,0
H4,2014,2014,2014,2,0,1,Import,144,Sri Lanka,LKA,251,France,FRA,,,,,,,,27,"Mineral fuels, mineral oils and products of their distillation; bituminous substances; mineral waxes",1,No Quantity,,,,,,,177569,,,0
H4,2014,2014,2014,2,0,1,Import,144,Sri Lanka,LKA,276,Germany,DEU,,,,,,,,27,"Mineral fuels, mineral oils and products of their distillation; bituminous substances; mineral waxes",1,No Quantity,,,,,,,550260,,,0
H4,2014,2014,2014,2,0,1,Import,144,Sri Lanka,LKA,300,Greece,GRC,,,,,,,,27,"Mineral fuels, mineral oils and products of their distillation; bituminous substances; mineral waxes",1,No Quantity,,,,,,,4860,,,0
H4,2014,2014,2014,2,0,1,Import,144,Sri Lanka,LKA,344,"China, Hong Kong SAR",HKG,,,,,,,,27,"Mineral fuels, mineral oils and products of their distillation; bituminous substances; mineral waxes",1,No Quantity,,,,,,,247031,,,0
H4,2014,2014,2014,2,0,1,Import,144,Sri Lanka,LKA,360,Indonesia,IDN,,,,,,,,27,"Mineral fuels, mineral oils and products of their distillation; bituminous substances; mineral waxes",1,No Quantity,,,,,,,232158680,,,0
H4,2014,2014,2014,2,0,1,Import,144,Sri Lanka,LKA,364,Iran,IRN,,,,,,,,27,"Mineral fuels, mineral oils and products of their distillation; bituminous substances; mineral waxes",1,No Quantity,,,,,,,19331,,,0
H4,2014,2014,2014,2,0,1,Import,144,Sri Lanka,LKA,372,Ireland,IRL,,,,,,,,27,"Mineral fuels, mineral oils and products of their distillation; bituminous substances; mineral waxes",1,No Quantity,,,,,,,19544,,,0
H4,2014,2014,2014,2,0,1,Import,144,Sri Lanka,LKA,381,Italy,ITA,,,,,,,,27,"Mineral fuels, mineral oils and products of their distillation; bituminous substances; mineral waxes",1,No Quantity,,,,,,,108620,,,0
H4,2014,2014,2014,2,0,1,Import,144,Sri Lanka,LKA,392,Japan,JPN,,,,,,,,27,"Mineral fuels, mineral oils and products of their distillation; bituminous substances; mineral waxes",1,No Quantity,,,,,,,2980763,,,0
H4,2014,2014,2014,2,0,1,Import,144,Sri Lanka,LKA,408,Dem. People's Rep. of Korea,PRK,,,,,,,,27,"Mineral fuels, mineral oils and products of their distillation; bituminous substances; mineral waxes",1,No Quantity,,,,,,,24467,,,0
H4,2014,2014,2014,2,0,1,Import,144,Sri Lanka,LKA,410,Rep. of Korea,KOR,,,,,,,,27,"Mineral fuels, mineral oils and products of their distillation; bituminous substances; mineral waxes",1,No Quantity,,,,,,,58554359,,,0
H4,2014,2014,2014,2,0,1,Import,144,Sri Lanka,LKA,414,Kuwait,KWT,,,,,,,,27,"Mineral fuels, mineral oils and products of their distillation; bituminous substances; mineral waxes",1,No Quantity,,,,,,,1130803,,,0
H4,2014,2014,2014,2,0,1,Import,144,Sri Lanka,LKA,458,Malaysia,MYS,,,,,,,,27,"Mineral fuels, mineral oils and products of their distillation; bituminous substances; mineral waxes",1,No Quantity,,,,,,,166221911,,,0
H4,2014,2014,2014,2,0,1,Import,144,Sri Lanka,LKA,462,Maldives,MDV,,,,,,,,27,"Mineral fuels, mineral oils and products of their distillation; bituminous substances; mineral waxes",1,No Quantity,,,,,,,60,,,0
H4,2014,2014,2014,2,0,1,Import,144,Sri Lanka,LKA,484,Mexico,MEX,,,,,,,,27,"Mineral fuels, mineral oils and products of their distillation; bituminous substances; mineral waxes",1,No Quantity,,,,,,,23171,,,0
H4,2014,2014,2014,2,0,1,Import,144,Sri Lanka,LKA,490,"Other Asia, nes",,,,,,,,,27,"Mineral fuels, mineral oils and products of their distillation; bituminous substances; mineral waxes",1,No Quantity,,,,,,,918279,,,0
H4,2014,2014,2014,2,0,1,Import,144,Sri Lanka,LKA,512,Oman,OMN,,,,,,,,27,"Mineral fuels, mineral oils and products of their distillation; bituminous substances; mineral waxes",1,No Quantity,,,,,,,318663638,,,0
H4,2014,2014,2014,2,0,1,Import,144,Sri Lanka,LKA,528,Netherlands,NLD,,,,,,,,27,"Mineral fuels, mineral oils and products of their distillation; bituminous substances; mineral waxes",1,No Quantity,,,,,,,368879,,,0
H4,2014,2014,2014,2,0,1,Import,144,Sri Lanka,LKA,554,New Zealand,NZL,,,,,,,,27,"Mineral fuels, mineral oils and products of their distillation; bituminous substances; mineral waxes",1,No Quantity,,,,,,,638940,,,0
H4,2014,2014,2014,2,0,1,Import,144,Sri Lanka,LKA,616,Poland,POL,,,,,,,,27,"Mineral fuels, mineral oils and products of their distillation; bituminous substances; mineral waxes",1,No Quantity,,,,,,,147043,,,0
H4,2014,2014,2014,2,0,1,Import,144,Sri Lanka,LKA,634,Qatar,QAT,,,,,,,,27,"Mineral fuels, mineral oils and products of their distillation; bituminous substances; mineral waxes",1,No Quantity,,,,,,,6142164,,,0
H4,2014,2014,2014,2,0,1,Import,144,Sri Lanka,LKA,642,Romania,ROU,,,,,,,,27,"Mineral fuels, mineral oils and products of their distillation; bituminous substances; mineral waxes",1,No Quantity,,,,,,,17284,,,0
H4,2014,2014,2014,2,0,1,Import,144,Sri Lanka,LKA,643,Russian Federation,RUS,,,,,,,,27,"Mineral fuels, mineral oils and products of their distillation; bituminous substances; mineral waxes",1,No Quantity,,,,,,,65204581,,,0
H4,2014,2014,2014,2,0,1,Import,144,Sri Lanka,LKA,682,Saudi Arabia,SAU,,,,,,,,27,"Mineral fuels, mineral oils and products of their distillation; bituminous substances; mineral waxes",1,No Quantity,,,,,,,33050035,,,0
H4,2014,2014,2014,2,0,1,Import,144,Sri Lanka,LKA,699,India,IND,,,,,,,,27,"Mineral fuels, mineral oils and products of their distillation; bituminous substances; mineral waxes",1,No Quantity,,,,,,,669063641,,,0
H4,2014,2014,2014,2,0,1,Import,144,Sri Lanka,LKA,702,Singapore,SGP,,,,,,,,27,"Mineral fuels, mineral oils and products of their distillation; bituminous substances; mineral waxes",1,No Quantity,,,,,,,1003234704,,,0
H4,2014,2014,2014,2,0,1,Import,144,Sri Lanka,LKA,704,Viet Nam,VNM,,,,,,,,27,"Mineral fuels, mineral oils and products of their distillation; bituminous substances; mineral waxes",1,No Quantity,,,,,,,1853894,,,0
H4,2014,2014,2014,2,0,1,Import,144,Sri Lanka,LKA,710,South Africa,ZAF,,,,,,,,27,"Mineral fuels, mineral oils and products of their distillation; bituminous substances; mineral waxes",1,No Quantity,,,,,,,48721,,,0
H4,2014,2014,2014,2,0,1,Import,144,Sri Lanka,LKA,724,Spain,ESP,,,,,,,,27,"Mineral fuels, mineral oils and products of their distillation; bituminous substances; mineral waxes",1,No Quantity,,,,,,,28897,,,0
H4,2014,2014,2014,2,0,1,Import,144,Sri Lanka,LKA,748,Eswatini,SWZ,,,,,,,,27,"Mineral fuels, mineral oils and products of their distillation; bituminous substances; mineral waxes",1,No Quantity,,,,,,,49,,,0
H4,2014,2014,2014,2,0,1,Import,144,Sri Lanka,LKA,752,Sweden,SWE,,,,,,,,27,"Mineral fuels, mineral oils and products of their distillation; bituminous substances; mineral waxes",1,No Quantity,,,,,,,89381,,,0
H4,2014,2014,2014,2,0,1,Import,144,Sri Lanka,LKA,757,Switzerland,CHE,,,,,,,,27,"Mineral fuels, mineral oils and products of their distillation; bituminous substances; mineral waxes",1,No Quantity,,,,,,,4082,,,0
H4,2014,2014,2014,2,0,1,Import,144,Sri Lanka,LKA,764,Thailand,THA,,,,,,,,27,"Mineral fuels, mineral oils and products of their distillation; bituminous substances; mineral waxes",1,No Quantity,,,,,,,31552677,,,0
H4,2014,2014,2014,2,0,1,Import,144,Sri Lanka,LKA,784,United Arab Emirates,ARE,,,,,,,,27,"Mineral fuels, mineral oils and products of their distillation; bituminous substances; mineral waxes",1,No Quantity,,,,,,,1518282051,,,0
H4,2014,2014,2014,2,0,1,Import,144,Sri Lanka,LKA,792,Turkey,TUR,,,,,,,,27,"Mineral fuels, mineral oils and products of their distillation; bituminous substances; mineral waxes",1,No Quantity,,,,,,,67722,,,0
H4,2014,2014,2014,2,0,1,Import,144,Sri Lanka,LKA,804,Ukraine,UKR,,,,,,,,27,"Mineral fuels, mineral oils and products of their distillation; bituminous substances; mineral waxes",1,No Quantity,,,,,,,11332,,,0
H4,2014,2014,2014,2,0,1,Import,144,Sri Lanka,LKA,818,Egypt,EGY,,,,,,,,27,"Mineral fuels, mineral oils and products of their distillation; bituminous substances; mineral waxes",1,No Quantity,,,,,,,630,,,0
H4,2014,2014,2014,2,0,1,Import,144,Sri Lanka,LKA,826,United Kingdom,GBR,,,,,,,,27,"Mineral fuels, mineral oils and products of their distillation; bituminous substances; mineral waxes",1,No Quantity,,,,,,,879544,,,0
H4,2014,2014,2014,2,0,1,Import,144,Sri Lanka,LKA,842,USA,USA,,,,,,,,27,"Mineral fuels, mineral oils and products of their distillation; bituminous substances; mineral waxes",1,No Quantity,,,,,,,988012,,,0
H4,2015,2015,2015,2,0,1,Import,144,Sri Lanka,LKA,0,World,WLD,,,,,,,,27,"Mineral fuels, mineral oils and products of their distillation; bituminous substances; mineral waxes",1,No Quantity,,,,,,,2652876305,,,0
H4,2015,2015,2015,2,0,1,Import,144,Sri Lanka,LKA,8,Albania,ALB,,,,,,,,27,"Mineral fuels, mineral oils and products of their distillation; bituminous substances; mineral waxes",1,No Quantity,,,,,,,6300,,,0
H4,2015,2015,2015,2,0,1,Import,144,Sri Lanka,LKA,36,Australia,AUS,,,,,,,,27,"Mineral fuels, mineral oils and products of their distillation; bituminous substances; mineral waxes",1,No Quantity,,,,,,,518,,,0
H4,2015,2015,2015,2,0,1,Import,144,Sri Lanka,LKA,40,Austria,AUT,,,,,,,,27,"Mineral fuels, mineral oils and products of their distillation; bituminous substances; mineral waxes",1,No Quantity,,,,,,,1083,,,0
H4,2015,2015,2015,2,0,1,Import,144,Sri Lanka,LKA,48,Bahrain,BHR,,,,,,,,27,"Mineral fuels, mineral oils and products of their distillation; bituminous substances; mineral waxes",1,No Quantity,,,,,,,8520664,,,0
H4,2015,2015,2015,2,0,1,Import,144,Sri Lanka,LKA,56,Belgium,BEL,,,,,,,,27,"Mineral fuels, mineral oils and products of their distillation; bituminous substances; mineral waxes",1,No Quantity,,,,,,,382561,,,0
H4,2015,2015,2015,2,0,1,Import,144,Sri Lanka,LKA,76,Brazil,BRA,,,,,,,,27,"Mineral fuels, mineral oils and products of their distillation; bituminous substances; mineral waxes",1,No Quantity,,,,,,,35751,,,0
H4,2015,2015,2015,2,0,1,Import,144,Sri Lanka,LKA,124,Canada,CAN,,,,,,,,27,"Mineral fuels, mineral oils and products of their distillation; bituminous substances; mineral waxes",1,No Quantity,,,,,,,15872,,,0
H4,2015,2015,2015,2,0,1,Import,144,Sri Lanka,LKA,156,China,CHN,,,,,,,,27,"Mineral fuels, mineral oils and products of their distillation; bituminous substances; mineral waxes",1,No Quantity,,,,,,,102272991,,,0
H4,2015,2015,2015,2,0,1,Import,144,Sri Lanka,LKA,208,Denmark,DNK,,,,,,,,27,"Mineral fuels, mineral oils and products of their distillation; bituminous substances; mineral waxes",1,No Quantity,,,,,,,2197,,,0
H4,2015,2015,2015,2,0,1,Import,144,Sri Lanka,LKA,233,Estonia,EST,,,,,,,,27,"Mineral fuels, mineral oils and products of their distillation; bituminous substances; mineral waxes",1,No Quantity,,,,,,,4584,,,0
H4,2015,2015,2015,2,0,1,Import,144,Sri Lanka,LKA,251,France,FRA,,,,,,,,27,"Mineral fuels, mineral oils and products of their distillation; bituminous substances; mineral waxes",1,No Quantity,,,,,,,155604,,,0
H4,2015,2015,2015,2,0,1,Import,144,Sri Lanka,LKA,276,Germany,DEU,,,,,,,,27,"Mineral fuels, mineral oils and products of their distillation; bituminous substances; mineral waxes",1,No Quantity,,,,,,,414516,,,0
H4,2015,2015,2015,2,0,1,Import,144,Sri Lanka,LKA,300,Greece,GRC,,,,,,,,27,"Mineral fuels, mineral oils and products of their distillation; bituminous substances; mineral waxes",1,No Quantity,,,,,,,2391,,,0
H4,2015,2015,2015,2,0,1,Import,144,Sri Lanka,LKA,344,"China, Hong Kong SAR",HKG,,,,,,,,27,"Mineral fuels, mineral oils and products of their distillation; bituminous substances; mineral waxes",1,No Quantity,,,,,,,15039293,,,0
H4,2015,2015,2015,2,0,1,Import,144,Sri Lanka,LKA,360,Indonesia,IDN,,,,,,,,27,"Mineral fuels, mineral oils and products of their distillation; bituminous substances; mineral waxes",1,No Quantity,,,,,,,39460831,,,0
H4,2015,2015,2015,2,0,1,Import,144,Sri Lanka,LKA,364,Iran,IRN,,,,,,,,27,"Mineral fuels, mineral oils and products of their distillation; bituminous substances; mineral waxes",1,No Quantity,,,,,,,11466,,,0
H4,2015,2015,2015,2,0,1,Import,144,Sri Lanka,LKA,372,Ireland,IRL,,,,,,,,27,"Mineral fuels, mineral oils and products of their distillation; bituminous substances; mineral waxes",1,No Quantity,,,,,,,12204,,,0
H4,2015,2015,2015,2,0,1,Import,144,Sri Lanka,LKA,381,Italy,ITA,,,,,,,,27,"Mineral fuels, mineral oils and products of their distillation; bituminous substances; mineral waxes",1,No Quantity,,,,,,,82506,,,0
H4,2015,2015,2015,2,0,1,Import,144,Sri Lanka,LKA,392,Japan,JPN,,,,,,,,27,"Mineral fuels, mineral oils and products of their distillation; bituminous substances; mineral waxes",1,No Quantity,,,,,,,4391629,,,0
H4,2015,2015,2015,2,0,1,Import,144,Sri Lanka,LKA,410,Rep. of Korea,KOR,,,,,,,,27,"Mineral fuels, mineral oils and products of their distillation; bituminous substances; mineral waxes",1,No Quantity,,,,,,,15452050,,,0
H4,2015,2015,2015,2,0,1,Import,144,Sri Lanka,LKA,414,Kuwait,KWT,,,,,,,,27,"Mineral fuels, mineral oils and products of their distillation; bituminous substances; mineral waxes",1,No Quantity,,,,,,,8573264,,,0
H4,2015,2015,2015,2,0,1,Import,144,Sri Lanka,LKA,458,Malaysia,MYS,,,,,,,,27,"Mineral fuels, mineral oils and products of their distillation; bituminous substances; mineral waxes",1,No Quantity,,,,,,,16651177,,,0
H4,2015,2015,2015,2,0,1,Import,144,Sri Lanka,LKA,462,Maldives,MDV,,,,,,,,27,"Mineral fuels, mineral oils and products of their distillation; bituminous substances; mineral waxes",1,No Quantity,,,,,,,1346799,,,0
H4,2015,2015,2015,2,0,1,Import,144,Sri Lanka,LKA,484,Mexico,MEX,,,,,,,,27,"Mineral fuels, mineral oils and products of their distillation; bituminous substances; mineral waxes",1,No Quantity,,,,,,,48807,,,0
H4,2015,2015,2015,2,0,1,Import,144,Sri Lanka,LKA,490,"Other Asia, nes",,,,,,,,,27,"Mineral fuels, mineral oils and products of their distillation; bituminous substances; mineral waxes",1,No Quantity,,,,,,,2044408,,,0
H4,2015,2015,2015,2,0,1,Import,144,Sri Lanka,LKA,512,Oman,OMN,,,,,,,,27,"Mineral fuels, mineral oils and products of their distillation; bituminous substances; mineral waxes",1,No Quantity,,,,,,,214803139,,,0
H4,2015,2015,2015,2,0,1,Import,144,Sri Lanka,LKA,528,Netherlands,NLD,,,,,,,,27,"Mineral fuels, mineral oils and products of their distillation; bituminous substances; mineral waxes",1,No Quantity,,,,,,,19036416,,,0
H4,2015,2015,2015,2,0,1,Import,144,Sri Lanka,LKA,554,New Zealand,NZL,,,,,,,,27,"Mineral fuels, mineral oils and products of their distillation; bituminous substances; mineral waxes",1,No Quantity,,,,,,,481062,,,0
H4,2015,2015,2015,2,0,1,Import,144,Sri Lanka,LKA,620,Portugal,PRT,,,,,,,,27,"Mineral fuels, mineral oils and products of their distillation; bituminous substances; mineral waxes",1,No Quantity,,,,,,,36195,,,0
H4,2015,2015,2015,2,0,1,Import,144,Sri Lanka,LKA,634,Qatar,QAT,,,,,,,,27,"Mineral fuels, mineral oils and products of their distillation; bituminous substances; mineral waxes",1,No Quantity,,,,,,,4215331,,,0
H4,2015,2015,2015,2,0,1,Import,144,Sri Lanka,LKA,642,Romania,ROU,,,,,,,,27,"Mineral fuels, mineral oils and products of their distillation; bituminous substances; mineral waxes",1,No Quantity,,,,,,,11189,,,0
H4,2015,2015,2015,2,0,1,Import,144,Sri Lanka,LKA,643,Russian Federation,RUS,,,,,,,,27,"Mineral fuels, mineral oils and products of their distillation; bituminous substances; mineral waxes",1,No Quantity,,,,,,,60757260,,,0
H4,2015,2015,2015,2,0,1,Import,144,Sri Lanka,LKA,682,Saudi Arabia,SAU,,,,,,,,27,"Mineral fuels, mineral oils and products of their distillation; bituminous substances; mineral waxes",1,No Quantity,,,,,,,6149019,,,0
H4,2015,2015,2015,2,0,1,Import,144,Sri Lanka,LKA,699,India,IND,,,,,,,,27,"Mineral fuels, mineral oils and products of their distillation; bituminous substances; mineral waxes",1,No Quantity,,,,,,,573655852,,,0
H4,2015,2015,2015,2,0,1,Import,144,Sri Lanka,LKA,702,Singapore,SGP,,,,,,,,27,"Mineral fuels, mineral oils and products of their distillation; bituminous substances; mineral waxes",1,No Quantity,,,,,,,597695026,,,0
H4,2015,2015,2015,2,0,1,Import,144,Sri Lanka,LKA,703,Slovakia,SVK,,,,,,,,27,"Mineral fuels, mineral oils and products of their distillation; bituminous substances; mineral waxes",1,No Quantity,,,,,,,10988,,,0
H4,2015,2015,2015,2,0,1,Import,144,Sri Lanka,LKA,704,Viet Nam,VNM,,,,,,,,27,"Mineral fuels, mineral oils and products of their distillation; bituminous substances; mineral waxes",1,No Quantity,,,,,,,2998866,,,0
H4,2015,2015,2015,2,0,1,Import,144,Sri Lanka,LKA,710,South Africa,ZAF,,,,,,,,27,"Mineral fuels, mineral oils and products of their distillation; bituminous substances; mineral waxes",1,No Quantity,,,,,,,64087967,,,0
H4,2015,2015,2015,2,0,1,Import,144,Sri Lanka,LKA,724,Spain,ESP,,,,,,,,27,"Mineral fuels, mineral oils and products of their distillation; bituminous substances; mineral waxes",1,No Quantity,,,,,,,151372,,,0
H4,2015,2015,2015,2,0,1,Import,144,Sri Lanka,LKA,752,Sweden,SWE,,,,,,,,27,"Mineral fuels, mineral oils and products of their distillation; bituminous substances; mineral waxes",1,No Quantity,,,,,,,283267,,,0
H4,2015,2015,2015,2,0,1,Import,144,Sri Lanka,LKA,757,Switzerland,CHE,,,,,,,,27,"Mineral fuels, mineral oils and products of their distillation; bituminous substances; mineral waxes",1,No Quantity,,,,,,,10833,,,0
H4,2015,2015,2015,2,0,1,Import,144,Sri Lanka,LKA,764,Thailand,THA,,,,,,,,27,"Mineral fuels, mineral oils and products of their distillation; bituminous substances; mineral waxes",1,No Quantity,,,,,,,7469097,,,0
H4,2015,2015,2015,2,0,1,Import,144,Sri Lanka,LKA,772,Tokelau,TKL,,,,,,,,27,"Mineral fuels, mineral oils and products of their distillation; bituminous substances; mineral waxes",1,No Quantity,,,,,,,77,,,0
H4,2015,2015,2015,2,0,1,Import,144,Sri Lanka,LKA,784,United Arab Emirates,ARE,,,,,,,,27,"Mineral fuels, mineral oils and products of their distillation; bituminous substances; mineral waxes",1,No Quantity,,,,,,,884174196,,,0
H4,2015,2015,2015,2,0,1,Import,144,Sri Lanka,LKA,792,Turkey,TUR,,,,,,,,27,"Mineral fuels, mineral oils and products of their distillation; bituminous substances; mineral waxes",1,No Quantity,,,,,,,22282,,,0
H4,2015,2015,2015,2,0,1,Import,144,Sri Lanka,LKA,818,Egypt,EGY,,,,,,,,27,"Mineral fuels, mineral oils and products of their distillation; bituminous substances; mineral waxes",1,No Quantity,,,,,,,2321,,,0
H4,2015,2015,2015,2,0,1,Import,144,Sri Lanka,LKA,826,United Kingdom,GBR,,,,,,,,27,"Mineral fuels, mineral oils and products of their distillation; bituminous substances; mineral waxes",1,No Quantity,,,,,,,957817,,,0
H4,2015,2015,2015,2,0,1,Import,144,Sri Lanka,LKA,842,USA,USA,,,,,,,,27,"Mineral fuels, mineral oils and products of their distillation; bituminous substances; mineral waxes",1,No Quantity,,,,,,,937265,,,0
H4,2016,2016,2016,2,0,1,Import,144,Sri Lanka,LKA,0,World,WLD,,,,,,,,27,"Mineral fuels, mineral oils and products of their distillation; bituminous substances; mineral waxes",1,No Quantity,,,,,,,2333656712,,,0
H4,2016,2016,2016,2,0,1,Import,144,Sri Lanka,LKA,8,Albania,ALB,,,,,,,,27,"Mineral fuels, mineral oils and products of their distillation; bituminous substances; mineral waxes",1,No Quantity,,,,,,,6912,,,0
H4,2016,2016,2016,2,0,1,Import,144,Sri Lanka,LKA,36,Australia,AUS,,,,,,,,27,"Mineral fuels, mineral oils and products of their distillation; bituminous substances; mineral waxes",1,No Quantity,,,,,,,1565,,,0
H4,2016,2016,2016,2,0,1,Import,144,Sri Lanka,LKA,48,Bahrain,BHR,,,,,,,,27,"Mineral fuels, mineral oils and products of their distillation; bituminous substances; mineral waxes",1,No Quantity,,,,,,,394846,,,0
H4,2016,2016,2016,2,0,1,Import,144,Sri Lanka,LKA,56,Belgium,BEL,,,,,,,,27,"Mineral fuels, mineral oils and products of their distillation; bituminous substances; mineral waxes",1,No Quantity,,,,,,,357171,,,0
H4,2016,2016,2016,2,0,1,Import,144,Sri Lanka,LKA,76,Brazil,BRA,,,,,,,,27,"Mineral fuels, mineral oils and products of their distillation; bituminous substances; mineral waxes",1,No Quantity,,,,,,,25312,,,0
H4,2016,2016,2016,2,0,1,Import,144,Sri Lanka,LKA,124,Canada,CAN,,,,,,,,27,"Mineral fuels, mineral oils and products of their distillation; bituminous substances; mineral waxes",1,No Quantity,,,,,,,61508,,,0
H4,2016,2016,2016,2,0,1,Import,144,Sri Lanka,LKA,156,China,CHN,,,,,,,,27,"Mineral fuels, mineral oils and products of their distillation; bituminous substances; mineral waxes",1,No Quantity,,,,,,,155258473,,,0
H4,2016,2016,2016,2,0,1,Import,144,Sri Lanka,LKA,203,Czechia,CZE,,,,,,,,27,"Mineral fuels, mineral oils and products of their distillation; bituminous substances; mineral waxes",1,No Quantity,,,,,,,760,,,0
H4,2016,2016,2016,2,0,1,Import,144,Sri Lanka,LKA,208,Denmark,DNK,,,,,,,,27,"Mineral fuels, mineral oils and products of their distillation; bituminous substances; mineral waxes",1,No Quantity,,,,,,,3557,,,0
H4,2016,2016,2016,2,0,1,Import,144,Sri Lanka,LKA,233,Estonia,EST,,,,,,,,27,"Mineral fuels, mineral oils and products of their distillation; bituminous substances; mineral waxes",1,No Quantity,,,,,,,8251,,,0
H4,2016,2016,2016,2,0,1,Import,144,Sri Lanka,LKA,246,Finland,FIN,,,,,,,,27,"Mineral fuels, mineral oils and products of their distillation; bituminous substances; mineral waxes",1,No Quantity,,,,,,,18,,,0
H4,2016,2016,2016,2,0,1,Import,144,Sri Lanka,LKA,251,France,FRA,,,,,,,,27,"Mineral fuels, mineral oils and products of their distillation; bituminous substances; mineral waxes",1,No Quantity,,,,,,,295700,,,0
H4,2016,2016,2016,2,0,1,Import,144,Sri Lanka,LKA,276,Germany,DEU,,,,,,,,27,"Mineral fuels, mineral oils and products of their distillation; bituminous substances; mineral waxes",1,No Quantity,,,,,,,320799,,,0
H4,2016,2016,2016,2,0,1,Import,144,Sri Lanka,LKA,300,Greece,GRC,,,,,,,,27,"Mineral fuels, mineral oils and products of their distillation; bituminous substances; mineral waxes",1,No Quantity,,,,,,,58536,,,0
H4,2016,2016,2016,2,0,1,Import,144,Sri Lanka,LKA,344,"China, Hong Kong SAR",HKG,,,,,,,,27,"Mineral fuels, mineral oils and products of their distillation; bituminous substances; mineral waxes",1,No Quantity,,,,,,,89832,,,0
H4,2016,2016,2016,2,0,1,Import,144,Sri Lanka,LKA,360,Indonesia,IDN,,,,,,,,27,"Mineral fuels, mineral oils and products of their distillation; bituminous substances; mineral waxes",1,No Quantity,,,,,,,37767378,,,0
H4,2016,2016,2016,2,0,1,Import,144,Sri Lanka,LKA,364,Iran,IRN,,,,,,,,27,"Mineral fuels, mineral oils and products of their distillation; bituminous substances; mineral waxes",1,No Quantity,,,,,,,222,,,0
H4,2016,2016,2016,2,0,1,Import,144,Sri Lanka,LKA,372,Ireland,IRL,,,,,,,,27,"Mineral fuels, mineral oils and products of their distillation; bituminous substances; mineral waxes",1,No Quantity,,,,,,,12121,,,0
H4,2016,2016,2016,2,0,1,Import,144,Sri Lanka,LKA,376,Israel,ISR,,,,,,,,27,"Mineral fuels, mineral oils and products of their distillation; bituminous substances; mineral waxes",1,No Quantity,,,,,,,75,,,0
H4,2016,2016,2016,2,0,1,Import,144,Sri Lanka,LKA,381,Italy,ITA,,,,,,,,27,"Mineral fuels, mineral oils and products of their distillation; bituminous substances; mineral waxes",1,No Quantity,,,,,,,83662,,,0
H4,2016,2016,2016,2,0,1,Import,144,Sri Lanka,LKA,392,Japan,JPN,,,,,,,,27,"Mineral fuels, mineral oils and products of their distillation; bituminous substances; mineral waxes",1,No Quantity,,,,,,,3308487,,,0
H4,2016,2016,2016,2,0,1,Import,144,Sri Lanka,LKA,410,Rep. of Korea,KOR,,,,,,,,27,"Mineral fuels, mineral oils and products of their distillation; bituminous substances; mineral waxes",1,No Quantity,,,,,,,13859941,,,0
H4,2016,2016,2016,2,0,1,Import,144,Sri Lanka,LKA,414,Kuwait,KWT,,,,,,,,27,"Mineral fuels, mineral oils and products of their distillation; bituminous substances; mineral waxes",1,No Quantity,,,,,,,484478,,,0
H4,2016,2016,2016,2,0,1,Import,144,Sri Lanka,LKA,458,Malaysia,MYS,,,,,,,,27,"Mineral fuels, mineral oils and products of their distillation; bituminous substances; mineral waxes",1,No Quantity,,,,,,,116553933,,,0
H4,2016,2016,2016,2,0,1,Import,144,Sri Lanka,LKA,462,Maldives,MDV,,,,,,,,27,"Mineral fuels, mineral oils and products of their distillation; bituminous substances; mineral waxes",1,No Quantity,,,,,,,59846826,,,0
H4,2016,2016,2016,2,0,1,Import,144,Sri Lanka,LKA,484,Mexico,MEX,,,,,,,,27,"Mineral fuels, mineral oils and products of their distillation; bituminous substances; mineral waxes",1,No Quantity,,,,,,,42421,,,0
H4,2016,2016,2016,2,0,1,Import,144,Sri Lanka,LKA,490,"Other Asia, nes",,,,,,,,,27,"Mineral fuels, mineral oils and products of their distillation; bituminous substances; mineral waxes",1,No Quantity,,,,,,,1983901,,,0
H4,2016,2016,2016,2,0,1,Import,144,Sri Lanka,LKA,512,Oman,OMN,,,,,,,,27,"Mineral fuels, mineral oils and products of their distillation; bituminous substances; mineral waxes",1,No Quantity,,,,,,,23773611,,,0
H4,2016,2016,2016,2,0,1,Import,144,Sri Lanka,LKA,528,Netherlands,NLD,,,,,,,,27,"Mineral fuels, mineral oils and products of their distillation; bituminous substances; mineral waxes",1,No Quantity,,,,,,,265384,,,0
H4,2016,2016,2016,2,0,1,Import,144,Sri Lanka,LKA,554,New Zealand,NZL,,,,,,,,27,"Mineral fuels, mineral oils and products of their distillation; bituminous substances; mineral waxes",1,No Quantity,,,,,,,374287,,,0
H4,2016,2016,2016,2,0,1,Import,144,Sri Lanka,LKA,566,Nigeria,NGA,,,,,,,,27,"Mineral fuels, mineral oils and products of their distillation; bituminous substances; mineral waxes",1,No Quantity,,,,,,,371,,,0
H4,2016,2016,2016,2,0,1,Import,144,Sri Lanka,LKA,608,Philippines,PHL,,,,,,,,27,"Mineral fuels, mineral oils and products of their distillation; bituminous substances; mineral waxes",1,No Quantity,,,,,,,13,,,0
H4,2016,2016,2016,2,0,1,Import,144,Sri Lanka,LKA,616,Poland,POL,,,,,,,,27,"Mineral fuels, mineral oils and products of their distillation; bituminous substances; mineral waxes",1,No Quantity,,,,,,,52301,,,0
H4,2016,2016,2016,2,0,1,Import,144,Sri Lanka,LKA,620,Portugal,PRT,,,,,,,,27,"Mineral fuels, mineral oils and products of their distillation; bituminous substances; mineral waxes",1,No Quantity,,,,,,,29874,,,0
H4,2016,2016,2016,2,0,1,Import,144,Sri Lanka,LKA,643,Russian Federation,RUS,,,,,,,,27,"Mineral fuels, mineral oils and products of their distillation; bituminous substances; mineral waxes",1,No Quantity,,,,,,,13862775,,,0
H4,2016,2016,2016,2,0,1,Import,144,Sri Lanka,LKA,682,Saudi Arabia,SAU,,,,,,,,27,"Mineral fuels, mineral oils and products of their distillation; bituminous substances; mineral waxes",1,No Quantity,,,,,,,14881235,,,0
H4,2016,2016,2016,2,0,1,Import,144,Sri Lanka,LKA,699,India,IND,,,,,,,,27,"Mineral fuels, mineral oils and products of their distillation; bituminous substances; mineral waxes",1,No Quantity,,,,,,,384322057,,,0
H4,2016,2016,2016,2,0,1,Import,144,Sri Lanka,LKA,702,Singapore,SGP,,,,,,,,27,"Mineral fuels, mineral oils and products of their distillation; bituminous substances; mineral waxes",1,No Quantity,,,,,,,605885392,,,0
H4,2016,2016,2016,2,0,1,Import,144,Sri Lanka,LKA,703,Slovakia,SVK,,,,,,,,27,"Mineral fuels, mineral oils and products of their distillation; bituminous substances; mineral waxes",1,No Quantity,,,,,,,4718,,,0
H4,2016,2016,2016,2,0,1,Import,144,Sri Lanka,LKA,704,Viet Nam,VNM,,,,,,,,27,"Mineral fuels, mineral oils and products of their distillation; bituminous substances; mineral waxes",1,No Quantity,,,,,,,4724822,,,0
H4,2016,2016,2016,2,0,1,Import,144,Sri Lanka,LKA,705,Slovenia,SVN,,,,,,,,27,"Mineral fuels, mineral oils and products of their distillation; bituminous substances; mineral waxes",1,No Quantity,,,,,,,76,,,0
H4,2016,2016,2016,2,0,1,Import,144,Sri Lanka,LKA,710,South Africa,ZAF,,,,,,,,27,"Mineral fuels, mineral oils and products of their distillation; bituminous substances; mineral waxes",1,No Quantity,,,,,,,172874154,,,0
H4,2016,2016,2016,2,0,1,Import,144,Sri Lanka,LKA,716,Zimbabwe,ZWE,,,,,,,,27,"Mineral fuels, mineral oils and products of their distillation; bituminous substances; mineral waxes",1,No Quantity,,,,,,,2616,,,0
H4,2016,2016,2016,2,0,1,Import,144,Sri Lanka,LKA,724,Spain,ESP,,,,,,,,27,"Mineral fuels, mineral oils and products of their distillation; bituminous substances; mineral waxes",1,No Quantity,,,,,,,142071,,,0
H4,2016,2016,2016,2,0,1,Import,144,Sri Lanka,LKA,752,Sweden,SWE,,,,,,,,27,"Mineral fuels, mineral oils and products of their distillation; bituminous substances; mineral waxes",1,No Quantity,,,,,,,244596,,,0
H4,2016,2016,2016,2,0,1,Import,144,Sri Lanka,LKA,757,Switzerland,CHE,,,,,,,,27,"Mineral fuels, mineral oils and products of their distillation; bituminous substances; mineral waxes",1,No Quantity,,,,,,,10787,,,0
H4,2016,2016,2016,2,0,1,Import,144,Sri Lanka,LKA,764,Thailand,THA,,,,,,,,27,"Mineral fuels, mineral oils and products of their distillation; bituminous substances; mineral waxes",1,No Quantity,,,,,,,7619066,,,0
H4,2016,2016,2016,2,0,1,Import,144,Sri Lanka,LKA,784,United Arab Emirates,ARE,,,,,,,,27,"Mineral fuels, mineral oils and products of their distillation; bituminous substances; mineral waxes",1,No Quantity,,,,,,,712570328,,,0
H4,2016,2016,2016,2,0,1,Import,144,Sri Lanka,LKA,792,Turkey,TUR,,,,,,,,27,"Mineral fuels, mineral oils and products of their distillation; bituminous substances; mineral waxes",1,No Quantity,,,,,,,59531,,,0
H4,2016,2016,2016,2,0,1,Import,144,Sri Lanka,LKA,804,Ukraine,UKR,,,,,,,,27,"Mineral fuels, mineral oils and products of their distillation; bituminous substances; mineral waxes",1,No Quantity,,,,,,,10093,,,0
H4,2016,2016,2016,2,0,1,Import,144,Sri Lanka,LKA,818,Egypt,EGY,,,,,,,,27,"Mineral fuels, mineral oils and products of their distillation; bituminous substances; mineral waxes",1,No Quantity,,,,,,,9877,,,0
H4,2016,2016,2016,2,0,1,Import,144,Sri Lanka,LKA,826,United Kingdom,GBR,,,,,,,,27,"Mineral fuels, mineral oils and products of their distillation; bituminous substances; mineral waxes",1,No Quantity,,,,,,,361346,,,0
H4,2016,2016,2016,2,0,1,Import,144,Sri Lanka,LKA,842,USA,USA,,,,,,,,27,"Mineral fuels, mineral oils and products of their distillation; bituminous substances; mineral waxes",1,No Quantity,,,,,,,748646,,,0
H3,2012,2012,2012,2,0,1,Import,144,Sri Lanka,LKA,0,World,WLD,,,,,,,,27,"Mineral fuels, mineral oils and products of their distillation; bituminous substances; mineral waxes",1,No Quantity,,,,,,,3829995951,,,0
H3,2012,2012,2012,2,0,1,Import,144,Sri Lanka,LKA,20,Andorra,AND,,,,,,,,27,"Mineral fuels, mineral oils and products of their distillation; bituminous substances; mineral waxes",1,No Quantity,,,,,,,1724326,,,0
H3,2012,2012,2012,2,0,1,Import,144,Sri Lanka,LKA,36,Australia,AUS,,,,,,,,27,"Mineral fuels, mineral oils and products of their distillation; bituminous substances; mineral waxes",1,No Quantity,,,,,,,306399,,,0
H3,2012,2012,2012,2,0,1,Import,144,Sri Lanka,LKA,48,Bahrain,BHR,,,,,,,,27,"Mineral fuels, mineral oils and products of their distillation; bituminous substances; mineral waxes",1,No Quantity,,,,,,,265431,,,0
H3,2012,2012,2012,2,0,1,Import,144,Sri Lanka,LKA,56,Belgium,BEL,,,,,,,,27,"Mineral fuels, mineral oils and products of their distillation; bituminous substances; mineral waxes",1,No Quantity,,,,,,,271780,,,0
H3,2012,2012,2012,2,0,1,Import,144,Sri Lanka,LKA,76,Brazil,BRA,,,,,,,,27,"Mineral fuels, mineral oils and products of their distillation; bituminous substances; mineral waxes",1,No Quantity,,,,,,,64121,,,0
H3,2012,2012,2012,2,0,1,Import,144,Sri Lanka,LKA,124,Canada,CAN,,,,,,,,27,"Mineral fuels, mineral oils and products of their distillation; bituminous substances; mineral waxes",1,No Quantity,,,,,,,9059,,,0
H3,2012,2012,2012,2,0,1,Import,144,Sri Lanka,LKA,156,China,CHN,,,,,,,,27,"Mineral fuels, mineral oils and products of their distillation; bituminous substances; mineral waxes",1,No Quantity,,,,,,,2541033,,,0
H3,2012,2012,2012,2,0,1,Import,144,Sri Lanka,LKA,208,Denmark,DNK,,,,,,,,27,"Mineral fuels, mineral oils and products of their distillation; bituminous substances; mineral waxes",1,No Quantity,,,,,,,17074,,,0
H3,2012,2012,2012,2,0,1,Import,144,Sri Lanka,LKA,251,France,FRA,,,,,,,,27,"Mineral fuels, mineral oils and products of their distillation; bituminous substances; mineral waxes",1,No Quantity,,,,,,,13950703,,,0
H3,2012,2012,2012,2,0,1,Import,144,Sri Lanka,LKA,276,Germany,DEU,,,,,,,,27,"Mineral fuels, mineral oils and products of their distillation; bituminous substances; mineral waxes",1,No Quantity,,,,,,,283408,,,0
H3,2012,2012,2012,2,0,1,Import,144,Sri Lanka,LKA,300,Greece,GRC,,,,,,,,27,"Mineral fuels, mineral oils and products of their distillation; bituminous substances; mineral waxes",1,No Quantity,,,,,,,5709,,,0
H3,2012,2012,2012,2,0,1,Import,144,Sri Lanka,LKA,344,"China, Hong Kong SAR",HKG,,,,,,,,27,"Mineral fuels, mineral oils and products of their distillation; bituminous substances; mineral waxes",1,No Quantity,,,,,,,203422,,,0
H3,2012,2012,2012,2,0,1,Import,144,Sri Lanka,LKA,360,Indonesia,IDN,,,,,,,,27,"Mineral fuels, mineral oils and products of their distillation; bituminous substances; mineral waxes",1,No Quantity,,,,,,,119271178,,,0
H3,2012,2012,2012,2,0,1,Import,144,Sri Lanka,LKA,364,Iran,IRN,,,,,,,,27,"Mineral fuels, mineral oils and products of their distillation; bituminous substances; mineral waxes",1,No Quantity,,,,,,,622044343,,,0
H3,2012,2012,2012,2,0,1,Import,144,Sri Lanka,LKA,372,Ireland,IRL,,,,,,,,27,"Mineral fuels, mineral oils and products of their distillation; bituminous substances; mineral waxes",1,No Quantity,,,,,,,14959,,,0
H3,2012,2012,2012,2,0,1,Import,144,Sri Lanka,LKA,381,Italy,ITA,,,,,,,,27,"Mineral fuels, mineral oils and products of their distillation; bituminous substances; mineral waxes",1,No Quantity,,,,,,,53792,,,0
H3,2012,2012,2012,2,0,1,Import,144,Sri Lanka,LKA,392,Japan,JPN,,,,,,,,27,"Mineral fuels, mineral oils and products of their distillation; bituminous substances; mineral waxes",1,No Quantity,,,,,,,2794986,,,0
H3,2012,2012,2012,2,0,1,Import,144,Sri Lanka,LKA,410,Rep. of Korea,KOR,,,,,,,,27,"Mineral fuels, mineral oils and products of their distillation; bituminous substances; mineral waxes",1,No Quantity,,,,,,,10228376,,,0
H3,2012,2012,2012,2,0,1,Import,144,Sri Lanka,LKA,414,Kuwait,KWT,,,,,,,,27,"Mineral fuels, mineral oils and products of their distillation; bituminous substances; mineral waxes",1,No Quantity,,,,,,,614516,,,0
H3,2012,2012,2012,2,0,1,Import,144,Sri Lanka,LKA,458,Malaysia,MYS,,,,,,,,27,"Mineral fuels, mineral oils and products of their distillation; bituminous substances; mineral waxes",1,No Quantity,,,,,,,84594805,,,0
H3,2012,2012,2012,2,0,1,Import,144,Sri Lanka,LKA,462,Maldives,MDV,,,,,,,,27,"Mineral fuels, mineral oils and products of their distillation; bituminous substances; mineral waxes",1,No Quantity,,,,,,,2,,,0
H3,2012,2012,2012,2,0,1,Import,144,Sri Lanka,LKA,490,"Other Asia, nes",,,,,,,,,27,"Mineral fuels, mineral oils and products of their distillation; bituminous substances; mineral waxes",1,No Quantity,,,,,,,18341180,,,0
H3,2012,2012,2012,2,0,1,Import,144,Sri Lanka,LKA,512,Oman,OMN,,,,,,,,27,"Mineral fuels, mineral oils and products of their distillation; bituminous substances; mineral waxes",1,No Quantity,,,,,,,333630160,,,0
H3,2012,2012,2012,2,0,1,Import,144,Sri Lanka,LKA,528,Netherlands,NLD,,,,,,,,27,"Mineral fuels, mineral oils and products of their distillation; bituminous substances; mineral waxes",1,No Quantity,,,,,,,377391,,,0
H3,2012,2012,2012,2,0,1,Import,144,Sri Lanka,LKA,554,New Zealand,NZL,,,,,,,,27,"Mineral fuels, mineral oils and products of their distillation; bituminous substances; mineral waxes",1,No Quantity,,,,,,,299588,,,0
H3,2012,2012,2012,2,0,1,Import,144,Sri Lanka,LKA,634,Qatar,QAT,,,,,,,,27,"Mineral fuels, mineral oils and products of their distillation; bituminous substances; mineral waxes",1,No Quantity,,,,,,,35676313,,,0
H3,2012,2012,2012,2,0,1,Import,144,Sri Lanka,LKA,682,Saudi Arabia,SAU,,,,,,,,27,"Mineral fuels, mineral oils and products of their distillation; bituminous substances; mineral waxes",1,No Quantity,,,,,,,541118046,,,0
H3,2012,2012,2012,2,0,1,Import,144,Sri Lanka,LKA,699,India,IND,,,,,,,,27,"Mineral fuels, mineral oils and products of their distillation; bituminous substances; mineral waxes",1,No Quantity,,,,,,,516833633,,,0
H3,2012,2012,2012,2,0,1,Import,144,Sri Lanka,LKA,702,Singapore,SGP,,,,,,,,27,"Mineral fuels, mineral oils and products of their distillation; bituminous substances; mineral waxes",1,No Quantity,,,,,,,614694614,,,0
H3,2012,2012,2012,2,0,1,Import,144,Sri Lanka,LKA,752,Sweden,SWE,,,,,,,,27,"Mineral fuels, mineral oils and products of their distillation; bituminous substances; mineral waxes",1,No Quantity,,,,,,,128779,,,0
H3,2012,2012,2012,2,0,1,Import,144,Sri Lanka,LKA,764,Thailand,THA,,,,,,,,27,"Mineral fuels, mineral oils and products of their distillation; bituminous substances; mineral waxes",1,No Quantity,,,,,,,2218579,,,0
H3,2012,2012,2012,2,0,1,Import,144,Sri Lanka,LKA,784,United Arab Emirates,ARE,,,,,,,,27,"Mineral fuels, mineral oils and products of their distillation; bituminous substances; mineral waxes",1,No Quantity,,,,,,,906270976,,,0
H3,2012,2012,2012,2,0,1,Import,144,Sri Lanka,LKA,792,Turkey,TUR,,,,,,,,27,"Mineral fuels, mineral oils and products of their distillation; bituminous substances; mineral waxes",1,No Quantity,,,,,,,33052,,,0
H3,2012,2012,2012,2,0,1,Import,144,Sri Lanka,LKA,826,United Kingdom,GBR,,,,,,,,27,"Mineral fuels, mineral oils and products of their distillation; bituminous substances; mineral waxes",1,No Quantity,,,,,,,308351,,,0
H3,2012,2012,2012,2,0,1,Import,144,Sri Lanka,LKA,842,USA,USA,,,,,,,,27,"Mineral fuels, mineral oils and products of their distillation; bituminous substances; mineral waxes",1,No Quantity,,,,,,,706175,,,0
H3,2012,2012,2012,2,0,1,Import,144,Sri Lanka,LKA,899,"Areas, nes",,,,,,,,,27,"Mineral fuels, mineral oils and products of their distillation; bituminous substances; mineral waxes",1,No Quantity,,,,,,,99692,,,0
