Classification,Year,Period,Period Desc.,Aggregate Level,Is Leaf Code,Trade Flow Code,Trade Flow,Reporter Code,Reporter,Reporter ISO,Partner Code,Partner,Partner ISO,2nd Partner Code,2nd Partner,2nd Partner ISO,Customs Proc. Code,Customs,Mode of Transport Code,Mode of Transport,Commodity Code,Commodity,Qty Unit Code,Qty Unit,Qty,Alt Qty Unit Code,Alt Qty Unit,Alt Qty,Netweight (kg),Gross weight (kg),Trade Value (US$),CIF Trade Value (US$),FOB Trade Value (US$),Flag
H4,2017,2017,2017,2,0,1,Import,275,State of Palestine,PSE,0,World,WLD,,,,,,,,27,"Mineral fuels, mineral oils and products of their distillation; bituminous substances; mineral waxes",1,No Quantity,0,,,,0,,1135325937,,,4
H4,2017,2017,2017,2,0,1,Import,275,State of Palestine,PSE,40,Austria,AUT,,,,,,,,27,"Mineral fuels, mineral oils and products of their distillation; bituminous substances; mineral waxes",1,No Quantity,0,,,,0,,31766,,,4
H4,2017,2017,2017,2,0,1,Import,275,State of Palestine,PSE,56,Belgium,BEL,,,,,,,,27,"Mineral fuels, mineral oils and products of their distillation; bituminous substances; mineral waxes",1,No Quantity,0,,,,0,,2294198,,,4
H4,2017,2017,2017,2,0,1,Import,275,State of Palestine,PSE,124,Canada,CAN,,,,,,,,27,"Mineral fuels, mineral oils and products of their distillation; bituminous substances; mineral waxes",1,No Quantity,0,,,,0,,32373,,,4
H4,2017,2017,2017,2,0,1,Import,275,State of Palestine,PSE,156,China,CHN,,,,,,,,27,"Mineral fuels, mineral oils and products of their distillation; bituminous substances; mineral waxes",1,No Quantity,0,,,,0,,105669,,,4
H4,2017,2017,2017,2,0,1,Import,275,State of Palestine,PSE,246,Finland,FIN,,,,,,,,27,"Mineral fuels, mineral oils and products of their distillation; bituminous substances; mineral waxes",1,No Quantity,0,,,,0,,116996,,,4
H4,2017,2017,2017,2,0,1,Import,275,State of Palestine,PSE,251,France,FRA,,,,,,,,27,"Mineral fuels, mineral oils and products of their distillation; bituminous substances; mineral waxes",1,No Quantity,0,,,,0,,128920,,,4
H4,2017,2017,2017,2,0,1,Import,275,State of Palestine,PSE,276,Germany,DEU,,,,,,,,27,"Mineral fuels, mineral oils and products of their distillation; bituminous substances; mineral waxes",1,No Quantity,0,,,,0,,1567724,,,4
H4,2017,2017,2017,2,0,1,Import,275,State of Palestine,PSE,300,Greece,GRC,,,,,,,,27,"Mineral fuels, mineral oils and products of their distillation; bituminous substances; mineral waxes",1,No Quantity,0,,,,0,,125122,,,4
H4,2017,2017,2017,2,0,1,Import,275,State of Palestine,PSE,372,Ireland,IRL,,,,,,,,27,"Mineral fuels, mineral oils and products of their distillation; bituminous substances; mineral waxes",1,No Quantity,0,,,,0,,186,,,4
H4,2017,2017,2017,2,0,1,Import,275,State of Palestine,PSE,376,Israel,ISR,,,,,,,,27,"Mineral fuels, mineral oils and products of their distillation; bituminous substances; mineral waxes",1,No Quantity,0,,,,0,,1109012008,,,4
H4,2017,2017,2017,2,0,1,Import,275,State of Palestine,PSE,381,Italy,ITA,,,,,,,,27,"Mineral fuels, mineral oils and products of their distillation; bituminous substances; mineral waxes",1,No Quantity,0,,,,0,,105705,,,4
H4,2017,2017,2017,2,0,1,Import,275,State of Palestine,PSE,392,Japan,JPN,,,,,,,,27,"Mineral fuels, mineral oils and products of their distillation; bituminous substances; mineral waxes",1,No Quantity,0,,,,0,,866,,,4
H4,2017,2017,2017,2,0,1,Import,275,State of Palestine,PSE,400,Jordan,JOR,,,,,,,,27,"Mineral fuels, mineral oils and products of their distillation; bituminous substances; mineral waxes",1,No Quantity,0,,,,0,,6312514,,,4
H4,2017,2017,2017,2,0,1,Import,275,State of Palestine,PSE,410,Rep. of Korea,KOR,,,,,,,,27,"Mineral fuels, mineral oils and products of their distillation; bituminous substances; mineral waxes",1,No Quantity,0,,,,0,,84146,,,4
H4,2017,2017,2017,2,0,1,Import,275,State of Palestine,PSE,414,Kuwait,KWT,,,,,,,,27,"Mineral fuels, mineral oils and products of their distillation; bituminous substances; mineral waxes",1,No Quantity,0,,,,0,,175244,,,4
H4,2017,2017,2017,2,0,1,Import,275,State of Palestine,PSE,428,Latvia,LVA,,,,,,,,27,"Mineral fuels, mineral oils and products of their distillation; bituminous substances; mineral waxes",1,No Quantity,0,,,,0,,252110,,,4
H4,2017,2017,2017,2,0,1,Import,275,State of Palestine,PSE,440,Lithuania,LTU,,,,,,,,27,"Mineral fuels, mineral oils and products of their distillation; bituminous substances; mineral waxes",1,No Quantity,0,,,,0,,214418,,,4
H4,2017,2017,2017,2,0,1,Import,275,State of Palestine,PSE,490,"Other Asia, nes",,,,,,,,,27,"Mineral fuels, mineral oils and products of their distillation; bituminous substances; mineral waxes",1,No Quantity,0,,,,0,,44806,,,4
H4,2017,2017,2017,2,0,1,Import,275,State of Palestine,PSE,528,Netherlands,NLD,,,,,,,,27,"Mineral fuels, mineral oils and products of their distillation; bituminous substances; mineral waxes",1,No Quantity,0,,,,0,,328107,,,4
H4,2017,2017,2017,2,0,1,Import,275,State of Palestine,PSE,616,Poland,POL,,,,,,,,27,"Mineral fuels, mineral oils and products of their distillation; bituminous substances; mineral waxes",1,No Quantity,0,,,,0,,101667,,,4
H4,2017,2017,2017,2,0,1,Import,275,State of Palestine,PSE,643,Russian Federation,RUS,,,,,,,,27,"Mineral fuels, mineral oils and products of their distillation; bituminous substances; mineral waxes",1,No Quantity,0,,,,0,,292977,,,4
H4,2017,2017,2017,2,0,1,Import,275,State of Palestine,PSE,682,Saudi Arabia,SAU,,,,,,,,27,"Mineral fuels, mineral oils and products of their distillation; bituminous substances; mineral waxes",1,No Quantity,0,,,,0,,237663,,,4
H4,2017,2017,2017,2,0,1,Import,275,State of Palestine,PSE,699,India,IND,,,,,,,,27,"Mineral fuels, mineral oils and products of their distillation; bituminous substances; mineral waxes",1,No Quantity,0,,,,0,,54274,,,4
H4,2017,2017,2017,2,0,1,Import,275,State of Palestine,PSE,724,Spain,ESP,,,,,,,,27,"Mineral fuels, mineral oils and products of their distillation; bituminous substances; mineral waxes",1,No Quantity,0,,,,0,,1897,,,4
H4,2017,2017,2017,2,0,1,Import,275,State of Palestine,PSE,752,Sweden,SWE,,,,,,,,27,"Mineral fuels, mineral oils and products of their distillation; bituminous substances; mineral waxes",1,No Quantity,0,,,,0,,62585,,,4
H4,2017,2017,2017,2,0,1,Import,275,State of Palestine,PSE,784,United Arab Emirates,ARE,,,,,,,,27,"Mineral fuels, mineral oils and products of their distillation; bituminous substances; mineral waxes",1,No Quantity,0,,,,0,,1020599,,,4
H4,2017,2017,2017,2,0,1,Import,275,State of Palestine,PSE,792,Turkey,TUR,,,,,,,,27,"Mineral fuels, mineral oils and products of their distillation; bituminous substances; mineral waxes",1,No Quantity,0,,,,0,,4315448,,,4
H4,2017,2017,2017,2,0,1,Import,275,State of Palestine,PSE,804,Ukraine,UKR,,,,,,,,27,"Mineral fuels, mineral oils and products of their distillation; bituminous substances; mineral waxes",1,No Quantity,0,,,,0,,137474,,,4
H4,2017,2017,2017,2,0,1,Import,275,State of Palestine,PSE,818,Egypt,EGY,,,,,,,,27,"Mineral fuels, mineral oils and products of their distillation; bituminous substances; mineral waxes",1,No Quantity,0,,,,0,,6172375,,,4
H4,2017,2017,2017,2,0,1,Import,275,State of Palestine,PSE,826,United Kingdom,GBR,,,,,,,,27,"Mineral fuels, mineral oils and products of their distillation; bituminous substances; mineral waxes",1,No Quantity,0,,,,0,,161431,,,4
H4,2017,2017,2017,2,0,1,Import,275,State of Palestine,PSE,842,USA,USA,,,,,,,,27,"Mineral fuels, mineral oils and products of their distillation; bituminous substances; mineral waxes",1,No Quantity,0,,,,0,,1829044,,,4
H4,2017,2017,2017,2,0,1,Import,275,State of Palestine,PSE,858,Uruguay,URY,,,,,,,,27,"Mineral fuels, mineral oils and products of their distillation; bituminous substances; mineral waxes",1,No Quantity,0,,,,0,,5609,,,4
H4,2018,2018,2018,2,0,1,Import,275,State of Palestine,PSE,0,World,WLD,,,,,,,,27,"Mineral fuels, mineral oils and products of their distillation; bituminous substances; mineral waxes",1,No Quantity,0,,,,0,,1260127082,,,4
H4,2018,2018,2018,2,0,1,Import,275,State of Palestine,PSE,56,Belgium,BEL,,,,,,,,27,"Mineral fuels, mineral oils and products of their distillation; bituminous substances; mineral waxes",1,No Quantity,0,,,,0,,1471146,,,4
H4,2018,2018,2018,2,0,1,Import,275,State of Palestine,PSE,100,Bulgaria,BGR,,,,,,,,27,"Mineral fuels, mineral oils and products of their distillation; bituminous substances; mineral waxes",1,No Quantity,0,,,,0,,32116,,,4
H4,2018,2018,2018,2,0,1,Import,275,State of Palestine,PSE,124,Canada,CAN,,,,,,,,27,"Mineral fuels, mineral oils and products of their distillation; bituminous substances; mineral waxes",1,No Quantity,0,,,,0,,11090,,,4
H4,2018,2018,2018,2,0,1,Import,275,State of Palestine,PSE,156,China,CHN,,,,,,,,27,"Mineral fuels, mineral oils and products of their distillation; bituminous substances; mineral waxes",1,No Quantity,0,,,,0,,132155,,,4
H4,2018,2018,2018,2,0,1,Import,275,State of Palestine,PSE,203,Czechia,CZE,,,,,,,,27,"Mineral fuels, mineral oils and products of their distillation; bituminous substances; mineral waxes",1,No Quantity,0,,,,0,,12112,,,4
H4,2018,2018,2018,2,0,1,Import,275,State of Palestine,PSE,208,Denmark,DNK,,,,,,,,27,"Mineral fuels, mineral oils and products of their distillation; bituminous substances; mineral waxes",1,No Quantity,0,,,,0,,28607,,,4
H4,2018,2018,2018,2,0,1,Import,275,State of Palestine,PSE,233,Estonia,EST,,,,,,,,27,"Mineral fuels, mineral oils and products of their distillation; bituminous substances; mineral waxes",1,No Quantity,0,,,,0,,35072,,,4
H4,2018,2018,2018,2,0,1,Import,275,State of Palestine,PSE,246,Finland,FIN,,,,,,,,27,"Mineral fuels, mineral oils and products of their distillation; bituminous substances; mineral waxes",1,No Quantity,0,,,,0,,169171,,,4
H4,2018,2018,2018,2,0,1,Import,275,State of Palestine,PSE,251,France,FRA,,,,,,,,27,"Mineral fuels, mineral oils and products of their distillation; bituminous substances; mineral waxes",1,No Quantity,0,,,,0,,177212,,,4
H4,2018,2018,2018,2,0,1,Import,275,State of Palestine,PSE,276,Germany,DEU,,,,,,,,27,"Mineral fuels, mineral oils and products of their distillation; bituminous substances; mineral waxes",1,No Quantity,0,,,,0,,1391195,,,4
H4,2018,2018,2018,2,0,1,Import,275,State of Palestine,PSE,300,Greece,GRC,,,,,,,,27,"Mineral fuels, mineral oils and products of their distillation; bituminous substances; mineral waxes",1,No Quantity,0,,,,0,,78568,,,4
H4,2018,2018,2018,2,0,1,Import,275,State of Palestine,PSE,344,"China, Hong Kong SAR",HKG,,,,,,,,27,"Mineral fuels, mineral oils and products of their distillation; bituminous substances; mineral waxes",1,No Quantity,0,,,,0,,149,,,4
H4,2018,2018,2018,2,0,1,Import,275,State of Palestine,PSE,360,Indonesia,IDN,,,,,,,,27,"Mineral fuels, mineral oils and products of their distillation; bituminous substances; mineral waxes",1,No Quantity,0,,,,0,,23943,,,4
H4,2018,2018,2018,2,0,1,Import,275,State of Palestine,PSE,376,Israel,ISR,,,,,,,,27,"Mineral fuels, mineral oils and products of their distillation; bituminous substances; mineral waxes",1,No Quantity,0,,,,0,,1232919857,,,4
H4,2018,2018,2018,2,0,1,Import,275,State of Palestine,PSE,381,Italy,ITA,,,,,,,,27,"Mineral fuels, mineral oils and products of their distillation; bituminous substances; mineral waxes",1,No Quantity,0,,,,0,,343057,,,4
H4,2018,2018,2018,2,0,1,Import,275,State of Palestine,PSE,392,Japan,JPN,,,,,,,,27,"Mineral fuels, mineral oils and products of their distillation; bituminous substances; mineral waxes",1,No Quantity,0,,,,0,,2025,,,4
H4,2018,2018,2018,2,0,1,Import,275,State of Palestine,PSE,400,Jordan,JOR,,,,,,,,27,"Mineral fuels, mineral oils and products of their distillation; bituminous substances; mineral waxes",1,No Quantity,0,,,,0,,702969,,,4
H4,2018,2018,2018,2,0,1,Import,275,State of Palestine,PSE,410,Rep. of Korea,KOR,,,,,,,,27,"Mineral fuels, mineral oils and products of their distillation; bituminous substances; mineral waxes",1,No Quantity,0,,,,0,,104931,,,4
H4,2018,2018,2018,2,0,1,Import,275,State of Palestine,PSE,414,Kuwait,KWT,,,,,,,,27,"Mineral fuels, mineral oils and products of their distillation; bituminous substances; mineral waxes",1,No Quantity,0,,,,0,,300100,,,4
H4,2018,2018,2018,2,0,1,Import,275,State of Palestine,PSE,428,Latvia,LVA,,,,,,,,27,"Mineral fuels, mineral oils and products of their distillation; bituminous substances; mineral waxes",1,No Quantity,0,,,,0,,216252,,,4
H4,2018,2018,2018,2,0,1,Import,275,State of Palestine,PSE,440,Lithuania,LTU,,,,,,,,27,"Mineral fuels, mineral oils and products of their distillation; bituminous substances; mineral waxes",1,No Quantity,0,,,,0,,445037,,,4
H4,2018,2018,2018,2,0,1,Import,275,State of Palestine,PSE,458,Malaysia,MYS,,,,,,,,27,"Mineral fuels, mineral oils and products of their distillation; bituminous substances; mineral waxes",1,No Quantity,0,,,,0,,11696,,,4
H4,2018,2018,2018,2,0,1,Import,275,State of Palestine,PSE,490,"Other Asia, nes",,,,,,,,,27,"Mineral fuels, mineral oils and products of their distillation; bituminous substances; mineral waxes",1,No Quantity,0,,,,0,,40732,,,4
H4,2018,2018,2018,2,0,1,Import,275,State of Palestine,PSE,528,Netherlands,NLD,,,,,,,,27,"Mineral fuels, mineral oils and products of their distillation; bituminous substances; mineral waxes",1,No Quantity,0,,,,0,,293827,,,4
H4,2018,2018,2018,2,0,1,Import,275,State of Palestine,PSE,616,Poland,POL,,,,,,,,27,"Mineral fuels, mineral oils and products of their distillation; bituminous substances; mineral waxes",1,No Quantity,0,,,,0,,146134,,,4
H4,2018,2018,2018,2,0,1,Import,275,State of Palestine,PSE,643,Russian Federation,RUS,,,,,,,,27,"Mineral fuels, mineral oils and products of their distillation; bituminous substances; mineral waxes",1,No Quantity,0,,,,0,,526377,,,4
H4,2018,2018,2018,2,0,1,Import,275,State of Palestine,PSE,682,Saudi Arabia,SAU,,,,,,,,27,"Mineral fuels, mineral oils and products of their distillation; bituminous substances; mineral waxes",1,No Quantity,0,,,,0,,269269,,,4
H4,2018,2018,2018,2,0,1,Import,275,State of Palestine,PSE,699,India,IND,,,,,,,,27,"Mineral fuels, mineral oils and products of their distillation; bituminous substances; mineral waxes",1,No Quantity,0,,,,0,,69452,,,4
H4,2018,2018,2018,2,0,1,Import,275,State of Palestine,PSE,703,Slovakia,SVK,,,,,,,,27,"Mineral fuels, mineral oils and products of their distillation; bituminous substances; mineral waxes",1,No Quantity,0,,,,0,,19465,,,4
H4,2018,2018,2018,2,0,1,Import,275,State of Palestine,PSE,752,Sweden,SWE,,,,,,,,27,"Mineral fuels, mineral oils and products of their distillation; bituminous substances; mineral waxes",1,No Quantity,0,,,,0,,44046,,,4
H4,2018,2018,2018,2,0,1,Import,275,State of Palestine,PSE,757,Switzerland,CHE,,,,,,,,27,"Mineral fuels, mineral oils and products of their distillation; bituminous substances; mineral waxes",1,No Quantity,0,,,,0,,4654,,,4
H4,2018,2018,2018,2,0,1,Import,275,State of Palestine,PSE,764,Thailand,THA,,,,,,,,27,"Mineral fuels, mineral oils and products of their distillation; bituminous substances; mineral waxes",1,No Quantity,0,,,,0,,24538,,,4
H4,2018,2018,2018,2,0,1,Import,275,State of Palestine,PSE,784,United Arab Emirates,ARE,,,,,,,,27,"Mineral fuels, mineral oils and products of their distillation; bituminous substances; mineral waxes",1,No Quantity,0,,,,0,,554010,,,4
H4,2018,2018,2018,2,0,1,Import,275,State of Palestine,PSE,792,Turkey,TUR,,,,,,,,27,"Mineral fuels, mineral oils and products of their distillation; bituminous substances; mineral waxes",1,No Quantity,0,,,,0,,5154535,,,4
H4,2018,2018,2018,2,0,1,Import,275,State of Palestine,PSE,804,Ukraine,UKR,,,,,,,,27,"Mineral fuels, mineral oils and products of their distillation; bituminous substances; mineral waxes",1,No Quantity,0,,,,0,,83307,,,4
H4,2018,2018,2018,2,0,1,Import,275,State of Palestine,PSE,818,Egypt,EGY,,,,,,,,27,"Mineral fuels, mineral oils and products of their distillation; bituminous substances; mineral waxes",1,No Quantity,0,,,,0,,12851241,,,4
H4,2018,2018,2018,2,0,1,Import,275,State of Palestine,PSE,826,United Kingdom,GBR,,,,,,,,27,"Mineral fuels, mineral oils and products of their distillation; bituminous substances; mineral waxes",1,No Quantity,0,,,,0,,543494,,,4
H4,2018,2018,2018,2,0,1,Import,275,State of Palestine,PSE,842,USA,USA,,,,,,,,27,"Mineral fuels, mineral oils and products of their distillation; bituminous substances; mineral waxes",1,No Quantity,0,,,,0,,893524,,,4
H4,2019,2019,2019,2,0,1,Import,275,State of Palestine,PSE,0,World,WLD,,,,,,,,27,"Mineral fuels, mineral oils and products of their distillation; bituminous substances; mineral waxes",1,No Quantity,0,,,,0,,1245658505,,,4
H4,2019,2019,2019,2,0,1,Import,275,State of Palestine,PSE,40,Austria,AUT,,,,,,,,27,"Mineral fuels, mineral oils and products of their distillation; bituminous substances; mineral waxes",1,No Quantity,0,,,,0,,24086,,,4
H4,2019,2019,2019,2,0,1,Import,275,State of Palestine,PSE,56,Belgium,BEL,,,,,,,,27,"Mineral fuels, mineral oils and products of their distillation; bituminous substances; mineral waxes",1,No Quantity,0,,,,0,,1521945,,,4
H4,2019,2019,2019,2,0,1,Import,275,State of Palestine,PSE,156,China,CHN,,,,,,,,27,"Mineral fuels, mineral oils and products of their distillation; bituminous substances; mineral waxes",1,No Quantity,0,,,,0,,268286,,,4
H4,2019,2019,2019,2,0,1,Import,275,State of Palestine,PSE,196,Cyprus,CYP,,,,,,,,27,"Mineral fuels, mineral oils and products of their distillation; bituminous substances; mineral waxes",1,No Quantity,0,,,,0,,72519,,,4
H4,2019,2019,2019,2,0,1,Import,275,State of Palestine,PSE,203,Czechia,CZE,,,,,,,,27,"Mineral fuels, mineral oils and products of their distillation; bituminous substances; mineral waxes",1,No Quantity,0,,,,0,,11154,,,4
H4,2019,2019,2019,2,0,1,Import,275,State of Palestine,PSE,208,Denmark,DNK,,,,,,,,27,"Mineral fuels, mineral oils and products of their distillation; bituminous substances; mineral waxes",1,No Quantity,0,,,,0,,49268,,,4
H4,2019,2019,2019,2,0,1,Import,275,State of Palestine,PSE,233,Estonia,EST,,,,,,,,27,"Mineral fuels, mineral oils and products of their distillation; bituminous substances; mineral waxes",1,No Quantity,0,,,,0,,62367,,,4
H4,2019,2019,2019,2,0,1,Import,275,State of Palestine,PSE,246,Finland,FIN,,,,,,,,27,"Mineral fuels, mineral oils and products of their distillation; bituminous substances; mineral waxes",1,No Quantity,0,,,,0,,143378,,,4
H4,2019,2019,2019,2,0,1,Import,275,State of Palestine,PSE,251,France,FRA,,,,,,,,27,"Mineral fuels, mineral oils and products of their distillation; bituminous substances; mineral waxes",1,No Quantity,0,,,,0,,64445,,,4
H4,2019,2019,2019,2,0,1,Import,275,State of Palestine,PSE,276,Germany,DEU,,,,,,,,27,"Mineral fuels, mineral oils and products of their distillation; bituminous substances; mineral waxes",1,No Quantity,0,,,,0,,1202044,,,4
H4,2019,2019,2019,2,0,1,Import,275,State of Palestine,PSE,300,Greece,GRC,,,,,,,,27,"Mineral fuels, mineral oils and products of their distillation; bituminous substances; mineral waxes",1,No Quantity,0,,,,0,,130934,,,4
H4,2019,2019,2019,2,0,1,Import,275,State of Palestine,PSE,360,Indonesia,IDN,,,,,,,,27,"Mineral fuels, mineral oils and products of their distillation; bituminous substances; mineral waxes",1,No Quantity,0,,,,0,,27880,,,4
H4,2019,2019,2019,2,0,1,Import,275,State of Palestine,PSE,376,Israel,ISR,,,,,,,,27,"Mineral fuels, mineral oils and products of their distillation; bituminous substances; mineral waxes",1,No Quantity,0,,,,0,,1220398275,,,4
H4,2019,2019,2019,2,0,1,Import,275,State of Palestine,PSE,381,Italy,ITA,,,,,,,,27,"Mineral fuels, mineral oils and products of their distillation; bituminous substances; mineral waxes",1,No Quantity,0,,,,0,,265624,,,4
H4,2019,2019,2019,2,0,1,Import,275,State of Palestine,PSE,392,Japan,JPN,,,,,,,,27,"Mineral fuels, mineral oils and products of their distillation; bituminous substances; mineral waxes",1,No Quantity,0,,,,0,,1074,,,4
H4,2019,2019,2019,2,0,1,Import,275,State of Palestine,PSE,400,Jordan,JOR,,,,,,,,27,"Mineral fuels, mineral oils and products of their distillation; bituminous substances; mineral waxes",1,No Quantity,0,,,,0,,9138782,,,4
H4,2019,2019,2019,2,0,1,Import,275,State of Palestine,PSE,410,Rep. of Korea,KOR,,,,,,,,27,"Mineral fuels, mineral oils and products of their distillation; bituminous substances; mineral waxes",1,No Quantity,0,,,,0,,160427,,,4
H4,2019,2019,2019,2,0,1,Import,275,State of Palestine,PSE,414,Kuwait,KWT,,,,,,,,27,"Mineral fuels, mineral oils and products of their distillation; bituminous substances; mineral waxes",1,No Quantity,0,,,,0,,523573,,,4
H4,2019,2019,2019,2,0,1,Import,275,State of Palestine,PSE,428,Latvia,LVA,,,,,,,,27,"Mineral fuels, mineral oils and products of their distillation; bituminous substances; mineral waxes",1,No Quantity,0,,,,0,,64800,,,4
H4,2019,2019,2019,2,0,1,Import,275,State of Palestine,PSE,440,Lithuania,LTU,,,,,,,,27,"Mineral fuels, mineral oils and products of their distillation; bituminous substances; mineral waxes",1,No Quantity,0,,,,0,,283254,,,4
H4,2019,2019,2019,2,0,1,Import,275,State of Palestine,PSE,490,"Other Asia, nes",,,,,,,,,27,"Mineral fuels, mineral oils and products of their distillation; bituminous substances; mineral waxes",1,No Quantity,0,,,,0,,7,,,4
H4,2019,2019,2019,2,0,1,Import,275,State of Palestine,PSE,528,Netherlands,NLD,,,,,,,,27,"Mineral fuels, mineral oils and products of their distillation; bituminous substances; mineral waxes",1,No Quantity,0,,,,0,,245185,,,4
H4,2019,2019,2019,2,0,1,Import,275,State of Palestine,PSE,586,Pakistan,PAK,,,,,,,,27,"Mineral fuels, mineral oils and products of their distillation; bituminous substances; mineral waxes",1,No Quantity,0,,,,0,,177,,,4
H4,2019,2019,2019,2,0,1,Import,275,State of Palestine,PSE,616,Poland,POL,,,,,,,,27,"Mineral fuels, mineral oils and products of their distillation; bituminous substances; mineral waxes",1,No Quantity,0,,,,0,,164771,,,4
H4,2019,2019,2019,2,0,1,Import,275,State of Palestine,PSE,643,Russian Federation,RUS,,,,,,,,27,"Mineral fuels, mineral oils and products of their distillation; bituminous substances; mineral waxes",1,No Quantity,0,,,,0,,935503,,,4
H4,2019,2019,2019,2,0,1,Import,275,State of Palestine,PSE,682,Saudi Arabia,SAU,,,,,,,,27,"Mineral fuels, mineral oils and products of their distillation; bituminous substances; mineral waxes",1,No Quantity,0,,,,0,,225666,,,4
H4,2019,2019,2019,2,0,1,Import,275,State of Palestine,PSE,699,India,IND,,,,,,,,27,"Mineral fuels, mineral oils and products of their distillation; bituminous substances; mineral waxes",1,No Quantity,0,,,,0,,69313,,,4
H4,2019,2019,2019,2,0,1,Import,275,State of Palestine,PSE,710,South Africa,ZAF,,,,,,,,27,"Mineral fuels, mineral oils and products of their distillation; bituminous substances; mineral waxes",1,No Quantity,0,,,,0,,348,,,4
H4,2019,2019,2019,2,0,1,Import,275,State of Palestine,PSE,724,Spain,ESP,,,,,,,,27,"Mineral fuels, mineral oils and products of their distillation; bituminous substances; mineral waxes",1,No Quantity,0,,,,0,,16010,,,4
H4,2019,2019,2019,2,0,1,Import,275,State of Palestine,PSE,752,Sweden,SWE,,,,,,,,27,"Mineral fuels, mineral oils and products of their distillation; bituminous substances; mineral waxes",1,No Quantity,0,,,,0,,32924,,,4
H4,2019,2019,2019,2,0,1,Import,275,State of Palestine,PSE,764,Thailand,THA,,,,,,,,27,"Mineral fuels, mineral oils and products of their distillation; bituminous substances; mineral waxes",1,No Quantity,0,,,,0,,0,,,4
H4,2019,2019,2019,2,0,1,Import,275,State of Palestine,PSE,784,United Arab Emirates,ARE,,,,,,,,27,"Mineral fuels, mineral oils and products of their distillation; bituminous substances; mineral waxes",1,No Quantity,0,,,,0,,1278941,,,4
H4,2019,2019,2019,2,0,1,Import,275,State of Palestine,PSE,792,Turkey,TUR,,,,,,,,27,"Mineral fuels, mineral oils and products of their distillation; bituminous substances; mineral waxes",1,No Quantity,0,,,,0,,5395956,,,4
H4,2019,2019,2019,2,0,1,Import,275,State of Palestine,PSE,804,Ukraine,UKR,,,,,,,,27,"Mineral fuels, mineral oils and products of their distillation; bituminous substances; mineral waxes",1,No Quantity,0,,,,0,,138356,,,4
H4,2019,2019,2019,2,0,1,Import,275,State of Palestine,PSE,818,Egypt,EGY,,,,,,,,27,"Mineral fuels, mineral oils and products of their distillation; bituminous substances; mineral waxes",1,No Quantity,0,,,,0,,1265858,,,4
H4,2019,2019,2019,2,0,1,Import,275,State of Palestine,PSE,826,United Kingdom,GBR,,,,,,,,27,"Mineral fuels, mineral oils and products of their distillation; bituminous substances; mineral waxes",1,No Quantity,0,,,,0,,803437,,,4
H4,2019,2019,2019,2,0,1,Import,275,State of Palestine,PSE,842,USA,USA,,,,,,,,27,"Mineral fuels, mineral oils and products of their distillation; bituminous substances; mineral waxes",1,No Quantity,0,,,,0,,671922,,,4
H4,2020,2020,2020,2,0,1,Import,275,State of Palestine,PSE,0,World,WLD,,,,,,,,27,"Mineral fuels, mineral oils and products of their distillation; bituminous substances; mineral waxes",1,No Quantity,0,,,,0,,1020813126,,,4
H4,2020,2020,2020,2,0,1,Import,275,State of Palestine,PSE,40,Austria,AUT,,,,,,,,27,"Mineral fuels, mineral oils and products of their distillation; bituminous substances; mineral waxes",1,No Quantity,0,,,,0,,52215,,,4
H4,2020,2020,2020,2,0,1,Import,275,State of Palestine,PSE,56,Belgium,BEL,,,,,,,,27,"Mineral fuels, mineral oils and products of their distillation; bituminous substances; mineral waxes",1,No Quantity,0,,,,0,,1262252,,,4
H4,2020,2020,2020,2,0,1,Import,275,State of Palestine,PSE,100,Bulgaria,BGR,,,,,,,,27,"Mineral fuels, mineral oils and products of their distillation; bituminous substances; mineral waxes",1,No Quantity,0,,,,0,,106,,,4
H4,2020,2020,2020,2,0,1,Import,275,State of Palestine,PSE,156,China,CHN,,,,,,,,27,"Mineral fuels, mineral oils and products of their distillation; bituminous substances; mineral waxes",1,No Quantity,0,,,,0,,51248,,,4
H4,2020,2020,2020,2,0,1,Import,275,State of Palestine,PSE,196,Cyprus,CYP,,,,,,,,27,"Mineral fuels, mineral oils and products of their distillation; bituminous substances; mineral waxes",1,No Quantity,0,,,,0,,57382,,,4
H4,2020,2020,2020,2,0,1,Import,275,State of Palestine,PSE,208,Denmark,DNK,,,,,,,,27,"Mineral fuels, mineral oils and products of their distillation; bituminous substances; mineral waxes",1,No Quantity,0,,,,0,,9142,,,4
H4,2020,2020,2020,2,0,1,Import,275,State of Palestine,PSE,233,Estonia,EST,,,,,,,,27,"Mineral fuels, mineral oils and products of their distillation; bituminous substances; mineral waxes",1,No Quantity,0,,,,0,,585374,,,4
H4,2020,2020,2020,2,0,1,Import,275,State of Palestine,PSE,246,Finland,FIN,,,,,,,,27,"Mineral fuels, mineral oils and products of their distillation; bituminous substances; mineral waxes",1,No Quantity,0,,,,0,,68754,,,4
H4,2020,2020,2020,2,0,1,Import,275,State of Palestine,PSE,251,France,FRA,,,,,,,,27,"Mineral fuels, mineral oils and products of their distillation; bituminous substances; mineral waxes",1,No Quantity,0,,,,0,,192401,,,4
H4,2020,2020,2020,2,0,1,Import,275,State of Palestine,PSE,276,Germany,DEU,,,,,,,,27,"Mineral fuels, mineral oils and products of their distillation; bituminous substances; mineral waxes",1,No Quantity,0,,,,0,,1263926,,,4
H4,2020,2020,2020,2,0,1,Import,275,State of Palestine,PSE,300,Greece,GRC,,,,,,,,27,"Mineral fuels, mineral oils and products of their distillation; bituminous substances; mineral waxes",1,No Quantity,0,,,,0,,124891,,,4
H4,2020,2020,2020,2,0,1,Import,275,State of Palestine,PSE,376,Israel,ISR,,,,,,,,27,"Mineral fuels, mineral oils and products of their distillation; bituminous substances; mineral waxes",1,No Quantity,0,,,,0,,991765305,,,4
H4,2020,2020,2020,2,0,1,Import,275,State of Palestine,PSE,381,Italy,ITA,,,,,,,,27,"Mineral fuels, mineral oils and products of their distillation; bituminous substances; mineral waxes",1,No Quantity,0,,,,0,,256817,,,4
H4,2020,2020,2020,2,0,1,Import,275,State of Palestine,PSE,392,Japan,JPN,,,,,,,,27,"Mineral fuels, mineral oils and products of their distillation; bituminous substances; mineral waxes",1,No Quantity,0,,,,0,,10068,,,4
H4,2020,2020,2020,2,0,1,Import,275,State of Palestine,PSE,400,Jordan,JOR,,,,,,,,27,"Mineral fuels, mineral oils and products of their distillation; bituminous substances; mineral waxes",1,No Quantity,0,,,,0,,17110542,,,4
H4,2020,2020,2020,2,0,1,Import,275,State of Palestine,PSE,410,Rep. of Korea,KOR,,,,,,,,27,"Mineral fuels, mineral oils and products of their distillation; bituminous substances; mineral waxes",1,No Quantity,0,,,,0,,158030,,,4
H4,2020,2020,2020,2,0,1,Import,275,State of Palestine,PSE,428,Latvia,LVA,,,,,,,,27,"Mineral fuels, mineral oils and products of their distillation; bituminous substances; mineral waxes",1,No Quantity,0,,,,0,,62940,,,4
H4,2020,2020,2020,2,0,1,Import,275,State of Palestine,PSE,440,Lithuania,LTU,,,,,,,,27,"Mineral fuels, mineral oils and products of their distillation; bituminous substances; mineral waxes",1,No Quantity,0,,,,0,,921518,,,4
H4,2020,2020,2020,2,0,1,Import,275,State of Palestine,PSE,528,Netherlands,NLD,,,,,,,,27,"Mineral fuels, mineral oils and products of their distillation; bituminous substances; mineral waxes",1,No Quantity,0,,,,0,,319610,,,4
H4,2020,2020,2020,2,0,1,Import,275,State of Palestine,PSE,616,Poland,POL,,,,,,,,27,"Mineral fuels, mineral oils and products of their distillation; bituminous substances; mineral waxes",1,No Quantity,0,,,,0,,210599,,,4
H4,2020,2020,2020,2,0,1,Import,275,State of Palestine,PSE,620,Portugal,PRT,,,,,,,,27,"Mineral fuels, mineral oils and products of their distillation; bituminous substances; mineral waxes",1,No Quantity,0,,,,0,,46779,,,4
H4,2020,2020,2020,2,0,1,Import,275,State of Palestine,PSE,643,Russian Federation,RUS,,,,,,,,27,"Mineral fuels, mineral oils and products of their distillation; bituminous substances; mineral waxes",1,No Quantity,0,,,,0,,256851,,,4
H4,2020,2020,2020,2,0,1,Import,275,State of Palestine,PSE,682,Saudi Arabia,SAU,,,,,,,,27,"Mineral fuels, mineral oils and products of their distillation; bituminous substances; mineral waxes",1,No Quantity,0,,,,0,,239762,,,4
H4,2020,2020,2020,2,0,1,Import,275,State of Palestine,PSE,699,India,IND,,,,,,,,27,"Mineral fuels, mineral oils and products of their distillation; bituminous substances; mineral waxes",1,No Quantity,0,,,,0,,98961,,,4
H4,2020,2020,2020,2,0,1,Import,275,State of Palestine,PSE,704,Viet Nam,VNM,,,,,,,,27,"Mineral fuels, mineral oils and products of their distillation; bituminous substances; mineral waxes",1,No Quantity,0,,,,0,,6123,,,4
H4,2020,2020,2020,2,0,1,Import,275,State of Palestine,PSE,724,Spain,ESP,,,,,,,,27,"Mineral fuels, mineral oils and products of their distillation; bituminous substances; mineral waxes",1,No Quantity,0,,,,0,,32215,,,4
H4,2020,2020,2020,2,0,1,Import,275,State of Palestine,PSE,752,Sweden,SWE,,,,,,,,27,"Mineral fuels, mineral oils and products of their distillation; bituminous substances; mineral waxes",1,No Quantity,0,,,,0,,39189,,,4
H4,2020,2020,2020,2,0,1,Import,275,State of Palestine,PSE,757,Switzerland,CHE,,,,,,,,27,"Mineral fuels, mineral oils and products of their distillation; bituminous substances; mineral waxes",1,No Quantity,0,,,,0,,77,,,4
H4,2020,2020,2020,2,0,1,Import,275,State of Palestine,PSE,764,Thailand,THA,,,,,,,,27,"Mineral fuels, mineral oils and products of their distillation; bituminous substances; mineral waxes",1,No Quantity,0,,,,0,,25418,,,4
H4,2020,2020,2020,2,0,1,Import,275,State of Palestine,PSE,784,United Arab Emirates,ARE,,,,,,,,27,"Mineral fuels, mineral oils and products of their distillation; bituminous substances; mineral waxes",1,No Quantity,0,,,,0,,684103,,,4
H4,2020,2020,2020,2,0,1,Import,275,State of Palestine,PSE,792,Turkey,TUR,,,,,,,,27,"Mineral fuels, mineral oils and products of their distillation; bituminous substances; mineral waxes",1,No Quantity,0,,,,0,,3991307,,,4
H4,2020,2020,2020,2,0,1,Import,275,State of Palestine,PSE,804,Ukraine,UKR,,,,,,,,27,"Mineral fuels, mineral oils and products of their distillation; bituminous substances; mineral waxes",1,No Quantity,0,,,,0,,179853,,,4
H4,2020,2020,2020,2,0,1,Import,275,State of Palestine,PSE,826,United Kingdom,GBR,,,,,,,,27,"Mineral fuels, mineral oils and products of their distillation; bituminous substances; mineral waxes",1,No Quantity,0,,,,0,,284890,,,4
H4,2020,2020,2020,2,0,1,Import,275,State of Palestine,PSE,842,USA,USA,,,,,,,,27,"Mineral fuels, mineral oils and products of their distillation; bituminous substances; mineral waxes",1,No Quantity,0,,,,0,,444462,,,4
H4,2015,2015,2015,2,0,1,Import,275,State of Palestine,PSE,0,World,WLD,,,,,,,,27,"Mineral fuels, mineral oils and products of their distillation; bituminous substances; mineral waxes",1,No Quantity,,,,,,,1133520152,,,0
H4,2015,2015,2015,2,0,1,Import,275,State of Palestine,PSE,56,Belgium,BEL,,,,,,,,27,"Mineral fuels, mineral oils and products of their distillation; bituminous substances; mineral waxes",1,No Quantity,,,,,,,606763,,,0
H4,2015,2015,2015,2,0,1,Import,275,State of Palestine,PSE,124,Canada,CAN,,,,,,,,27,"Mineral fuels, mineral oils and products of their distillation; bituminous substances; mineral waxes",1,No Quantity,,,,,,,399,,,0
H4,2015,2015,2015,2,0,1,Import,275,State of Palestine,PSE,156,China,CHN,,,,,,,,27,"Mineral fuels, mineral oils and products of their distillation; bituminous substances; mineral waxes",1,No Quantity,,,,,,,18471,,,0
H4,2015,2015,2015,2,0,1,Import,275,State of Palestine,PSE,196,Cyprus,CYP,,,,,,,,27,"Mineral fuels, mineral oils and products of their distillation; bituminous substances; mineral waxes",1,No Quantity,,,,,,,58450,,,0
H4,2015,2015,2015,2,0,1,Import,275,State of Palestine,PSE,233,Estonia,EST,,,,,,,,27,"Mineral fuels, mineral oils and products of their distillation; bituminous substances; mineral waxes",1,No Quantity,,,,,,,208318,,,0
H4,2015,2015,2015,2,0,1,Import,275,State of Palestine,PSE,251,France,FRA,,,,,,,,27,"Mineral fuels, mineral oils and products of their distillation; bituminous substances; mineral waxes",1,No Quantity,,,,,,,106170,,,0
H4,2015,2015,2015,2,0,1,Import,275,State of Palestine,PSE,276,Germany,DEU,,,,,,,,27,"Mineral fuels, mineral oils and products of their distillation; bituminous substances; mineral waxes",1,No Quantity,,,,,,,1132142,,,0
H4,2015,2015,2015,2,0,1,Import,275,State of Palestine,PSE,300,Greece,GRC,,,,,,,,27,"Mineral fuels, mineral oils and products of their distillation; bituminous substances; mineral waxes",1,No Quantity,,,,,,,81263,,,0
H4,2015,2015,2015,2,0,1,Import,275,State of Palestine,PSE,376,Israel,ISR,,,,,,,,27,"Mineral fuels, mineral oils and products of their distillation; bituminous substances; mineral waxes",1,No Quantity,,,,,,,1088211463,,,0
H4,2015,2015,2015,2,0,1,Import,275,State of Palestine,PSE,381,Italy,ITA,,,,,,,,27,"Mineral fuels, mineral oils and products of their distillation; bituminous substances; mineral waxes",1,No Quantity,,,,,,,313017,,,0
H4,2015,2015,2015,2,0,1,Import,275,State of Palestine,PSE,392,Japan,JPN,,,,,,,,27,"Mineral fuels, mineral oils and products of their distillation; bituminous substances; mineral waxes",1,No Quantity,,,,,,,2344,,,0
H4,2015,2015,2015,2,0,1,Import,275,State of Palestine,PSE,400,Jordan,JOR,,,,,,,,27,"Mineral fuels, mineral oils and products of their distillation; bituminous substances; mineral waxes",1,No Quantity,,,,,,,6930281,,,0
H4,2015,2015,2015,2,0,1,Import,275,State of Palestine,PSE,410,Rep. of Korea,KOR,,,,,,,,27,"Mineral fuels, mineral oils and products of their distillation; bituminous substances; mineral waxes",1,No Quantity,,,,,,,225839,,,0
H4,2015,2015,2015,2,0,1,Import,275,State of Palestine,PSE,428,Latvia,LVA,,,,,,,,27,"Mineral fuels, mineral oils and products of their distillation; bituminous substances; mineral waxes",1,No Quantity,,,,,,,18794,,,0
H4,2015,2015,2015,2,0,1,Import,275,State of Palestine,PSE,440,Lithuania,LTU,,,,,,,,27,"Mineral fuels, mineral oils and products of their distillation; bituminous substances; mineral waxes",1,No Quantity,,,,,,,85496,,,0
H4,2015,2015,2015,2,0,1,Import,275,State of Palestine,PSE,528,Netherlands,NLD,,,,,,,,27,"Mineral fuels, mineral oils and products of their distillation; bituminous substances; mineral waxes",1,No Quantity,,,,,,,246925,,,0
H4,2015,2015,2015,2,0,1,Import,275,State of Palestine,PSE,579,Norway,NOR,,,,,,,,27,"Mineral fuels, mineral oils and products of their distillation; bituminous substances; mineral waxes",1,No Quantity,,,,,,,6880,,,0
H4,2015,2015,2015,2,0,1,Import,275,State of Palestine,PSE,616,Poland,POL,,,,,,,,27,"Mineral fuels, mineral oils and products of their distillation; bituminous substances; mineral waxes",1,No Quantity,,,,,,,139110,,,0
H4,2015,2015,2015,2,0,1,Import,275,State of Palestine,PSE,634,Qatar,QAT,,,,,,,,27,"Mineral fuels, mineral oils and products of their distillation; bituminous substances; mineral waxes",1,No Quantity,,,,,,,4603138,,,0
H4,2015,2015,2015,2,0,1,Import,275,State of Palestine,PSE,643,Russian Federation,RUS,,,,,,,,27,"Mineral fuels, mineral oils and products of their distillation; bituminous substances; mineral waxes",1,No Quantity,,,,,,,335192,,,0
H4,2015,2015,2015,2,0,1,Import,275,State of Palestine,PSE,682,Saudi Arabia,SAU,,,,,,,,27,"Mineral fuels, mineral oils and products of their distillation; bituminous substances; mineral waxes",1,No Quantity,,,,,,,488933,,,0
H4,2015,2015,2015,2,0,1,Import,275,State of Palestine,PSE,699,India,IND,,,,,,,,27,"Mineral fuels, mineral oils and products of their distillation; bituminous substances; mineral waxes",1,No Quantity,,,,,,,29393,,,0
H4,2015,2015,2015,2,0,1,Import,275,State of Palestine,PSE,724,Spain,ESP,,,,,,,,27,"Mineral fuels, mineral oils and products of their distillation; bituminous substances; mineral waxes",1,No Quantity,,,,,,,16975,,,0
H4,2015,2015,2015,2,0,1,Import,275,State of Palestine,PSE,752,Sweden,SWE,,,,,,,,27,"Mineral fuels, mineral oils and products of their distillation; bituminous substances; mineral waxes",1,No Quantity,,,,,,,28968,,,0
H4,2015,2015,2015,2,0,1,Import,275,State of Palestine,PSE,784,United Arab Emirates,ARE,,,,,,,,27,"Mineral fuels, mineral oils and products of their distillation; bituminous substances; mineral waxes",1,No Quantity,,,,,,,2071908,,,0
H4,2015,2015,2015,2,0,1,Import,275,State of Palestine,PSE,792,Turkey,TUR,,,,,,,,27,"Mineral fuels, mineral oils and products of their distillation; bituminous substances; mineral waxes",1,No Quantity,,,,,,,5549806,,,0
H4,2015,2015,2015,2,0,1,Import,275,State of Palestine,PSE,804,Ukraine,UKR,,,,,,,,27,"Mineral fuels, mineral oils and products of their distillation; bituminous substances; mineral waxes",1,No Quantity,,,,,,,90401,,,0
H4,2015,2015,2015,2,0,1,Import,275,State of Palestine,PSE,818,Egypt,EGY,,,,,,,,27,"Mineral fuels, mineral oils and products of their distillation; bituminous substances; mineral waxes",1,No Quantity,,,,,,,20903961,,,0
H4,2015,2015,2015,2,0,1,Import,275,State of Palestine,PSE,842,USA,USA,,,,,,,,27,"Mineral fuels, mineral oils and products of their distillation; bituminous substances; mineral waxes",1,No Quantity,,,,,,,1009352,,,0
H4,2016,2016,2016,2,0,1,Import,275,State of Palestine,PSE,0,World,WLD,,,,,,,,27,"Mineral fuels, mineral oils and products of their distillation; bituminous substances; mineral waxes",1,No Quantity,,,,,,,1074711812,,,0
H4,2016,2016,2016,2,0,1,Import,275,State of Palestine,PSE,56,Belgium,BEL,,,,,,,,27,"Mineral fuels, mineral oils and products of their distillation; bituminous substances; mineral waxes",1,No Quantity,,,,,,,1558025,,,0
H4,2016,2016,2016,2,0,1,Import,275,State of Palestine,PSE,76,Brazil,BRA,,,,,,,,27,"Mineral fuels, mineral oils and products of their distillation; bituminous substances; mineral waxes",1,No Quantity,,,,,,,42,,,0
H4,2016,2016,2016,2,0,1,Import,275,State of Palestine,PSE,100,Bulgaria,BGR,,,,,,,,27,"Mineral fuels, mineral oils and products of their distillation; bituminous substances; mineral waxes",1,No Quantity,,,,,,,17853,,,0
H4,2016,2016,2016,2,0,1,Import,275,State of Palestine,PSE,156,China,CHN,,,,,,,,27,"Mineral fuels, mineral oils and products of their distillation; bituminous substances; mineral waxes",1,No Quantity,,,,,,,190775,,,0
H4,2016,2016,2016,2,0,1,Import,275,State of Palestine,PSE,203,Czechia,CZE,,,,,,,,27,"Mineral fuels, mineral oils and products of their distillation; bituminous substances; mineral waxes",1,No Quantity,,,,,,,8678,,,0
H4,2016,2016,2016,2,0,1,Import,275,State of Palestine,PSE,208,Denmark,DNK,,,,,,,,27,"Mineral fuels, mineral oils and products of their distillation; bituminous substances; mineral waxes",1,No Quantity,,,,,,,8699,,,0
H4,2016,2016,2016,2,0,1,Import,275,State of Palestine,PSE,233,Estonia,EST,,,,,,,,27,"Mineral fuels, mineral oils and products of their distillation; bituminous substances; mineral waxes",1,No Quantity,,,,,,,86656,,,0
H4,2016,2016,2016,2,0,1,Import,275,State of Palestine,PSE,246,Finland,FIN,,,,,,,,27,"Mineral fuels, mineral oils and products of their distillation; bituminous substances; mineral waxes",1,No Quantity,,,,,,,49128,,,0
H4,2016,2016,2016,2,0,1,Import,275,State of Palestine,PSE,251,France,FRA,,,,,,,,27,"Mineral fuels, mineral oils and products of their distillation; bituminous substances; mineral waxes",1,No Quantity,,,,,,,173804,,,0
H4,2016,2016,2016,2,0,1,Import,275,State of Palestine,PSE,276,Germany,DEU,,,,,,,,27,"Mineral fuels, mineral oils and products of their distillation; bituminous substances; mineral waxes",1,No Quantity,,,,,,,1511884,,,0
H4,2016,2016,2016,2,0,1,Import,275,State of Palestine,PSE,300,Greece,GRC,,,,,,,,27,"Mineral fuels, mineral oils and products of their distillation; bituminous substances; mineral waxes",1,No Quantity,,,,,,,33537,,,0
H4,2016,2016,2016,2,0,1,Import,275,State of Palestine,PSE,360,Indonesia,IDN,,,,,,,,27,"Mineral fuels, mineral oils and products of their distillation; bituminous substances; mineral waxes",1,No Quantity,,,,,,,99,,,0
H4,2016,2016,2016,2,0,1,Import,275,State of Palestine,PSE,376,Israel,ISR,,,,,,,,27,"Mineral fuels, mineral oils and products of their distillation; bituminous substances; mineral waxes",1,No Quantity,,,,,,,1042637675,,,0
H4,2016,2016,2016,2,0,1,Import,275,State of Palestine,PSE,381,Italy,ITA,,,,,,,,27,"Mineral fuels, mineral oils and products of their distillation; bituminous substances; mineral waxes",1,No Quantity,,,,,,,153683,,,0
H4,2016,2016,2016,2,0,1,Import,275,State of Palestine,PSE,392,Japan,JPN,,,,,,,,27,"Mineral fuels, mineral oils and products of their distillation; bituminous substances; mineral waxes",1,No Quantity,,,,,,,2968,,,0
H4,2016,2016,2016,2,0,1,Import,275,State of Palestine,PSE,400,Jordan,JOR,,,,,,,,27,"Mineral fuels, mineral oils and products of their distillation; bituminous substances; mineral waxes",1,No Quantity,,,,,,,5225135,,,0
H4,2016,2016,2016,2,0,1,Import,275,State of Palestine,PSE,410,Rep. of Korea,KOR,,,,,,,,27,"Mineral fuels, mineral oils and products of their distillation; bituminous substances; mineral waxes",1,No Quantity,,,,,,,371560,,,0
H4,2016,2016,2016,2,0,1,Import,275,State of Palestine,PSE,414,Kuwait,KWT,,,,,,,,27,"Mineral fuels, mineral oils and products of their distillation; bituminous substances; mineral waxes",1,No Quantity,,,,,,,44834,,,0
H4,2016,2016,2016,2,0,1,Import,275,State of Palestine,PSE,428,Latvia,LVA,,,,,,,,27,"Mineral fuels, mineral oils and products of their distillation; bituminous substances; mineral waxes",1,No Quantity,,,,,,,71378,,,0
H4,2016,2016,2016,2,0,1,Import,275,State of Palestine,PSE,440,Lithuania,LTU,,,,,,,,27,"Mineral fuels, mineral oils and products of their distillation; bituminous substances; mineral waxes",1,No Quantity,,,,,,,108808,,,0
H4,2016,2016,2016,2,0,1,Import,275,State of Palestine,PSE,490,"Other Asia, nes",,,,,,,,,27,"Mineral fuels, mineral oils and products of their distillation; bituminous substances; mineral waxes",1,No Quantity,,,,,,,26262,,,0
H4,2016,2016,2016,2,0,1,Import,275,State of Palestine,PSE,528,Netherlands,NLD,,,,,,,,27,"Mineral fuels, mineral oils and products of their distillation; bituminous substances; mineral waxes",1,No Quantity,,,,,,,149368,,,0
H4,2016,2016,2016,2,0,1,Import,275,State of Palestine,PSE,616,Poland,POL,,,,,,,,27,"Mineral fuels, mineral oils and products of their distillation; bituminous substances; mineral waxes",1,No Quantity,,,,,,,217840,,,0
H4,2016,2016,2016,2,0,1,Import,275,State of Palestine,PSE,643,Russian Federation,RUS,,,,,,,,27,"Mineral fuels, mineral oils and products of their distillation; bituminous substances; mineral waxes",1,No Quantity,,,,,,,133658,,,0
H4,2016,2016,2016,2,0,1,Import,275,State of Palestine,PSE,682,Saudi Arabia,SAU,,,,,,,,27,"Mineral fuels, mineral oils and products of their distillation; bituminous substances; mineral waxes",1,No Quantity,,,,,,,361824,,,0
H4,2016,2016,2016,2,0,1,Import,275,State of Palestine,PSE,699,India,IND,,,,,,,,27,"Mineral fuels, mineral oils and products of their distillation; bituminous substances; mineral waxes",1,No Quantity,,,,,,,31372,,,0
H4,2016,2016,2016,2,0,1,Import,275,State of Palestine,PSE,704,Viet Nam,VNM,,,,,,,,27,"Mineral fuels, mineral oils and products of their distillation; bituminous substances; mineral waxes",1,No Quantity,,,,,,,19,,,0
H4,2016,2016,2016,2,0,1,Import,275,State of Palestine,PSE,724,Spain,ESP,,,,,,,,27,"Mineral fuels, mineral oils and products of their distillation; bituminous substances; mineral waxes",1,No Quantity,,,,,,,10339,,,0
H4,2016,2016,2016,2,0,1,Import,275,State of Palestine,PSE,752,Sweden,SWE,,,,,,,,27,"Mineral fuels, mineral oils and products of their distillation; bituminous substances; mineral waxes",1,No Quantity,,,,,,,15658,,,0
H4,2016,2016,2016,2,0,1,Import,275,State of Palestine,PSE,757,Switzerland,CHE,,,,,,,,27,"Mineral fuels, mineral oils and products of their distillation; bituminous substances; mineral waxes",1,No Quantity,,,,,,,678,,,0
H4,2016,2016,2016,2,0,1,Import,275,State of Palestine,PSE,784,United Arab Emirates,ARE,,,,,,,,27,"Mineral fuels, mineral oils and products of their distillation; bituminous substances; mineral waxes",1,No Quantity,,,,,,,1994309,,,0
H4,2016,2016,2016,2,0,1,Import,275,State of Palestine,PSE,792,Turkey,TUR,,,,,,,,27,"Mineral fuels, mineral oils and products of their distillation; bituminous substances; mineral waxes",1,No Quantity,,,,,,,4331198,,,0
H4,2016,2016,2016,2,0,1,Import,275,State of Palestine,PSE,804,Ukraine,UKR,,,,,,,,27,"Mineral fuels, mineral oils and products of their distillation; bituminous substances; mineral waxes",1,No Quantity,,,,,,,167235,,,0
H4,2016,2016,2016,2,0,1,Import,275,State of Palestine,PSE,818,Egypt,EGY,,,,,,,,27,"Mineral fuels, mineral oils and products of their distillation; bituminous substances; mineral waxes",1,No Quantity,,,,,,,14123131,,,0
H4,2016,2016,2016,2,0,1,Import,275,State of Palestine,PSE,826,United Kingdom,GBR,,,,,,,,27,"Mineral fuels, mineral oils and products of their distillation; bituminous substances; mineral waxes",1,No Quantity,,,,,,,56747,,,0
H4,2016,2016,2016,2,0,1,Import,275,State of Palestine,PSE,842,USA,USA,,,,,,,,27,"Mineral fuels, mineral oils and products of their distillation; bituminous substances; mineral waxes",1,No Quantity,,,,,,,836953,,,0
H3,2012,2012,2012,2,0,1,Import,275,State of Palestine,PSE,0,World,WLD,,,,,,,,27,"Mineral fuels, mineral oils and products of their distillation; bituminous substances; mineral waxes",1,No Quantity,,,,,,,1440782884,,,0
H3,2012,2012,2012,2,0,1,Import,275,State of Palestine,PSE,36,Australia,AUS,,,,,,,,27,"Mineral fuels, mineral oils and products of their distillation; bituminous substances; mineral waxes",1,No Quantity,,,,,,,115,,,0
H3,2012,2012,2012,2,0,1,Import,275,State of Palestine,PSE,56,Belgium,BEL,,,,,,,,27,"Mineral fuels, mineral oils and products of their distillation; bituminous substances; mineral waxes",1,No Quantity,,,,,,,1562396,,,0
H3,2012,2012,2012,2,0,1,Import,275,State of Palestine,PSE,156,China,CHN,,,,,,,,27,"Mineral fuels, mineral oils and products of their distillation; bituminous substances; mineral waxes",1,No Quantity,,,,,,,65728,,,0
H3,2012,2012,2012,2,0,1,Import,275,State of Palestine,PSE,233,Estonia,EST,,,,,,,,27,"Mineral fuels, mineral oils and products of their distillation; bituminous substances; mineral waxes",1,No Quantity,,,,,,,150882,,,0
H3,2012,2012,2012,2,0,1,Import,275,State of Palestine,PSE,251,France,FRA,,,,,,,,27,"Mineral fuels, mineral oils and products of their distillation; bituminous substances; mineral waxes",1,No Quantity,,,,,,,5406,,,0
H3,2012,2012,2012,2,0,1,Import,275,State of Palestine,PSE,276,Germany,DEU,,,,,,,,27,"Mineral fuels, mineral oils and products of their distillation; bituminous substances; mineral waxes",1,No Quantity,,,,,,,831880,,,0
H3,2012,2012,2012,2,0,1,Import,275,State of Palestine,PSE,348,Hungary,HUN,,,,,,,,27,"Mineral fuels, mineral oils and products of their distillation; bituminous substances; mineral waxes",1,No Quantity,,,,,,,702,,,0
H3,2012,2012,2012,2,0,1,Import,275,State of Palestine,PSE,376,Israel,ISR,,,,,,,,27,"Mineral fuels, mineral oils and products of their distillation; bituminous substances; mineral waxes",1,No Quantity,,,,,,,1410598446,,,0
H3,2012,2012,2012,2,0,1,Import,275,State of Palestine,PSE,381,Italy,ITA,,,,,,,,27,"Mineral fuels, mineral oils and products of their distillation; bituminous substances; mineral waxes",1,No Quantity,,,,,,,255081,,,0
H3,2012,2012,2012,2,0,1,Import,275,State of Palestine,PSE,400,Jordan,JOR,,,,,,,,27,"Mineral fuels, mineral oils and products of their distillation; bituminous substances; mineral waxes",1,No Quantity,,,,,,,12296179,,,0
H3,2012,2012,2012,2,0,1,Import,275,State of Palestine,PSE,410,Rep. of Korea,KOR,,,,,,,,27,"Mineral fuels, mineral oils and products of their distillation; bituminous substances; mineral waxes",1,No Quantity,,,,,,,906,,,0
H3,2012,2012,2012,2,0,1,Import,275,State of Palestine,PSE,414,Kuwait,KWT,,,,,,,,27,"Mineral fuels, mineral oils and products of their distillation; bituminous substances; mineral waxes",1,No Quantity,,,,,,,140309,,,0
H3,2012,2012,2012,2,0,1,Import,275,State of Palestine,PSE,428,Latvia,LVA,,,,,,,,27,"Mineral fuels, mineral oils and products of their distillation; bituminous substances; mineral waxes",1,No Quantity,,,,,,,26195,,,0
H3,2012,2012,2012,2,0,1,Import,275,State of Palestine,PSE,490,"Other Asia, nes",,,,,,,,,27,"Mineral fuels, mineral oils and products of their distillation; bituminous substances; mineral waxes",1,No Quantity,,,,,,,60501,,,0
H3,2012,2012,2012,2,0,1,Import,275,State of Palestine,PSE,512,Oman,OMN,,,,,,,,27,"Mineral fuels, mineral oils and products of their distillation; bituminous substances; mineral waxes",1,No Quantity,,,,,,,83082,,,0
H3,2012,2012,2012,2,0,1,Import,275,State of Palestine,PSE,528,Netherlands,NLD,,,,,,,,27,"Mineral fuels, mineral oils and products of their distillation; bituminous substances; mineral waxes",1,No Quantity,,,,,,,81680,,,0
H3,2012,2012,2012,2,0,1,Import,275,State of Palestine,PSE,643,Russian Federation,RUS,,,,,,,,27,"Mineral fuels, mineral oils and products of their distillation; bituminous substances; mineral waxes",1,No Quantity,,,,,,,13008,,,0
H3,2012,2012,2012,2,0,1,Import,275,State of Palestine,PSE,682,Saudi Arabia,SAU,,,,,,,,27,"Mineral fuels, mineral oils and products of their distillation; bituminous substances; mineral waxes",1,No Quantity,,,,,,,424741,,,0
H3,2012,2012,2012,2,0,1,Import,275,State of Palestine,PSE,699,India,IND,,,,,,,,27,"Mineral fuels, mineral oils and products of their distillation; bituminous substances; mineral waxes",1,No Quantity,,,,,,,45353,,,0
H3,2012,2012,2012,2,0,1,Import,275,State of Palestine,PSE,702,Singapore,SGP,,,,,,,,27,"Mineral fuels, mineral oils and products of their distillation; bituminous substances; mineral waxes",1,No Quantity,,,,,,,30,,,0
H3,2012,2012,2012,2,0,1,Import,275,State of Palestine,PSE,724,Spain,ESP,,,,,,,,27,"Mineral fuels, mineral oils and products of their distillation; bituminous substances; mineral waxes",1,No Quantity,,,,,,,866,,,0
H3,2012,2012,2012,2,0,1,Import,275,State of Palestine,PSE,784,United Arab Emirates,ARE,,,,,,,,27,"Mineral fuels, mineral oils and products of their distillation; bituminous substances; mineral waxes",1,No Quantity,,,,,,,1156554,,,0
H3,2012,2012,2012,2,0,1,Import,275,State of Palestine,PSE,792,Turkey,TUR,,,,,,,,27,"Mineral fuels, mineral oils and products of their distillation; bituminous substances; mineral waxes",1,No Quantity,,,,,,,3393671,,,0
H3,2012,2012,2012,2,0,1,Import,275,State of Palestine,PSE,818,Egypt,EGY,,,,,,,,27,"Mineral fuels, mineral oils and products of their distillation; bituminous substances; mineral waxes",1,No Quantity,,,,,,,9176497,,,0
H3,2012,2012,2012,2,0,1,Import,275,State of Palestine,PSE,826,United Kingdom,GBR,,,,,,,,27,"Mineral fuels, mineral oils and products of their distillation; bituminous substances; mineral waxes",1,No Quantity,,,,,,,51522,,,0
H3,2012,2012,2012,2,0,1,Import,275,State of Palestine,PSE,842,USA,USA,,,,,,,,27,"Mineral fuels, mineral oils and products of their distillation; bituminous substances; mineral waxes",1,No Quantity,,,,,,,361154,,,0
H3,2013,2013,2013,2,0,1,Import,275,State of Palestine,PSE,0,World,WLD,,,,,,,,27,"Mineral fuels, mineral oils and products of their distillation; bituminous substances; mineral waxes",1,No Quantity,,,,,,,1611322200,,,0
H3,2013,2013,2013,2,0,1,Import,275,State of Palestine,PSE,56,Belgium,BEL,,,,,,,,27,"Mineral fuels, mineral oils and products of their distillation; bituminous substances; mineral waxes",1,No Quantity,,,,,,,797620,,,0
H3,2013,2013,2013,2,0,1,Import,275,State of Palestine,PSE,100,Bulgaria,BGR,,,,,,,,27,"Mineral fuels, mineral oils and products of their distillation; bituminous substances; mineral waxes",1,No Quantity,,,,,,,171092,,,0
H3,2013,2013,2013,2,0,1,Import,275,State of Palestine,PSE,156,China,CHN,,,,,,,,27,"Mineral fuels, mineral oils and products of their distillation; bituminous substances; mineral waxes",1,No Quantity,,,,,,,14054,,,0
H3,2013,2013,2013,2,0,1,Import,275,State of Palestine,PSE,233,Estonia,EST,,,,,,,,27,"Mineral fuels, mineral oils and products of their distillation; bituminous substances; mineral waxes",1,No Quantity,,,,,,,114180,,,0
H3,2013,2013,2013,2,0,1,Import,275,State of Palestine,PSE,251,France,FRA,,,,,,,,27,"Mineral fuels, mineral oils and products of their distillation; bituminous substances; mineral waxes",1,No Quantity,,,,,,,540,,,0
H3,2013,2013,2013,2,0,1,Import,275,State of Palestine,PSE,276,Germany,DEU,,,,,,,,27,"Mineral fuels, mineral oils and products of their distillation; bituminous substances; mineral waxes",1,No Quantity,,,,,,,1172486,,,0
H3,2013,2013,2013,2,0,1,Import,275,State of Palestine,PSE,360,Indonesia,IDN,,,,,,,,27,"Mineral fuels, mineral oils and products of their distillation; bituminous substances; mineral waxes",1,No Quantity,,,,,,,45502,,,0
H3,2013,2013,2013,2,0,1,Import,275,State of Palestine,PSE,376,Israel,ISR,,,,,,,,27,"Mineral fuels, mineral oils and products of their distillation; bituminous substances; mineral waxes",1,No Quantity,,,,,,,1576033376,,,0
H3,2013,2013,2013,2,0,1,Import,275,State of Palestine,PSE,381,Italy,ITA,,,,,,,,27,"Mineral fuels, mineral oils and products of their distillation; bituminous substances; mineral waxes",1,No Quantity,,,,,,,207078,,,0
H3,2013,2013,2013,2,0,1,Import,275,State of Palestine,PSE,392,Japan,JPN,,,,,,,,27,"Mineral fuels, mineral oils and products of their distillation; bituminous substances; mineral waxes",1,No Quantity,,,,,,,1863,,,0
H3,2013,2013,2013,2,0,1,Import,275,State of Palestine,PSE,400,Jordan,JOR,,,,,,,,27,"Mineral fuels, mineral oils and products of their distillation; bituminous substances; mineral waxes",1,No Quantity,,,,,,,7875232,,,0
H3,2013,2013,2013,2,0,1,Import,275,State of Palestine,PSE,410,Rep. of Korea,KOR,,,,,,,,27,"Mineral fuels, mineral oils and products of their distillation; bituminous substances; mineral waxes",1,No Quantity,,,,,,,109035,,,0
H3,2013,2013,2013,2,0,1,Import,275,State of Palestine,PSE,414,Kuwait,KWT,,,,,,,,27,"Mineral fuels, mineral oils and products of their distillation; bituminous substances; mineral waxes",1,No Quantity,,,,,,,59072,,,0
H3,2013,2013,2013,2,0,1,Import,275,State of Palestine,PSE,428,Latvia,LVA,,,,,,,,27,"Mineral fuels, mineral oils and products of their distillation; bituminous substances; mineral waxes",1,No Quantity,,,,,,,20145,,,0
H3,2013,2013,2013,2,0,1,Import,275,State of Palestine,PSE,484,Mexico,MEX,,,,,,,,27,"Mineral fuels, mineral oils and products of their distillation; bituminous substances; mineral waxes",1,No Quantity,,,,,,,12924,,,0
H3,2013,2013,2013,2,0,1,Import,275,State of Palestine,PSE,490,"Other Asia, nes",,,,,,,,,27,"Mineral fuels, mineral oils and products of their distillation; bituminous substances; mineral waxes",1,No Quantity,,,,,,,1275,,,0
H3,2013,2013,2013,2,0,1,Import,275,State of Palestine,PSE,512,Oman,OMN,,,,,,,,27,"Mineral fuels, mineral oils and products of their distillation; bituminous substances; mineral waxes",1,No Quantity,,,,,,,101160,,,0
H3,2013,2013,2013,2,0,1,Import,275,State of Palestine,PSE,528,Netherlands,NLD,,,,,,,,27,"Mineral fuels, mineral oils and products of their distillation; bituminous substances; mineral waxes",1,No Quantity,,,,,,,42269,,,0
H3,2013,2013,2013,2,0,1,Import,275,State of Palestine,PSE,620,Portugal,PRT,,,,,,,,27,"Mineral fuels, mineral oils and products of their distillation; bituminous substances; mineral waxes",1,No Quantity,,,,,,,41728,,,0
H3,2013,2013,2013,2,0,1,Import,275,State of Palestine,PSE,682,Saudi Arabia,SAU,,,,,,,,27,"Mineral fuels, mineral oils and products of their distillation; bituminous substances; mineral waxes",1,No Quantity,,,,,,,126584,,,0
H3,2013,2013,2013,2,0,1,Import,275,State of Palestine,PSE,699,India,IND,,,,,,,,27,"Mineral fuels, mineral oils and products of their distillation; bituminous substances; mineral waxes",1,No Quantity,,,,,,,45139,,,0
H3,2013,2013,2013,2,0,1,Import,275,State of Palestine,PSE,752,Sweden,SWE,,,,,,,,27,"Mineral fuels, mineral oils and products of their distillation; bituminous substances; mineral waxes",1,No Quantity,,,,,,,174,,,0
H3,2013,2013,2013,2,0,1,Import,275,State of Palestine,PSE,784,United Arab Emirates,ARE,,,,,,,,27,"Mineral fuels, mineral oils and products of their distillation; bituminous substances; mineral waxes",1,No Quantity,,,,,,,1189350,,,0
H3,2013,2013,2013,2,0,1,Import,275,State of Palestine,PSE,792,Turkey,TUR,,,,,,,,27,"Mineral fuels, mineral oils and products of their distillation; bituminous substances; mineral waxes",1,No Quantity,,,,,,,5339753,,,0
H3,2013,2013,2013,2,0,1,Import,275,State of Palestine,PSE,818,Egypt,EGY,,,,,,,,27,"Mineral fuels, mineral oils and products of their distillation; bituminous substances; mineral waxes",1,No Quantity,,,,,,,17274991,,,0
H3,2013,2013,2013,2,0,1,Import,275,State of Palestine,PSE,826,United Kingdom,GBR,,,,,,,,27,"Mineral fuels, mineral oils and products of their distillation; bituminous substances; mineral waxes",1,No Quantity,,,,,,,51309,,,0
H3,2013,2013,2013,2,0,1,Import,275,State of Palestine,PSE,842,USA,USA,,,,,,,,27,"Mineral fuels, mineral oils and products of their distillation; bituminous substances; mineral waxes",1,No Quantity,,,,,,,474269,,,0
H3,2014,2014,2014,2,0,1,Import,275,State of Palestine,PSE,0,World,WLD,,,,,,,,27,"Mineral fuels, mineral oils and products of their distillation; bituminous substances; mineral waxes",1,No Quantity,,,,,,,1869096396,,,0
H3,2014,2014,2014,2,0,1,Import,275,State of Palestine,PSE,56,Belgium,BEL,,,,,,,,27,"Mineral fuels, mineral oils and products of their distillation; bituminous substances; mineral waxes",1,No Quantity,,,,,,,963513,,,0
H3,2014,2014,2014,2,0,1,Import,275,State of Palestine,PSE,156,China,CHN,,,,,,,,27,"Mineral fuels, mineral oils and products of their distillation; bituminous substances; mineral waxes",1,No Quantity,,,,,,,2029,,,0
H3,2014,2014,2014,2,0,1,Import,275,State of Palestine,PSE,203,Czechia,CZE,,,,,,,,27,"Mineral fuels, mineral oils and products of their distillation; bituminous substances; mineral waxes",1,No Quantity,,,,,,,3,,,0
H3,2014,2014,2014,2,0,1,Import,275,State of Palestine,PSE,233,Estonia,EST,,,,,,,,27,"Mineral fuels, mineral oils and products of their distillation; bituminous substances; mineral waxes",1,No Quantity,,,,,,,138428,,,0
H3,2014,2014,2014,2,0,1,Import,275,State of Palestine,PSE,251,France,FRA,,,,,,,,27,"Mineral fuels, mineral oils and products of their distillation; bituminous substances; mineral waxes",1,No Quantity,,,,,,,63962,,,0
H3,2014,2014,2014,2,0,1,Import,275,State of Palestine,PSE,276,Germany,DEU,,,,,,,,27,"Mineral fuels, mineral oils and products of their distillation; bituminous substances; mineral waxes",1,No Quantity,,,,,,,1719183,,,0
H3,2014,2014,2014,2,0,1,Import,275,State of Palestine,PSE,300,Greece,GRC,,,,,,,,27,"Mineral fuels, mineral oils and products of their distillation; bituminous substances; mineral waxes",1,No Quantity,,,,,,,24866,,,0
H3,2014,2014,2014,2,0,1,Import,275,State of Palestine,PSE,376,Israel,ISR,,,,,,,,27,"Mineral fuels, mineral oils and products of their distillation; bituminous substances; mineral waxes",1,No Quantity,,,,,,,1829418005,,,0
H3,2014,2014,2014,2,0,1,Import,275,State of Palestine,PSE,381,Italy,ITA,,,,,,,,27,"Mineral fuels, mineral oils and products of their distillation; bituminous substances; mineral waxes",1,No Quantity,,,,,,,102944,,,0
H3,2014,2014,2014,2,0,1,Import,275,State of Palestine,PSE,392,Japan,JPN,,,,,,,,27,"Mineral fuels, mineral oils and products of their distillation; bituminous substances; mineral waxes",1,No Quantity,,,,,,,6292,,,0
H3,2014,2014,2014,2,0,1,Import,275,State of Palestine,PSE,400,Jordan,JOR,,,,,,,,27,"Mineral fuels, mineral oils and products of their distillation; bituminous substances; mineral waxes",1,No Quantity,,,,,,,5372210,,,0
H3,2014,2014,2014,2,0,1,Import,275,State of Palestine,PSE,410,Rep. of Korea,KOR,,,,,,,,27,"Mineral fuels, mineral oils and products of their distillation; bituminous substances; mineral waxes",1,No Quantity,,,,,,,222277,,,0
H3,2014,2014,2014,2,0,1,Import,275,State of Palestine,PSE,414,Kuwait,KWT,,,,,,,,27,"Mineral fuels, mineral oils and products of their distillation; bituminous substances; mineral waxes",1,No Quantity,,,,,,,22532,,,0
H3,2014,2014,2014,2,0,1,Import,275,State of Palestine,PSE,428,Latvia,LVA,,,,,,,,27,"Mineral fuels, mineral oils and products of their distillation; bituminous substances; mineral waxes",1,No Quantity,,,,,,,33020,,,0
H3,2014,2014,2014,2,0,1,Import,275,State of Palestine,PSE,440,Lithuania,LTU,,,,,,,,27,"Mineral fuels, mineral oils and products of their distillation; bituminous substances; mineral waxes",1,No Quantity,,,,,,,176,,,0
H3,2014,2014,2014,2,0,1,Import,275,State of Palestine,PSE,528,Netherlands,NLD,,,,,,,,27,"Mineral fuels, mineral oils and products of their distillation; bituminous substances; mineral waxes",1,No Quantity,,,,,,,242558,,,0
H3,2014,2014,2014,2,0,1,Import,275,State of Palestine,PSE,616,Poland,POL,,,,,,,,27,"Mineral fuels, mineral oils and products of their distillation; bituminous substances; mineral waxes",1,No Quantity,,,,,,,12799,,,0
H3,2014,2014,2014,2,0,1,Import,275,State of Palestine,PSE,643,Russian Federation,RUS,,,,,,,,27,"Mineral fuels, mineral oils and products of their distillation; bituminous substances; mineral waxes",1,No Quantity,,,,,,,83987,,,0
H3,2014,2014,2014,2,0,1,Import,275,State of Palestine,PSE,682,Saudi Arabia,SAU,,,,,,,,27,"Mineral fuels, mineral oils and products of their distillation; bituminous substances; mineral waxes",1,No Quantity,,,,,,,300675,,,0
H3,2014,2014,2014,2,0,1,Import,275,State of Palestine,PSE,699,India,IND,,,,,,,,27,"Mineral fuels, mineral oils and products of their distillation; bituminous substances; mineral waxes",1,No Quantity,,,,,,,98757,,,0
H3,2014,2014,2014,2,0,1,Import,275,State of Palestine,PSE,710,South Africa,ZAF,,,,,,,,27,"Mineral fuels, mineral oils and products of their distillation; bituminous substances; mineral waxes",1,No Quantity,,,,,,,63541,,,0
H3,2014,2014,2014,2,0,1,Import,275,State of Palestine,PSE,724,Spain,ESP,,,,,,,,27,"Mineral fuels, mineral oils and products of their distillation; bituminous substances; mineral waxes",1,No Quantity,,,,,,,13098,,,0
H3,2014,2014,2014,2,0,1,Import,275,State of Palestine,PSE,752,Sweden,SWE,,,,,,,,27,"Mineral fuels, mineral oils and products of their distillation; bituminous substances; mineral waxes",1,No Quantity,,,,,,,17311,,,0
H3,2014,2014,2014,2,0,1,Import,275,State of Palestine,PSE,784,United Arab Emirates,ARE,,,,,,,,27,"Mineral fuels, mineral oils and products of their distillation; bituminous substances; mineral waxes",1,No Quantity,,,,,,,1875676,,,0
H3,2014,2014,2014,2,0,1,Import,275,State of Palestine,PSE,792,Turkey,TUR,,,,,,,,27,"Mineral fuels, mineral oils and products of their distillation; bituminous substances; mineral waxes",1,No Quantity,,,,,,,5475597,,,0
H3,2014,2014,2014,2,0,1,Import,275,State of Palestine,PSE,804,Ukraine,UKR,,,,,,,,27,"Mineral fuels, mineral oils and products of their distillation; bituminous substances; mineral waxes",1,No Quantity,,,,,,,8023,,,0
H3,2014,2014,2014,2,0,1,Import,275,State of Palestine,PSE,818,Egypt,EGY,,,,,,,,27,"Mineral fuels, mineral oils and products of their distillation; bituminous substances; mineral waxes",1,No Quantity,,,,,,,21922199,,,0
H3,2014,2014,2014,2,0,1,Import,275,State of Palestine,PSE,826,United Kingdom,GBR,,,,,,,,27,"Mineral fuels, mineral oils and products of their distillation; bituminous substances; mineral waxes",1,No Quantity,,,,,,,28630,,,0
H3,2014,2014,2014,2,0,1,Import,275,State of Palestine,PSE,842,USA,USA,,,,,,,,27,"Mineral fuels, mineral oils and products of their distillation; bituminous substances; mineral waxes",1,No Quantity,,,,,,,864105,,,0
