Classification,Year,Period,Period Desc.,Aggregate Level,Is Leaf Code,Trade Flow Code,Trade Flow,Reporter Code,Reporter,Reporter ISO,Partner Code,Partner,Partner ISO,2nd Partner Code,2nd Partner,2nd Partner ISO,Customs Proc. Code,Customs,Mode of Transport Code,Mode of Transport,Commodity Code,Commodity,Qty Unit Code,Qty Unit,Qty,Alt Qty Unit Code,Alt Qty Unit,Alt Qty,Netweight (kg),Gross weight (kg),Trade Value (US$),CIF Trade Value (US$),FOB Trade Value (US$),Flag
H5,2018,2018,2018,2,0,1,Import,788,Tunisia,TUN,0,World,WLD,,,,,,,,27,"Mineral fuels, mineral oils and products of their distillation; bituminous substances; mineral waxes",1,No Quantity,0,,,,0,,3406541036,,,4
H5,2018,2018,2018,2,0,1,Import,788,Tunisia,TUN,12,Algeria,DZA,,,,,,,,27,"Mineral fuels, mineral oils and products of their distillation; bituminous substances; mineral waxes",1,No Quantity,0,,,,0,,876725867,,,4
H5,2018,2018,2018,2,0,1,Import,788,Tunisia,TUN,31,Azerbaijan,AZE,,,,,,,,27,"Mineral fuels, mineral oils and products of their distillation; bituminous substances; mineral waxes",1,No Quantity,0,,,,0,,305216512,,,0
H5,2018,2018,2018,2,0,1,Import,788,Tunisia,TUN,36,Australia,AUS,,,,,,,,27,"Mineral fuels, mineral oils and products of their distillation; bituminous substances; mineral waxes",1,No Quantity,0,,,,0,,932,,,0
H5,2018,2018,2018,2,0,1,Import,788,Tunisia,TUN,40,Austria,AUT,,,,,,,,27,"Mineral fuels, mineral oils and products of their distillation; bituminous substances; mineral waxes",1,No Quantity,0,,,,0,,87386,,,0
H5,2018,2018,2018,2,0,1,Import,788,Tunisia,TUN,48,Bahrain,BHR,,,,,,,,27,"Mineral fuels, mineral oils and products of their distillation; bituminous substances; mineral waxes",1,No Quantity,0,,,,0,,26536,,,0
H5,2018,2018,2018,2,0,1,Import,788,Tunisia,TUN,56,Belgium,BEL,,,,,,,,27,"Mineral fuels, mineral oils and products of their distillation; bituminous substances; mineral waxes",1,No Quantity,0,,,,0,,6590582,,,0
H5,2018,2018,2018,2,0,1,Import,788,Tunisia,TUN,76,Brazil,BRA,,,,,,,,27,"Mineral fuels, mineral oils and products of their distillation; bituminous substances; mineral waxes",1,No Quantity,0,,,,0,,195959,,,0
H5,2018,2018,2018,2,0,1,Import,788,Tunisia,TUN,100,Bulgaria,BGR,,,,,,,,27,"Mineral fuels, mineral oils and products of their distillation; bituminous substances; mineral waxes",1,No Quantity,0,,,,0,,67723682,,,0
H5,2018,2018,2018,2,0,1,Import,788,Tunisia,TUN,124,Canada,CAN,,,,,,,,27,"Mineral fuels, mineral oils and products of their distillation; bituminous substances; mineral waxes",1,No Quantity,0,,,,0,,11442,,,4
H5,2018,2018,2018,2,0,1,Import,788,Tunisia,TUN,144,Sri Lanka,LKA,,,,,,,,27,"Mineral fuels, mineral oils and products of their distillation; bituminous substances; mineral waxes",1,No Quantity,0,,,,0,,81629,,,0
H5,2018,2018,2018,2,0,1,Import,788,Tunisia,TUN,156,China,CHN,,,,,,,,27,"Mineral fuels, mineral oils and products of their distillation; bituminous substances; mineral waxes",1,No Quantity,0,,,,0,,217125,,,0
H5,2018,2018,2018,2,0,1,Import,788,Tunisia,TUN,188,Costa Rica,CRI,,,,,,,,27,"Mineral fuels, mineral oils and products of their distillation; bituminous substances; mineral waxes",1,No Quantity,0,,,,0,,16632,,,0
H5,2018,2018,2018,2,0,1,Import,788,Tunisia,TUN,191,Croatia,HRV,,,,,,,,27,"Mineral fuels, mineral oils and products of their distillation; bituminous substances; mineral waxes",1,No Quantity,0,,,,0,,38756120,,,0
H5,2018,2018,2018,2,0,1,Import,788,Tunisia,TUN,196,Cyprus,CYP,,,,,,,,27,"Mineral fuels, mineral oils and products of their distillation; bituminous substances; mineral waxes",1,No Quantity,0,,,,0,,14517588,,,0
H5,2018,2018,2018,2,0,1,Import,788,Tunisia,TUN,203,Czechia,CZE,,,,,,,,27,"Mineral fuels, mineral oils and products of their distillation; bituminous substances; mineral waxes",1,No Quantity,0,,,,0,,1225,,,0
H5,2018,2018,2018,2,0,1,Import,788,Tunisia,TUN,208,Denmark,DNK,,,,,,,,27,"Mineral fuels, mineral oils and products of their distillation; bituminous substances; mineral waxes",1,No Quantity,0,,,,0,,160452,,,0
H5,2018,2018,2018,2,0,1,Import,788,Tunisia,TUN,233,Estonia,EST,,,,,,,,27,"Mineral fuels, mineral oils and products of their distillation; bituminous substances; mineral waxes",1,No Quantity,0,,,,0,,16237,,,0
H5,2018,2018,2018,2,0,1,Import,788,Tunisia,TUN,246,Finland,FIN,,,,,,,,27,"Mineral fuels, mineral oils and products of their distillation; bituminous substances; mineral waxes",1,No Quantity,0,,,,0,,15071945,,,0
H5,2018,2018,2018,2,0,1,Import,788,Tunisia,TUN,251,France,FRA,,,,,,,,27,"Mineral fuels, mineral oils and products of their distillation; bituminous substances; mineral waxes",1,No Quantity,0,,,,0,,241315000,,,0
H5,2018,2018,2018,2,0,1,Import,788,Tunisia,TUN,276,Germany,DEU,,,,,,,,27,"Mineral fuels, mineral oils and products of their distillation; bituminous substances; mineral waxes",1,No Quantity,0,,,,0,,3901512,,,0
H5,2018,2018,2018,2,0,1,Import,788,Tunisia,TUN,300,Greece,GRC,,,,,,,,27,"Mineral fuels, mineral oils and products of their distillation; bituminous substances; mineral waxes",1,No Quantity,0,,,,0,,164022625,,,0
H5,2018,2018,2018,2,0,1,Import,788,Tunisia,TUN,344,"China, Hong Kong SAR",HKG,,,,,,,,27,"Mineral fuels, mineral oils and products of their distillation; bituminous substances; mineral waxes",1,No Quantity,0,,,,0,,3416,,,0
H5,2018,2018,2018,2,0,1,Import,788,Tunisia,TUN,372,Ireland,IRL,,,,,,,,27,"Mineral fuels, mineral oils and products of their distillation; bituminous substances; mineral waxes",1,No Quantity,0,,,,0,,56210,,,0
H5,2018,2018,2018,2,0,1,Import,788,Tunisia,TUN,381,Italy,ITA,,,,,,,,27,"Mineral fuels, mineral oils and products of their distillation; bituminous substances; mineral waxes",1,No Quantity,0,,,,0,,838410994,,,0
H5,2018,2018,2018,2,0,1,Import,788,Tunisia,TUN,392,Japan,JPN,,,,,,,,27,"Mineral fuels, mineral oils and products of their distillation; bituminous substances; mineral waxes",1,No Quantity,0,,,,0,,108603,,,0
H5,2018,2018,2018,2,0,1,Import,788,Tunisia,TUN,410,Rep. of Korea,KOR,,,,,,,,27,"Mineral fuels, mineral oils and products of their distillation; bituminous substances; mineral waxes",1,No Quantity,0,,,,0,,1062358,,,0
H5,2018,2018,2018,2,0,1,Import,788,Tunisia,TUN,414,Kuwait,KWT,,,,,,,,27,"Mineral fuels, mineral oils and products of their distillation; bituminous substances; mineral waxes",1,No Quantity,0,,,,0,,88839,,,0
H5,2018,2018,2018,2,0,1,Import,788,Tunisia,TUN,428,Latvia,LVA,,,,,,,,27,"Mineral fuels, mineral oils and products of their distillation; bituminous substances; mineral waxes",1,No Quantity,0,,,,0,,1157914,,,0
H5,2018,2018,2018,2,0,1,Import,788,Tunisia,TUN,434,Libya,LBY,,,,,,,,27,"Mineral fuels, mineral oils and products of their distillation; bituminous substances; mineral waxes",1,No Quantity,0,,,,0,,29795091,,,0
H5,2018,2018,2018,2,0,1,Import,788,Tunisia,TUN,440,Lithuania,LTU,,,,,,,,27,"Mineral fuels, mineral oils and products of their distillation; bituminous substances; mineral waxes",1,No Quantity,0,,,,0,,2788188,,,0
H5,2018,2018,2018,2,0,1,Import,788,Tunisia,TUN,470,Malta,MLT,,,,,,,,27,"Mineral fuels, mineral oils and products of their distillation; bituminous substances; mineral waxes",1,No Quantity,0,,,,0,,70557276,,,0
H5,2018,2018,2018,2,0,1,Import,788,Tunisia,TUN,484,Mexico,MEX,,,,,,,,27,"Mineral fuels, mineral oils and products of their distillation; bituminous substances; mineral waxes",1,No Quantity,0,,,,0,,1637,,,0
H5,2018,2018,2018,2,0,1,Import,788,Tunisia,TUN,504,Morocco,MAR,,,,,,,,27,"Mineral fuels, mineral oils and products of their distillation; bituminous substances; mineral waxes",1,No Quantity,0,,,,0,,578893,,,0
H5,2018,2018,2018,2,0,1,Import,788,Tunisia,TUN,528,Netherlands,NLD,,,,,,,,27,"Mineral fuels, mineral oils and products of their distillation; bituminous substances; mineral waxes",1,No Quantity,0,,,,0,,45101565,,,0
H5,2018,2018,2018,2,0,1,Import,788,Tunisia,TUN,579,Norway,NOR,,,,,,,,27,"Mineral fuels, mineral oils and products of their distillation; bituminous substances; mineral waxes",1,No Quantity,0,,,,0,,369,,,0
H5,2018,2018,2018,2,0,1,Import,788,Tunisia,TUN,616,Poland,POL,,,,,,,,27,"Mineral fuels, mineral oils and products of their distillation; bituminous substances; mineral waxes",1,No Quantity,0,,,,0,,222103,,,0
H5,2018,2018,2018,2,0,1,Import,788,Tunisia,TUN,620,Portugal,PRT,,,,,,,,27,"Mineral fuels, mineral oils and products of their distillation; bituminous substances; mineral waxes",1,No Quantity,0,,,,0,,6401576,,,0
H5,2018,2018,2018,2,0,1,Import,788,Tunisia,TUN,642,Romania,ROU,,,,,,,,27,"Mineral fuels, mineral oils and products of their distillation; bituminous substances; mineral waxes",1,No Quantity,0,,,,0,,31680750,,,0
H5,2018,2018,2018,2,0,1,Import,788,Tunisia,TUN,643,Russian Federation,RUS,,,,,,,,27,"Mineral fuels, mineral oils and products of their distillation; bituminous substances; mineral waxes",1,No Quantity,0,,,,0,,181596369,,,0
H5,2018,2018,2018,2,0,1,Import,788,Tunisia,TUN,699,India,IND,,,,,,,,27,"Mineral fuels, mineral oils and products of their distillation; bituminous substances; mineral waxes",1,No Quantity,0,,,,0,,485096,,,0
H5,2018,2018,2018,2,0,1,Import,788,Tunisia,TUN,702,Singapore,SGP,,,,,,,,27,"Mineral fuels, mineral oils and products of their distillation; bituminous substances; mineral waxes",1,No Quantity,0,,,,0,,72143,,,0
H5,2018,2018,2018,2,0,1,Import,788,Tunisia,TUN,705,Slovenia,SVN,,,,,,,,27,"Mineral fuels, mineral oils and products of their distillation; bituminous substances; mineral waxes",1,No Quantity,0,,,,0,,1428,,,0
H5,2018,2018,2018,2,0,1,Import,788,Tunisia,TUN,710,South Africa,ZAF,,,,,,,,27,"Mineral fuels, mineral oils and products of their distillation; bituminous substances; mineral waxes",1,No Quantity,0,,,,0,,4269,,,0
H5,2018,2018,2018,2,0,1,Import,788,Tunisia,TUN,724,Spain,ESP,,,,,,,,27,"Mineral fuels, mineral oils and products of their distillation; bituminous substances; mineral waxes",1,No Quantity,0,,,,0,,140996019,,,0
H5,2018,2018,2018,2,0,1,Import,788,Tunisia,TUN,748,Eswatini,SWZ,,,,,,,,27,"Mineral fuels, mineral oils and products of their distillation; bituminous substances; mineral waxes",1,No Quantity,0,,,,0,,401,,,0
H5,2018,2018,2018,2,0,1,Import,788,Tunisia,TUN,752,Sweden,SWE,,,,,,,,27,"Mineral fuels, mineral oils and products of their distillation; bituminous substances; mineral waxes",1,No Quantity,0,,,,0,,5991862,,,0
H5,2018,2018,2018,2,0,1,Import,788,Tunisia,TUN,757,Switzerland,CHE,,,,,,,,27,"Mineral fuels, mineral oils and products of their distillation; bituminous substances; mineral waxes",1,No Quantity,0,,,,0,,22162,,,0
H5,2018,2018,2018,2,0,1,Import,788,Tunisia,TUN,764,Thailand,THA,,,,,,,,27,"Mineral fuels, mineral oils and products of their distillation; bituminous substances; mineral waxes",1,No Quantity,0,,,,0,,7479,,,0
H5,2018,2018,2018,2,0,1,Import,788,Tunisia,TUN,784,United Arab Emirates,ARE,,,,,,,,27,"Mineral fuels, mineral oils and products of their distillation; bituminous substances; mineral waxes",1,No Quantity,0,,,,0,,797043,,,0
H5,2018,2018,2018,2,0,1,Import,788,Tunisia,TUN,792,Turkey,TUR,,,,,,,,27,"Mineral fuels, mineral oils and products of their distillation; bituminous substances; mineral waxes",1,No Quantity,0,,,,0,,6728441,,,0
H5,2018,2018,2018,2,0,1,Import,788,Tunisia,TUN,818,Egypt,EGY,,,,,,,,27,"Mineral fuels, mineral oils and products of their distillation; bituminous substances; mineral waxes",1,No Quantity,0,,,,0,,218414273,,,0
H5,2018,2018,2018,2,0,1,Import,788,Tunisia,TUN,826,United Kingdom,GBR,,,,,,,,27,"Mineral fuels, mineral oils and products of their distillation; bituminous substances; mineral waxes",1,No Quantity,0,,,,0,,13890559,,,0
H5,2018,2018,2018,2,0,1,Import,788,Tunisia,TUN,842,USA,USA,,,,,,,,27,"Mineral fuels, mineral oils and products of their distillation; bituminous substances; mineral waxes",1,No Quantity,0,,,,0,,74735288,,,4
H5,2018,2018,2018,2,0,1,Import,788,Tunisia,TUN,862,Venezuela,VEN,,,,,,,,27,"Mineral fuels, mineral oils and products of their distillation; bituminous substances; mineral waxes",1,No Quantity,0,,,,0,,12492,,,0
H5,2018,2018,2018,2,0,1,Import,788,Tunisia,TUN,899,"Areas, nes",,,,,,,,,27,"Mineral fuels, mineral oils and products of their distillation; bituminous substances; mineral waxes",1,No Quantity,0,,,,0,,112916,,,0
H5,2019,2019,2019,2,0,1,Import,788,Tunisia,TUN,0,World,WLD,,,,,,,,27,"Mineral fuels, mineral oils and products of their distillation; bituminous substances; mineral waxes",1,No Quantity,0,,,,0,,3606890128,,,4
H5,2019,2019,2019,2,0,1,Import,788,Tunisia,TUN,12,Algeria,DZA,,,,,,,,27,"Mineral fuels, mineral oils and products of their distillation; bituminous substances; mineral waxes",1,No Quantity,0,,,,0,,1322892997,,,0
H5,2019,2019,2019,2,0,1,Import,788,Tunisia,TUN,31,Azerbaijan,AZE,,,,,,,,27,"Mineral fuels, mineral oils and products of their distillation; bituminous substances; mineral waxes",1,No Quantity,0,,,,0,,18370483,,,0
H5,2019,2019,2019,2,0,1,Import,788,Tunisia,TUN,36,Australia,AUS,,,,,,,,27,"Mineral fuels, mineral oils and products of their distillation; bituminous substances; mineral waxes",1,No Quantity,0,,,,0,,811,,,0
H5,2019,2019,2019,2,0,1,Import,788,Tunisia,TUN,40,Austria,AUT,,,,,,,,27,"Mineral fuels, mineral oils and products of their distillation; bituminous substances; mineral waxes",1,No Quantity,0,,,,0,,22609,,,0
H5,2019,2019,2019,2,0,1,Import,788,Tunisia,TUN,48,Bahrain,BHR,,,,,,,,27,"Mineral fuels, mineral oils and products of their distillation; bituminous substances; mineral waxes",1,No Quantity,0,,,,0,,95341,,,0
H5,2019,2019,2019,2,0,1,Import,788,Tunisia,TUN,56,Belgium,BEL,,,,,,,,27,"Mineral fuels, mineral oils and products of their distillation; bituminous substances; mineral waxes",1,No Quantity,0,,,,0,,6168964,,,0
H5,2019,2019,2019,2,0,1,Import,788,Tunisia,TUN,76,Brazil,BRA,,,,,,,,27,"Mineral fuels, mineral oils and products of their distillation; bituminous substances; mineral waxes",1,No Quantity,0,,,,0,,1623,,,0
H5,2019,2019,2019,2,0,1,Import,788,Tunisia,TUN,100,Bulgaria,BGR,,,,,,,,27,"Mineral fuels, mineral oils and products of their distillation; bituminous substances; mineral waxes",1,No Quantity,0,,,,0,,262833260,,,0
H5,2019,2019,2019,2,0,1,Import,788,Tunisia,TUN,112,Belarus,BLR,,,,,,,,27,"Mineral fuels, mineral oils and products of their distillation; bituminous substances; mineral waxes",1,No Quantity,0,,,,0,,638,,,0
H5,2019,2019,2019,2,0,1,Import,788,Tunisia,TUN,124,Canada,CAN,,,,,,,,27,"Mineral fuels, mineral oils and products of their distillation; bituminous substances; mineral waxes",1,No Quantity,0,,,,0,,8179,,,0
H5,2019,2019,2019,2,0,1,Import,788,Tunisia,TUN,144,Sri Lanka,LKA,,,,,,,,27,"Mineral fuels, mineral oils and products of their distillation; bituminous substances; mineral waxes",1,No Quantity,0,,,,0,,173175,,,0
H5,2019,2019,2019,2,0,1,Import,788,Tunisia,TUN,156,China,CHN,,,,,,,,27,"Mineral fuels, mineral oils and products of their distillation; bituminous substances; mineral waxes",1,No Quantity,0,,,,0,,342509,,,0
H5,2019,2019,2019,2,0,1,Import,788,Tunisia,TUN,170,Colombia,COL,,,,,,,,27,"Mineral fuels, mineral oils and products of their distillation; bituminous substances; mineral waxes",1,No Quantity,0,,,,0,,6748,,,0
H5,2019,2019,2019,2,0,1,Import,788,Tunisia,TUN,191,Croatia,HRV,,,,,,,,27,"Mineral fuels, mineral oils and products of their distillation; bituminous substances; mineral waxes",1,No Quantity,0,,,,0,,3137753,,,0
H5,2019,2019,2019,2,0,1,Import,788,Tunisia,TUN,203,Czechia,CZE,,,,,,,,27,"Mineral fuels, mineral oils and products of their distillation; bituminous substances; mineral waxes",1,No Quantity,0,,,,0,,592,,,0
H5,2019,2019,2019,2,0,1,Import,788,Tunisia,TUN,208,Denmark,DNK,,,,,,,,27,"Mineral fuels, mineral oils and products of their distillation; bituminous substances; mineral waxes",1,No Quantity,0,,,,0,,20276,,,0
H5,2019,2019,2019,2,0,1,Import,788,Tunisia,TUN,233,Estonia,EST,,,,,,,,27,"Mineral fuels, mineral oils and products of their distillation; bituminous substances; mineral waxes",1,No Quantity,0,,,,0,,23158,,,0
H5,2019,2019,2019,2,0,1,Import,788,Tunisia,TUN,246,Finland,FIN,,,,,,,,27,"Mineral fuels, mineral oils and products of their distillation; bituminous substances; mineral waxes",1,No Quantity,0,,,,0,,111522,,,0
H5,2019,2019,2019,2,0,1,Import,788,Tunisia,TUN,251,France,FRA,,,,,,,,27,"Mineral fuels, mineral oils and products of their distillation; bituminous substances; mineral waxes",1,No Quantity,0,,,,0,,244030693,,,4
H5,2019,2019,2019,2,0,1,Import,788,Tunisia,TUN,276,Germany,DEU,,,,,,,,27,"Mineral fuels, mineral oils and products of their distillation; bituminous substances; mineral waxes",1,No Quantity,0,,,,0,,2820380,,,0
H5,2019,2019,2019,2,0,1,Import,788,Tunisia,TUN,300,Greece,GRC,,,,,,,,27,"Mineral fuels, mineral oils and products of their distillation; bituminous substances; mineral waxes",1,No Quantity,0,,,,0,,96580585,,,0
H5,2019,2019,2019,2,0,1,Import,788,Tunisia,TUN,344,"China, Hong Kong SAR",HKG,,,,,,,,27,"Mineral fuels, mineral oils and products of their distillation; bituminous substances; mineral waxes",1,No Quantity,0,,,,0,,26449,,,0
H5,2019,2019,2019,2,0,1,Import,788,Tunisia,TUN,348,Hungary,HUN,,,,,,,,27,"Mineral fuels, mineral oils and products of their distillation; bituminous substances; mineral waxes",1,No Quantity,0,,,,0,,1857,,,0
H5,2019,2019,2019,2,0,1,Import,788,Tunisia,TUN,372,Ireland,IRL,,,,,,,,27,"Mineral fuels, mineral oils and products of their distillation; bituminous substances; mineral waxes",1,No Quantity,0,,,,0,,13895,,,4
H5,2019,2019,2019,2,0,1,Import,788,Tunisia,TUN,381,Italy,ITA,,,,,,,,27,"Mineral fuels, mineral oils and products of their distillation; bituminous substances; mineral waxes",1,No Quantity,0,,,,0,,613404035,,,4
H5,2019,2019,2019,2,0,1,Import,788,Tunisia,TUN,392,Japan,JPN,,,,,,,,27,"Mineral fuels, mineral oils and products of their distillation; bituminous substances; mineral waxes",1,No Quantity,0,,,,0,,76601,,,0
H5,2019,2019,2019,2,0,1,Import,788,Tunisia,TUN,398,Kazakhstan,KAZ,,,,,,,,27,"Mineral fuels, mineral oils and products of their distillation; bituminous substances; mineral waxes",1,No Quantity,0,,,,0,,2689890,,,0
H5,2019,2019,2019,2,0,1,Import,788,Tunisia,TUN,410,Rep. of Korea,KOR,,,,,,,,27,"Mineral fuels, mineral oils and products of their distillation; bituminous substances; mineral waxes",1,No Quantity,0,,,,0,,536496,,,0
H5,2019,2019,2019,2,0,1,Import,788,Tunisia,TUN,428,Latvia,LVA,,,,,,,,27,"Mineral fuels, mineral oils and products of their distillation; bituminous substances; mineral waxes",1,No Quantity,0,,,,0,,1158856,,,0
H5,2019,2019,2019,2,0,1,Import,788,Tunisia,TUN,434,Libya,LBY,,,,,,,,27,"Mineral fuels, mineral oils and products of their distillation; bituminous substances; mineral waxes",1,No Quantity,0,,,,0,,57618453,,,0
H5,2019,2019,2019,2,0,1,Import,788,Tunisia,TUN,440,Lithuania,LTU,,,,,,,,27,"Mineral fuels, mineral oils and products of their distillation; bituminous substances; mineral waxes",1,No Quantity,0,,,,0,,2143369,,,0
H5,2019,2019,2019,2,0,1,Import,788,Tunisia,TUN,470,Malta,MLT,,,,,,,,27,"Mineral fuels, mineral oils and products of their distillation; bituminous substances; mineral waxes",1,No Quantity,0,,,,0,,64094892,,,0
H5,2019,2019,2019,2,0,1,Import,788,Tunisia,TUN,484,Mexico,MEX,,,,,,,,27,"Mineral fuels, mineral oils and products of their distillation; bituminous substances; mineral waxes",1,No Quantity,0,,,,0,,783,,,0
H5,2019,2019,2019,2,0,1,Import,788,Tunisia,TUN,490,"Other Asia, nes",,,,,,,,,27,"Mineral fuels, mineral oils and products of their distillation; bituminous substances; mineral waxes",1,No Quantity,0,,,,0,,1686,,,0
H5,2019,2019,2019,2,0,1,Import,788,Tunisia,TUN,504,Morocco,MAR,,,,,,,,27,"Mineral fuels, mineral oils and products of their distillation; bituminous substances; mineral waxes",1,No Quantity,0,,,,0,,251849,,,0
H5,2019,2019,2019,2,0,1,Import,788,Tunisia,TUN,528,Netherlands,NLD,,,,,,,,27,"Mineral fuels, mineral oils and products of their distillation; bituminous substances; mineral waxes",1,No Quantity,0,,,,0,,19717181,,,4
H5,2019,2019,2019,2,0,1,Import,788,Tunisia,TUN,616,Poland,POL,,,,,,,,27,"Mineral fuels, mineral oils and products of their distillation; bituminous substances; mineral waxes",1,No Quantity,0,,,,0,,809558,,,0
H5,2019,2019,2019,2,0,1,Import,788,Tunisia,TUN,620,Portugal,PRT,,,,,,,,27,"Mineral fuels, mineral oils and products of their distillation; bituminous substances; mineral waxes",1,No Quantity,0,,,,0,,494974,,,4
H5,2019,2019,2019,2,0,1,Import,788,Tunisia,TUN,642,Romania,ROU,,,,,,,,27,"Mineral fuels, mineral oils and products of their distillation; bituminous substances; mineral waxes",1,No Quantity,0,,,,0,,50391258,,,0
H5,2019,2019,2019,2,0,1,Import,788,Tunisia,TUN,643,Russian Federation,RUS,,,,,,,,27,"Mineral fuels, mineral oils and products of their distillation; bituminous substances; mineral waxes",1,No Quantity,0,,,,0,,292249796,,,0
H5,2019,2019,2019,2,0,1,Import,788,Tunisia,TUN,682,Saudi Arabia,SAU,,,,,,,,27,"Mineral fuels, mineral oils and products of their distillation; bituminous substances; mineral waxes",1,No Quantity,0,,,,0,,72175344,,,0
H5,2019,2019,2019,2,0,1,Import,788,Tunisia,TUN,699,India,IND,,,,,,,,27,"Mineral fuels, mineral oils and products of their distillation; bituminous substances; mineral waxes",1,No Quantity,0,,,,0,,389272,,,0
H5,2019,2019,2019,2,0,1,Import,788,Tunisia,TUN,702,Singapore,SGP,,,,,,,,27,"Mineral fuels, mineral oils and products of their distillation; bituminous substances; mineral waxes",1,No Quantity,0,,,,0,,41529,,,0
H5,2019,2019,2019,2,0,1,Import,788,Tunisia,TUN,705,Slovenia,SVN,,,,,,,,27,"Mineral fuels, mineral oils and products of their distillation; bituminous substances; mineral waxes",1,No Quantity,0,,,,0,,4509,,,0
H5,2019,2019,2019,2,0,1,Import,788,Tunisia,TUN,710,South Africa,ZAF,,,,,,,,27,"Mineral fuels, mineral oils and products of their distillation; bituminous substances; mineral waxes",1,No Quantity,0,,,,0,,111,,,0
H5,2019,2019,2019,2,0,1,Import,788,Tunisia,TUN,724,Spain,ESP,,,,,,,,27,"Mineral fuels, mineral oils and products of their distillation; bituminous substances; mineral waxes",1,No Quantity,0,,,,0,,92253810,,,0
H5,2019,2019,2019,2,0,1,Import,788,Tunisia,TUN,752,Sweden,SWE,,,,,,,,27,"Mineral fuels, mineral oils and products of their distillation; bituminous substances; mineral waxes",1,No Quantity,0,,,,0,,174440,,,0
H5,2019,2019,2019,2,0,1,Import,788,Tunisia,TUN,757,Switzerland,CHE,,,,,,,,27,"Mineral fuels, mineral oils and products of their distillation; bituminous substances; mineral waxes",1,No Quantity,0,,,,0,,38287,,,0
H5,2019,2019,2019,2,0,1,Import,788,Tunisia,TUN,764,Thailand,THA,,,,,,,,27,"Mineral fuels, mineral oils and products of their distillation; bituminous substances; mineral waxes",1,No Quantity,0,,,,0,,7057,,,0
H5,2019,2019,2019,2,0,1,Import,788,Tunisia,TUN,784,United Arab Emirates,ARE,,,,,,,,27,"Mineral fuels, mineral oils and products of their distillation; bituminous substances; mineral waxes",1,No Quantity,0,,,,0,,1313274,,,0
H5,2019,2019,2019,2,0,1,Import,788,Tunisia,TUN,792,Turkey,TUR,,,,,,,,27,"Mineral fuels, mineral oils and products of their distillation; bituminous substances; mineral waxes",1,No Quantity,0,,,,0,,41414462,,,0
H5,2019,2019,2019,2,0,1,Import,788,Tunisia,TUN,804,Ukraine,UKR,,,,,,,,27,"Mineral fuels, mineral oils and products of their distillation; bituminous substances; mineral waxes",1,No Quantity,0,,,,0,,745,,,0
H5,2019,2019,2019,2,0,1,Import,788,Tunisia,TUN,818,Egypt,EGY,,,,,,,,27,"Mineral fuels, mineral oils and products of their distillation; bituminous substances; mineral waxes",1,No Quantity,0,,,,0,,292373068,,,0
H5,2019,2019,2019,2,0,1,Import,788,Tunisia,TUN,826,United Kingdom,GBR,,,,,,,,27,"Mineral fuels, mineral oils and products of their distillation; bituminous substances; mineral waxes",1,No Quantity,0,,,,0,,1121288,,,0
H5,2019,2019,2019,2,0,1,Import,788,Tunisia,TUN,842,USA,USA,,,,,,,,27,"Mineral fuels, mineral oils and products of their distillation; bituminous substances; mineral waxes",1,No Quantity,0,,,,0,,42058206,,,0
H5,2019,2019,2019,2,0,1,Import,788,Tunisia,TUN,899,"Areas, nes",,,,,,,,,27,"Mineral fuels, mineral oils and products of their distillation; bituminous substances; mineral waxes",1,No Quantity,0,,,,0,,200527,,,0
H4,2017,2017,2017,2,0,1,Import,788,Tunisia,TUN,0,World,WLD,,,,,,,,27,"Mineral fuels, mineral oils and products of their distillation; bituminous substances; mineral waxes",1,No Quantity,0,,,,0,,2678569618,,,4
H4,2017,2017,2017,2,0,1,Import,788,Tunisia,TUN,12,Algeria,DZA,,,,,,,,27,"Mineral fuels, mineral oils and products of their distillation; bituminous substances; mineral waxes",1,No Quantity,0,,,,0,,706369898,,,0
H4,2017,2017,2017,2,0,1,Import,788,Tunisia,TUN,31,Azerbaijan,AZE,,,,,,,,27,"Mineral fuels, mineral oils and products of their distillation; bituminous substances; mineral waxes",1,No Quantity,0,,,,0,,325056086,,,0
H4,2017,2017,2017,2,0,1,Import,788,Tunisia,TUN,32,Argentina,ARG,,,,,,,,27,"Mineral fuels, mineral oils and products of their distillation; bituminous substances; mineral waxes",1,No Quantity,0,,,,0,,2796325,,,0
H4,2017,2017,2017,2,0,1,Import,788,Tunisia,TUN,36,Australia,AUS,,,,,,,,27,"Mineral fuels, mineral oils and products of their distillation; bituminous substances; mineral waxes",1,No Quantity,0,,,,0,,8714,,,0
H4,2017,2017,2017,2,0,1,Import,788,Tunisia,TUN,40,Austria,AUT,,,,,,,,27,"Mineral fuels, mineral oils and products of their distillation; bituminous substances; mineral waxes",1,No Quantity,0,,,,0,,17482,,,0
H4,2017,2017,2017,2,0,1,Import,788,Tunisia,TUN,56,Belgium,BEL,,,,,,,,27,"Mineral fuels, mineral oils and products of their distillation; bituminous substances; mineral waxes",1,No Quantity,0,,,,0,,6729038,,,0
H4,2017,2017,2017,2,0,1,Import,788,Tunisia,TUN,100,Bulgaria,BGR,,,,,,,,27,"Mineral fuels, mineral oils and products of their distillation; bituminous substances; mineral waxes",1,No Quantity,0,,,,0,,147350116,,,0
H4,2017,2017,2017,2,0,1,Import,788,Tunisia,TUN,124,Canada,CAN,,,,,,,,27,"Mineral fuels, mineral oils and products of their distillation; bituminous substances; mineral waxes",1,No Quantity,0,,,,0,,56349,,,0
H4,2017,2017,2017,2,0,1,Import,788,Tunisia,TUN,144,Sri Lanka,LKA,,,,,,,,27,"Mineral fuels, mineral oils and products of their distillation; bituminous substances; mineral waxes",1,No Quantity,0,,,,0,,139740,,,0
H4,2017,2017,2017,2,0,1,Import,788,Tunisia,TUN,156,China,CHN,,,,,,,,27,"Mineral fuels, mineral oils and products of their distillation; bituminous substances; mineral waxes",1,No Quantity,0,,,,0,,166782,,,0
H4,2017,2017,2017,2,0,1,Import,788,Tunisia,TUN,170,Colombia,COL,,,,,,,,27,"Mineral fuels, mineral oils and products of their distillation; bituminous substances; mineral waxes",1,No Quantity,0,,,,0,,2595240,,,0
H4,2017,2017,2017,2,0,1,Import,788,Tunisia,TUN,191,Croatia,HRV,,,,,,,,27,"Mineral fuels, mineral oils and products of their distillation; bituminous substances; mineral waxes",1,No Quantity,0,,,,0,,15099181,,,0
H4,2017,2017,2017,2,0,1,Import,788,Tunisia,TUN,203,Czechia,CZE,,,,,,,,27,"Mineral fuels, mineral oils and products of their distillation; bituminous substances; mineral waxes",1,No Quantity,0,,,,0,,773,,,0
H4,2017,2017,2017,2,0,1,Import,788,Tunisia,TUN,208,Denmark,DNK,,,,,,,,27,"Mineral fuels, mineral oils and products of their distillation; bituminous substances; mineral waxes",1,No Quantity,0,,,,0,,339147,,,0
H4,2017,2017,2017,2,0,1,Import,788,Tunisia,TUN,233,Estonia,EST,,,,,,,,27,"Mineral fuels, mineral oils and products of their distillation; bituminous substances; mineral waxes",1,No Quantity,0,,,,0,,16671,,,0
H4,2017,2017,2017,2,0,1,Import,788,Tunisia,TUN,246,Finland,FIN,,,,,,,,27,"Mineral fuels, mineral oils and products of their distillation; bituminous substances; mineral waxes",1,No Quantity,0,,,,0,,8758,,,0
H4,2017,2017,2017,2,0,1,Import,788,Tunisia,TUN,251,France,FRA,,,,,,,,27,"Mineral fuels, mineral oils and products of their distillation; bituminous substances; mineral waxes",1,No Quantity,0,,,,0,,179675977,,,0
H4,2017,2017,2017,2,0,1,Import,788,Tunisia,TUN,276,Germany,DEU,,,,,,,,27,"Mineral fuels, mineral oils and products of their distillation; bituminous substances; mineral waxes",1,No Quantity,0,,,,0,,3949183,,,0
H4,2017,2017,2017,2,0,1,Import,788,Tunisia,TUN,300,Greece,GRC,,,,,,,,27,"Mineral fuels, mineral oils and products of their distillation; bituminous substances; mineral waxes",1,No Quantity,0,,,,0,,56175532,,,0
H4,2017,2017,2017,2,0,1,Import,788,Tunisia,TUN,344,"China, Hong Kong SAR",HKG,,,,,,,,27,"Mineral fuels, mineral oils and products of their distillation; bituminous substances; mineral waxes",1,No Quantity,0,,,,0,,14,,,0
H4,2017,2017,2017,2,0,1,Import,788,Tunisia,TUN,348,Hungary,HUN,,,,,,,,27,"Mineral fuels, mineral oils and products of their distillation; bituminous substances; mineral waxes",1,No Quantity,0,,,,0,,227,,,0
H4,2017,2017,2017,2,0,1,Import,788,Tunisia,TUN,372,Ireland,IRL,,,,,,,,27,"Mineral fuels, mineral oils and products of their distillation; bituminous substances; mineral waxes",1,No Quantity,0,,,,0,,15807,,,0
H4,2017,2017,2017,2,0,1,Import,788,Tunisia,TUN,381,Italy,ITA,,,,,,,,27,"Mineral fuels, mineral oils and products of their distillation; bituminous substances; mineral waxes",1,No Quantity,0,,,,0,,545798275,,,0
H4,2017,2017,2017,2,0,1,Import,788,Tunisia,TUN,392,Japan,JPN,,,,,,,,27,"Mineral fuels, mineral oils and products of their distillation; bituminous substances; mineral waxes",1,No Quantity,0,,,,0,,53631,,,0
H4,2017,2017,2017,2,0,1,Import,788,Tunisia,TUN,398,Kazakhstan,KAZ,,,,,,,,27,"Mineral fuels, mineral oils and products of their distillation; bituminous substances; mineral waxes",1,No Quantity,0,,,,0,,4952093,,,0
H4,2017,2017,2017,2,0,1,Import,788,Tunisia,TUN,410,Rep. of Korea,KOR,,,,,,,,27,"Mineral fuels, mineral oils and products of their distillation; bituminous substances; mineral waxes",1,No Quantity,0,,,,0,,575270,,,0
H4,2017,2017,2017,2,0,1,Import,788,Tunisia,TUN,428,Latvia,LVA,,,,,,,,27,"Mineral fuels, mineral oils and products of their distillation; bituminous substances; mineral waxes",1,No Quantity,0,,,,0,,758507,,,0
H4,2017,2017,2017,2,0,1,Import,788,Tunisia,TUN,434,Libya,LBY,,,,,,,,27,"Mineral fuels, mineral oils and products of their distillation; bituminous substances; mineral waxes",1,No Quantity,0,,,,0,,9881874,,,0
H4,2017,2017,2017,2,0,1,Import,788,Tunisia,TUN,440,Lithuania,LTU,,,,,,,,27,"Mineral fuels, mineral oils and products of their distillation; bituminous substances; mineral waxes",1,No Quantity,0,,,,0,,1630663,,,0
H4,2017,2017,2017,2,0,1,Import,788,Tunisia,TUN,470,Malta,MLT,,,,,,,,27,"Mineral fuels, mineral oils and products of their distillation; bituminous substances; mineral waxes",1,No Quantity,0,,,,0,,58978276,,,0
H4,2017,2017,2017,2,0,1,Import,788,Tunisia,TUN,484,Mexico,MEX,,,,,,,,27,"Mineral fuels, mineral oils and products of their distillation; bituminous substances; mineral waxes",1,No Quantity,0,,,,0,,22,,,0
H4,2017,2017,2017,2,0,1,Import,788,Tunisia,TUN,490,"Other Asia, nes",,,,,,,,,27,"Mineral fuels, mineral oils and products of their distillation; bituminous substances; mineral waxes",1,No Quantity,0,,,,0,,55,,,0
H4,2017,2017,2017,2,0,1,Import,788,Tunisia,TUN,504,Morocco,MAR,,,,,,,,27,"Mineral fuels, mineral oils and products of their distillation; bituminous substances; mineral waxes",1,No Quantity,0,,,,0,,924242,,,0
H4,2017,2017,2017,2,0,1,Import,788,Tunisia,TUN,528,Netherlands,NLD,,,,,,,,27,"Mineral fuels, mineral oils and products of their distillation; bituminous substances; mineral waxes",1,No Quantity,0,,,,0,,2313853,,,0
H4,2017,2017,2017,2,0,1,Import,788,Tunisia,TUN,579,Norway,NOR,,,,,,,,27,"Mineral fuels, mineral oils and products of their distillation; bituminous substances; mineral waxes",1,No Quantity,0,,,,0,,2130242,,,0
H4,2017,2017,2017,2,0,1,Import,788,Tunisia,TUN,616,Poland,POL,,,,,,,,27,"Mineral fuels, mineral oils and products of their distillation; bituminous substances; mineral waxes",1,No Quantity,0,,,,0,,271575,,,0
H4,2017,2017,2017,2,0,1,Import,788,Tunisia,TUN,620,Portugal,PRT,,,,,,,,27,"Mineral fuels, mineral oils and products of their distillation; bituminous substances; mineral waxes",1,No Quantity,0,,,,0,,3664322,,,0
H4,2017,2017,2017,2,0,1,Import,788,Tunisia,TUN,642,Romania,ROU,,,,,,,,27,"Mineral fuels, mineral oils and products of their distillation; bituminous substances; mineral waxes",1,No Quantity,0,,,,0,,3896163,,,0
H4,2017,2017,2017,2,0,1,Import,788,Tunisia,TUN,643,Russian Federation,RUS,,,,,,,,27,"Mineral fuels, mineral oils and products of their distillation; bituminous substances; mineral waxes",1,No Quantity,0,,,,0,,175538035,,,0
H4,2017,2017,2017,2,0,1,Import,788,Tunisia,TUN,699,India,IND,,,,,,,,27,"Mineral fuels, mineral oils and products of their distillation; bituminous substances; mineral waxes",1,No Quantity,0,,,,0,,835530,,,0
H4,2017,2017,2017,2,0,1,Import,788,Tunisia,TUN,702,Singapore,SGP,,,,,,,,27,"Mineral fuels, mineral oils and products of their distillation; bituminous substances; mineral waxes",1,No Quantity,0,,,,0,,67101,,,0
H4,2017,2017,2017,2,0,1,Import,788,Tunisia,TUN,710,South Africa,ZAF,,,,,,,,27,"Mineral fuels, mineral oils and products of their distillation; bituminous substances; mineral waxes",1,No Quantity,0,,,,0,,1993,,,0
H4,2017,2017,2017,2,0,1,Import,788,Tunisia,TUN,724,Spain,ESP,,,,,,,,27,"Mineral fuels, mineral oils and products of their distillation; bituminous substances; mineral waxes",1,No Quantity,0,,,,0,,101830437,,,0
H4,2017,2017,2017,2,0,1,Import,788,Tunisia,TUN,752,Sweden,SWE,,,,,,,,27,"Mineral fuels, mineral oils and products of their distillation; bituminous substances; mineral waxes",1,No Quantity,0,,,,0,,312252,,,0
H4,2017,2017,2017,2,0,1,Import,788,Tunisia,TUN,757,Switzerland,CHE,,,,,,,,27,"Mineral fuels, mineral oils and products of their distillation; bituminous substances; mineral waxes",1,No Quantity,0,,,,0,,19249,,,0
H4,2017,2017,2017,2,0,1,Import,788,Tunisia,TUN,764,Thailand,THA,,,,,,,,27,"Mineral fuels, mineral oils and products of their distillation; bituminous substances; mineral waxes",1,No Quantity,0,,,,0,,5197,,,0
H4,2017,2017,2017,2,0,1,Import,788,Tunisia,TUN,784,United Arab Emirates,ARE,,,,,,,,27,"Mineral fuels, mineral oils and products of their distillation; bituminous substances; mineral waxes",1,No Quantity,0,,,,0,,732915,,,0
H4,2017,2017,2017,2,0,1,Import,788,Tunisia,TUN,792,Turkey,TUR,,,,,,,,27,"Mineral fuels, mineral oils and products of their distillation; bituminous substances; mineral waxes",1,No Quantity,0,,,,0,,2571697,,,0
H4,2017,2017,2017,2,0,1,Import,788,Tunisia,TUN,818,Egypt,EGY,,,,,,,,27,"Mineral fuels, mineral oils and products of their distillation; bituminous substances; mineral waxes",1,No Quantity,0,,,,0,,165488957,,,0
H4,2017,2017,2017,2,0,1,Import,788,Tunisia,TUN,826,United Kingdom,GBR,,,,,,,,27,"Mineral fuels, mineral oils and products of their distillation; bituminous substances; mineral waxes",1,No Quantity,0,,,,0,,14075180,,,4
H4,2017,2017,2017,2,0,1,Import,788,Tunisia,TUN,834,United Rep. of Tanzania,TZA,,,,,,,,27,"Mineral fuels, mineral oils and products of their distillation; bituminous substances; mineral waxes",1,No Quantity,0,,,,0,,20374,,,0
H4,2017,2017,2017,2,0,1,Import,788,Tunisia,TUN,842,USA,USA,,,,,,,,27,"Mineral fuels, mineral oils and products of their distillation; bituminous substances; mineral waxes",1,No Quantity,0,,,,0,,134628093,,,0
H4,2017,2017,2017,2,0,1,Import,788,Tunisia,TUN,862,Venezuela,VEN,,,,,,,,27,"Mineral fuels, mineral oils and products of their distillation; bituminous substances; mineral waxes",1,No Quantity,0,,,,0,,12204,,,0
H4,2017,2017,2017,2,0,1,Import,788,Tunisia,TUN,899,"Areas, nes",,,,,,,,,27,"Mineral fuels, mineral oils and products of their distillation; bituminous substances; mineral waxes",1,No Quantity,0,,,,0,,34268,,,0
H4,2012,2012,2012,2,0,1,Import,788,Tunisia,TUN,0,World,WLD,,,,,,,,27,"Mineral fuels, mineral oils and products of their distillation; bituminous substances; mineral waxes",1,No Quantity,,,,,,,4257502628,,,0
H4,2012,2012,2012,2,0,1,Import,788,Tunisia,TUN,12,Algeria,DZA,,,,,,,,27,"Mineral fuels, mineral oils and products of their distillation; bituminous substances; mineral waxes",1,No Quantity,,,,,,,948279455,,,0
H4,2012,2012,2012,2,0,1,Import,788,Tunisia,TUN,31,Azerbaijan,AZE,,,,,,,,27,"Mineral fuels, mineral oils and products of their distillation; bituminous substances; mineral waxes",1,No Quantity,,,,,,,603027152,,,0
H4,2012,2012,2012,2,0,1,Import,788,Tunisia,TUN,40,Austria,AUT,,,,,,,,27,"Mineral fuels, mineral oils and products of their distillation; bituminous substances; mineral waxes",1,No Quantity,,,,,,,342435,,,0
H4,2012,2012,2012,2,0,1,Import,788,Tunisia,TUN,44,Bahamas,BHS,,,,,,,,27,"Mineral fuels, mineral oils and products of their distillation; bituminous substances; mineral waxes",1,No Quantity,,,,,,,21660822,,,0
H4,2012,2012,2012,2,0,1,Import,788,Tunisia,TUN,56,Belgium,BEL,,,,,,,,27,"Mineral fuels, mineral oils and products of their distillation; bituminous substances; mineral waxes",1,No Quantity,,,,,,,34994582,,,0
H4,2012,2012,2012,2,0,1,Import,788,Tunisia,TUN,100,Bulgaria,BGR,,,,,,,,27,"Mineral fuels, mineral oils and products of their distillation; bituminous substances; mineral waxes",1,No Quantity,,,,,,,108948417,,,0
H4,2012,2012,2012,2,0,1,Import,788,Tunisia,TUN,124,Canada,CAN,,,,,,,,27,"Mineral fuels, mineral oils and products of their distillation; bituminous substances; mineral waxes",1,No Quantity,,,,,,,27012,,,0
H4,2012,2012,2012,2,0,1,Import,788,Tunisia,TUN,156,China,CHN,,,,,,,,27,"Mineral fuels, mineral oils and products of their distillation; bituminous substances; mineral waxes",1,No Quantity,,,,,,,46699,,,0
H4,2012,2012,2012,2,0,1,Import,788,Tunisia,TUN,191,Croatia,HRV,,,,,,,,27,"Mineral fuels, mineral oils and products of their distillation; bituminous substances; mineral waxes",1,No Quantity,,,,,,,103592238,,,0
H4,2012,2012,2012,2,0,1,Import,788,Tunisia,TUN,208,Denmark,DNK,,,,,,,,27,"Mineral fuels, mineral oils and products of their distillation; bituminous substances; mineral waxes",1,No Quantity,,,,,,,116205,,,0
H4,2012,2012,2012,2,0,1,Import,788,Tunisia,TUN,233,Estonia,EST,,,,,,,,27,"Mineral fuels, mineral oils and products of their distillation; bituminous substances; mineral waxes",1,No Quantity,,,,,,,39163,,,0
H4,2012,2012,2012,2,0,1,Import,788,Tunisia,TUN,246,Finland,FIN,,,,,,,,27,"Mineral fuels, mineral oils and products of their distillation; bituminous substances; mineral waxes",1,No Quantity,,,,,,,28343,,,0
H4,2012,2012,2012,2,0,1,Import,788,Tunisia,TUN,251,France,FRA,,,,,,,,27,"Mineral fuels, mineral oils and products of their distillation; bituminous substances; mineral waxes",1,No Quantity,,,,,,,219962058,,,0
H4,2012,2012,2012,2,0,1,Import,788,Tunisia,TUN,276,Germany,DEU,,,,,,,,27,"Mineral fuels, mineral oils and products of their distillation; bituminous substances; mineral waxes",1,No Quantity,,,,,,,32464281,,,0
H4,2012,2012,2012,2,0,1,Import,788,Tunisia,TUN,300,Greece,GRC,,,,,,,,27,"Mineral fuels, mineral oils and products of their distillation; bituminous substances; mineral waxes",1,No Quantity,,,,,,,90197031,,,0
H4,2012,2012,2012,2,0,1,Import,788,Tunisia,TUN,360,Indonesia,IDN,,,,,,,,27,"Mineral fuels, mineral oils and products of their distillation; bituminous substances; mineral waxes",1,No Quantity,,,,,,,54846,,,0
H4,2012,2012,2012,2,0,1,Import,788,Tunisia,TUN,372,Ireland,IRL,,,,,,,,27,"Mineral fuels, mineral oils and products of their distillation; bituminous substances; mineral waxes",1,No Quantity,,,,,,,1056,,,0
H4,2012,2012,2012,2,0,1,Import,788,Tunisia,TUN,381,Italy,ITA,,,,,,,,27,"Mineral fuels, mineral oils and products of their distillation; bituminous substances; mineral waxes",1,No Quantity,,,,,,,383345715,,,0
H4,2012,2012,2012,2,0,1,Import,788,Tunisia,TUN,392,Japan,JPN,,,,,,,,27,"Mineral fuels, mineral oils and products of their distillation; bituminous substances; mineral waxes",1,No Quantity,,,,,,,112737,,,0
H4,2012,2012,2012,2,0,1,Import,788,Tunisia,TUN,410,Rep. of Korea,KOR,,,,,,,,27,"Mineral fuels, mineral oils and products of their distillation; bituminous substances; mineral waxes",1,No Quantity,,,,,,,140381,,,0
H4,2012,2012,2012,2,0,1,Import,788,Tunisia,TUN,414,Kuwait,KWT,,,,,,,,27,"Mineral fuels, mineral oils and products of their distillation; bituminous substances; mineral waxes",1,No Quantity,,,,,,,3584268,,,0
H4,2012,2012,2012,2,0,1,Import,788,Tunisia,TUN,428,Latvia,LVA,,,,,,,,27,"Mineral fuels, mineral oils and products of their distillation; bituminous substances; mineral waxes",1,No Quantity,,,,,,,320864,,,0
H4,2012,2012,2012,2,0,1,Import,788,Tunisia,TUN,434,Libya,LBY,,,,,,,,27,"Mineral fuels, mineral oils and products of their distillation; bituminous substances; mineral waxes",1,No Quantity,,,,,,,305326290,,,0
H4,2012,2012,2012,2,0,1,Import,788,Tunisia,TUN,440,Lithuania,LTU,,,,,,,,27,"Mineral fuels, mineral oils and products of their distillation; bituminous substances; mineral waxes",1,No Quantity,,,,,,,918202,,,0
H4,2012,2012,2012,2,0,1,Import,788,Tunisia,TUN,458,Malaysia,MYS,,,,,,,,27,"Mineral fuels, mineral oils and products of their distillation; bituminous substances; mineral waxes",1,No Quantity,,,,,,,251,,,0
H4,2012,2012,2012,2,0,1,Import,788,Tunisia,TUN,470,Malta,MLT,,,,,,,,27,"Mineral fuels, mineral oils and products of their distillation; bituminous substances; mineral waxes",1,No Quantity,,,,,,,340468828,,,0
H4,2012,2012,2012,2,0,1,Import,788,Tunisia,TUN,484,Mexico,MEX,,,,,,,,27,"Mineral fuels, mineral oils and products of their distillation; bituminous substances; mineral waxes",1,No Quantity,,,,,,,6002216,,,0
H4,2012,2012,2012,2,0,1,Import,788,Tunisia,TUN,528,Netherlands,NLD,,,,,,,,27,"Mineral fuels, mineral oils and products of their distillation; bituminous substances; mineral waxes",1,No Quantity,,,,,,,110065468,,,0
H4,2012,2012,2012,2,0,1,Import,788,Tunisia,TUN,554,New Zealand,NZL,,,,,,,,27,"Mineral fuels, mineral oils and products of their distillation; bituminous substances; mineral waxes",1,No Quantity,,,,,,,1119,,,0
H4,2012,2012,2012,2,0,1,Import,788,Tunisia,TUN,579,Norway,NOR,,,,,,,,27,"Mineral fuels, mineral oils and products of their distillation; bituminous substances; mineral waxes",1,No Quantity,,,,,,,526,,,0
H4,2012,2012,2012,2,0,1,Import,788,Tunisia,TUN,616,Poland,POL,,,,,,,,27,"Mineral fuels, mineral oils and products of their distillation; bituminous substances; mineral waxes",1,No Quantity,,,,,,,770591,,,0
H4,2012,2012,2012,2,0,1,Import,788,Tunisia,TUN,620,Portugal,PRT,,,,,,,,27,"Mineral fuels, mineral oils and products of their distillation; bituminous substances; mineral waxes",1,No Quantity,,,,,,,64629,,,0
H4,2012,2012,2012,2,0,1,Import,788,Tunisia,TUN,634,Qatar,QAT,,,,,,,,27,"Mineral fuels, mineral oils and products of their distillation; bituminous substances; mineral waxes",1,No Quantity,,,,,,,87593,,,0
H4,2012,2012,2012,2,0,1,Import,788,Tunisia,TUN,642,Romania,ROU,,,,,,,,27,"Mineral fuels, mineral oils and products of their distillation; bituminous substances; mineral waxes",1,No Quantity,,,,,,,13811438,,,0
H4,2012,2012,2012,2,0,1,Import,788,Tunisia,TUN,643,Russian Federation,RUS,,,,,,,,27,"Mineral fuels, mineral oils and products of their distillation; bituminous substances; mineral waxes",1,No Quantity,,,,,,,561216046,,,0
H4,2012,2012,2012,2,0,1,Import,788,Tunisia,TUN,682,Saudi Arabia,SAU,,,,,,,,27,"Mineral fuels, mineral oils and products of their distillation; bituminous substances; mineral waxes",1,No Quantity,,,,,,,6448489,,,0
H4,2012,2012,2012,2,0,1,Import,788,Tunisia,TUN,699,India,IND,,,,,,,,27,"Mineral fuels, mineral oils and products of their distillation; bituminous substances; mineral waxes",1,No Quantity,,,,,,,1168566,,,0
H4,2012,2012,2012,2,0,1,Import,788,Tunisia,TUN,702,Singapore,SGP,,,,,,,,27,"Mineral fuels, mineral oils and products of their distillation; bituminous substances; mineral waxes",1,No Quantity,,,,,,,1444,,,0
H4,2012,2012,2012,2,0,1,Import,788,Tunisia,TUN,703,Slovakia,SVK,,,,,,,,27,"Mineral fuels, mineral oils and products of their distillation; bituminous substances; mineral waxes",1,No Quantity,,,,,,,2162,,,0
H4,2012,2012,2012,2,0,1,Import,788,Tunisia,TUN,724,Spain,ESP,,,,,,,,27,"Mineral fuels, mineral oils and products of their distillation; bituminous substances; mineral waxes",1,No Quantity,,,,,,,127314161,,,0
H4,2012,2012,2012,2,0,1,Import,788,Tunisia,TUN,752,Sweden,SWE,,,,,,,,27,"Mineral fuels, mineral oils and products of their distillation; bituminous substances; mineral waxes",1,No Quantity,,,,,,,1089142,,,0
H4,2012,2012,2012,2,0,1,Import,788,Tunisia,TUN,757,Switzerland,CHE,,,,,,,,27,"Mineral fuels, mineral oils and products of their distillation; bituminous substances; mineral waxes",1,No Quantity,,,,,,,112946,,,0
H4,2012,2012,2012,2,0,1,Import,788,Tunisia,TUN,784,United Arab Emirates,ARE,,,,,,,,27,"Mineral fuels, mineral oils and products of their distillation; bituminous substances; mineral waxes",1,No Quantity,,,,,,,1827133,,,0
H4,2012,2012,2012,2,0,1,Import,788,Tunisia,TUN,792,Turkey,TUR,,,,,,,,27,"Mineral fuels, mineral oils and products of their distillation; bituminous substances; mineral waxes",1,No Quantity,,,,,,,21396174,,,0
H4,2012,2012,2012,2,0,1,Import,788,Tunisia,TUN,804,Ukraine,UKR,,,,,,,,27,"Mineral fuels, mineral oils and products of their distillation; bituminous substances; mineral waxes",1,No Quantity,,,,,,,201118,,,0
H4,2012,2012,2012,2,0,1,Import,788,Tunisia,TUN,818,Egypt,EGY,,,,,,,,27,"Mineral fuels, mineral oils and products of their distillation; bituminous substances; mineral waxes",1,No Quantity,,,,,,,95133903,,,0
H4,2012,2012,2012,2,0,1,Import,788,Tunisia,TUN,826,United Kingdom,GBR,,,,,,,,27,"Mineral fuels, mineral oils and products of their distillation; bituminous substances; mineral waxes",1,No Quantity,,,,,,,22365702,,,0
H4,2012,2012,2012,2,0,1,Import,788,Tunisia,TUN,842,USA,USA,,,,,,,,27,"Mineral fuels, mineral oils and products of their distillation; bituminous substances; mineral waxes",1,No Quantity,,,,,,,72846459,,,0
H4,2012,2012,2012,2,0,1,Import,788,Tunisia,TUN,862,Venezuela,VEN,,,,,,,,27,"Mineral fuels, mineral oils and products of their distillation; bituminous substances; mineral waxes",1,No Quantity,,,,,,,17419849,,,0
H4,2012,2012,2012,2,0,1,Import,788,Tunisia,TUN,899,"Areas, nes",,,,,,,,,27,"Mineral fuels, mineral oils and products of their distillation; bituminous substances; mineral waxes",1,No Quantity,,,,,,,156421,,,0
H4,2013,2013,2013,2,0,1,Import,788,Tunisia,TUN,0,World,WLD,,,,,,,,27,"Mineral fuels, mineral oils and products of their distillation; bituminous substances; mineral waxes",1,No Quantity,,,,,,,4318396119,,,0
H4,2013,2013,2013,2,0,1,Import,788,Tunisia,TUN,12,Algeria,DZA,,,,,,,,27,"Mineral fuels, mineral oils and products of their distillation; bituminous substances; mineral waxes",1,No Quantity,,,,,,,1151425850,,,0
H4,2013,2013,2013,2,0,1,Import,788,Tunisia,TUN,31,Azerbaijan,AZE,,,,,,,,27,"Mineral fuels, mineral oils and products of their distillation; bituminous substances; mineral waxes",1,No Quantity,,,,,,,774019379,,,0
H4,2013,2013,2013,2,0,1,Import,788,Tunisia,TUN,36,Australia,AUS,,,,,,,,27,"Mineral fuels, mineral oils and products of their distillation; bituminous substances; mineral waxes",1,No Quantity,,,,,,,206,,,0
H4,2013,2013,2013,2,0,1,Import,788,Tunisia,TUN,40,Austria,AUT,,,,,,,,27,"Mineral fuels, mineral oils and products of their distillation; bituminous substances; mineral waxes",1,No Quantity,,,,,,,213897,,,0
H4,2013,2013,2013,2,0,1,Import,788,Tunisia,TUN,56,Belgium,BEL,,,,,,,,27,"Mineral fuels, mineral oils and products of their distillation; bituminous substances; mineral waxes",1,No Quantity,,,,,,,5490436,,,0
H4,2013,2013,2013,2,0,1,Import,788,Tunisia,TUN,100,Bulgaria,BGR,,,,,,,,27,"Mineral fuels, mineral oils and products of their distillation; bituminous substances; mineral waxes",1,No Quantity,,,,,,,173063522,,,0
H4,2013,2013,2013,2,0,1,Import,788,Tunisia,TUN,124,Canada,CAN,,,,,,,,27,"Mineral fuels, mineral oils and products of their distillation; bituminous substances; mineral waxes",1,No Quantity,,,,,,,14822,,,0
H4,2013,2013,2013,2,0,1,Import,788,Tunisia,TUN,156,China,CHN,,,,,,,,27,"Mineral fuels, mineral oils and products of their distillation; bituminous substances; mineral waxes",1,No Quantity,,,,,,,410288,,,0
H4,2013,2013,2013,2,0,1,Import,788,Tunisia,TUN,170,Colombia,COL,,,,,,,,27,"Mineral fuels, mineral oils and products of their distillation; bituminous substances; mineral waxes",1,No Quantity,,,,,,,7247,,,0
H4,2013,2013,2013,2,0,1,Import,788,Tunisia,TUN,191,Croatia,HRV,,,,,,,,27,"Mineral fuels, mineral oils and products of their distillation; bituminous substances; mineral waxes",1,No Quantity,,,,,,,51739507,,,0
H4,2013,2013,2013,2,0,1,Import,788,Tunisia,TUN,203,Czechia,CZE,,,,,,,,27,"Mineral fuels, mineral oils and products of their distillation; bituminous substances; mineral waxes",1,No Quantity,,,,,,,27,,,0
H4,2013,2013,2013,2,0,1,Import,788,Tunisia,TUN,208,Denmark,DNK,,,,,,,,27,"Mineral fuels, mineral oils and products of their distillation; bituminous substances; mineral waxes",1,No Quantity,,,,,,,63792,,,0
H4,2013,2013,2013,2,0,1,Import,788,Tunisia,TUN,233,Estonia,EST,,,,,,,,27,"Mineral fuels, mineral oils and products of their distillation; bituminous substances; mineral waxes",1,No Quantity,,,,,,,80391,,,0
H4,2013,2013,2013,2,0,1,Import,788,Tunisia,TUN,246,Finland,FIN,,,,,,,,27,"Mineral fuels, mineral oils and products of their distillation; bituminous substances; mineral waxes",1,No Quantity,,,,,,,7529,,,0
H4,2013,2013,2013,2,0,1,Import,788,Tunisia,TUN,251,France,FRA,,,,,,,,27,"Mineral fuels, mineral oils and products of their distillation; bituminous substances; mineral waxes",1,No Quantity,,,,,,,210780374,,,0
H4,2013,2013,2013,2,0,1,Import,788,Tunisia,TUN,270,Gambia,GMB,,,,,,,,27,"Mineral fuels, mineral oils and products of their distillation; bituminous substances; mineral waxes",1,No Quantity,,,,,,,31222,,,0
H4,2013,2013,2013,2,0,1,Import,788,Tunisia,TUN,276,Germany,DEU,,,,,,,,27,"Mineral fuels, mineral oils and products of their distillation; bituminous substances; mineral waxes",1,No Quantity,,,,,,,5339764,,,0
H4,2013,2013,2013,2,0,1,Import,788,Tunisia,TUN,292,Gibraltar,GIB,,,,,,,,27,"Mineral fuels, mineral oils and products of their distillation; bituminous substances; mineral waxes",1,No Quantity,,,,,,,43798446,,,0
H4,2013,2013,2013,2,0,1,Import,788,Tunisia,TUN,300,Greece,GRC,,,,,,,,27,"Mineral fuels, mineral oils and products of their distillation; bituminous substances; mineral waxes",1,No Quantity,,,,,,,57910519,,,0
H4,2013,2013,2013,2,0,1,Import,788,Tunisia,TUN,360,Indonesia,IDN,,,,,,,,27,"Mineral fuels, mineral oils and products of their distillation; bituminous substances; mineral waxes",1,No Quantity,,,,,,,40900,,,0
H4,2013,2013,2013,2,0,1,Import,788,Tunisia,TUN,372,Ireland,IRL,,,,,,,,27,"Mineral fuels, mineral oils and products of their distillation; bituminous substances; mineral waxes",1,No Quantity,,,,,,,3012,,,0
H4,2013,2013,2013,2,0,1,Import,788,Tunisia,TUN,381,Italy,ITA,,,,,,,,27,"Mineral fuels, mineral oils and products of their distillation; bituminous substances; mineral waxes",1,No Quantity,,,,,,,518139488,,,0
H4,2013,2013,2013,2,0,1,Import,788,Tunisia,TUN,392,Japan,JPN,,,,,,,,27,"Mineral fuels, mineral oils and products of their distillation; bituminous substances; mineral waxes",1,No Quantity,,,,,,,43518,,,0
H4,2013,2013,2013,2,0,1,Import,788,Tunisia,TUN,398,Kazakhstan,KAZ,,,,,,,,27,"Mineral fuels, mineral oils and products of their distillation; bituminous substances; mineral waxes",1,No Quantity,,,,,,,3147607,,,0
H4,2013,2013,2013,2,0,1,Import,788,Tunisia,TUN,410,Rep. of Korea,KOR,,,,,,,,27,"Mineral fuels, mineral oils and products of their distillation; bituminous substances; mineral waxes",1,No Quantity,,,,,,,360615,,,0
H4,2013,2013,2013,2,0,1,Import,788,Tunisia,TUN,428,Latvia,LVA,,,,,,,,27,"Mineral fuels, mineral oils and products of their distillation; bituminous substances; mineral waxes",1,No Quantity,,,,,,,447489,,,0
H4,2013,2013,2013,2,0,1,Import,788,Tunisia,TUN,434,Libya,LBY,,,,,,,,27,"Mineral fuels, mineral oils and products of their distillation; bituminous substances; mineral waxes",1,No Quantity,,,,,,,398603791,,,0
H4,2013,2013,2013,2,0,1,Import,788,Tunisia,TUN,440,Lithuania,LTU,,,,,,,,27,"Mineral fuels, mineral oils and products of their distillation; bituminous substances; mineral waxes",1,No Quantity,,,,,,,1192544,,,0
H4,2013,2013,2013,2,0,1,Import,788,Tunisia,TUN,470,Malta,MLT,,,,,,,,27,"Mineral fuels, mineral oils and products of their distillation; bituminous substances; mineral waxes",1,No Quantity,,,,,,,193778884,,,0
H4,2013,2013,2013,2,0,1,Import,788,Tunisia,TUN,504,Morocco,MAR,,,,,,,,27,"Mineral fuels, mineral oils and products of their distillation; bituminous substances; mineral waxes",1,No Quantity,,,,,,,211828,,,0
H4,2013,2013,2013,2,0,1,Import,788,Tunisia,TUN,528,Netherlands,NLD,,,,,,,,27,"Mineral fuels, mineral oils and products of their distillation; bituminous substances; mineral waxes",1,No Quantity,,,,,,,3764252,,,0
H4,2013,2013,2013,2,0,1,Import,788,Tunisia,TUN,579,Norway,NOR,,,,,,,,27,"Mineral fuels, mineral oils and products of their distillation; bituminous substances; mineral waxes",1,No Quantity,,,,,,,1074,,,0
H4,2013,2013,2013,2,0,1,Import,788,Tunisia,TUN,586,Pakistan,PAK,,,,,,,,27,"Mineral fuels, mineral oils and products of their distillation; bituminous substances; mineral waxes",1,No Quantity,,,,,,,591,,,0
H4,2013,2013,2013,2,0,1,Import,788,Tunisia,TUN,616,Poland,POL,,,,,,,,27,"Mineral fuels, mineral oils and products of their distillation; bituminous substances; mineral waxes",1,No Quantity,,,,,,,495231,,,0
H4,2013,2013,2013,2,0,1,Import,788,Tunisia,TUN,620,Portugal,PRT,,,,,,,,27,"Mineral fuels, mineral oils and products of their distillation; bituminous substances; mineral waxes",1,No Quantity,,,,,,,124557,,,0
H4,2013,2013,2013,2,0,1,Import,788,Tunisia,TUN,634,Qatar,QAT,,,,,,,,27,"Mineral fuels, mineral oils and products of their distillation; bituminous substances; mineral waxes",1,No Quantity,,,,,,,312847,,,0
H4,2013,2013,2013,2,0,1,Import,788,Tunisia,TUN,643,Russian Federation,RUS,,,,,,,,27,"Mineral fuels, mineral oils and products of their distillation; bituminous substances; mineral waxes",1,No Quantity,,,,,,,350906639,,,0
H4,2013,2013,2013,2,0,1,Import,788,Tunisia,TUN,682,Saudi Arabia,SAU,,,,,,,,27,"Mineral fuels, mineral oils and products of their distillation; bituminous substances; mineral waxes",1,No Quantity,,,,,,,349913,,,0
H4,2013,2013,2013,2,0,1,Import,788,Tunisia,TUN,699,India,IND,,,,,,,,27,"Mineral fuels, mineral oils and products of their distillation; bituminous substances; mineral waxes",1,No Quantity,,,,,,,523409,,,0
H4,2013,2013,2013,2,0,1,Import,788,Tunisia,TUN,702,Singapore,SGP,,,,,,,,27,"Mineral fuels, mineral oils and products of their distillation; bituminous substances; mineral waxes",1,No Quantity,,,,,,,109973,,,0
H4,2013,2013,2013,2,0,1,Import,788,Tunisia,TUN,724,Spain,ESP,,,,,,,,27,"Mineral fuels, mineral oils and products of their distillation; bituminous substances; mineral waxes",1,No Quantity,,,,,,,163366202,,,0
H4,2013,2013,2013,2,0,1,Import,788,Tunisia,TUN,752,Sweden,SWE,,,,,,,,27,"Mineral fuels, mineral oils and products of their distillation; bituminous substances; mineral waxes",1,No Quantity,,,,,,,1360522,,,0
H4,2013,2013,2013,2,0,1,Import,788,Tunisia,TUN,757,Switzerland,CHE,,,,,,,,27,"Mineral fuels, mineral oils and products of their distillation; bituminous substances; mineral waxes",1,No Quantity,,,,,,,8497,,,0
H4,2013,2013,2013,2,0,1,Import,788,Tunisia,TUN,764,Thailand,THA,,,,,,,,27,"Mineral fuels, mineral oils and products of their distillation; bituminous substances; mineral waxes",1,No Quantity,,,,,,,910,,,0
H4,2013,2013,2013,2,0,1,Import,788,Tunisia,TUN,784,United Arab Emirates,ARE,,,,,,,,27,"Mineral fuels, mineral oils and products of their distillation; bituminous substances; mineral waxes",1,No Quantity,,,,,,,1203644,,,0
H4,2013,2013,2013,2,0,1,Import,788,Tunisia,TUN,792,Turkey,TUR,,,,,,,,27,"Mineral fuels, mineral oils and products of their distillation; bituminous substances; mineral waxes",1,No Quantity,,,,,,,1928832,,,0
H4,2013,2013,2013,2,0,1,Import,788,Tunisia,TUN,804,Ukraine,UKR,,,,,,,,27,"Mineral fuels, mineral oils and products of their distillation; bituminous substances; mineral waxes",1,No Quantity,,,,,,,3462129,,,0
H4,2013,2013,2013,2,0,1,Import,788,Tunisia,TUN,818,Egypt,EGY,,,,,,,,27,"Mineral fuels, mineral oils and products of their distillation; bituminous substances; mineral waxes",1,No Quantity,,,,,,,90788844,,,0
H4,2013,2013,2013,2,0,1,Import,788,Tunisia,TUN,826,United Kingdom,GBR,,,,,,,,27,"Mineral fuels, mineral oils and products of their distillation; bituminous substances; mineral waxes",1,No Quantity,,,,,,,5069030,,,0
H4,2013,2013,2013,2,0,1,Import,788,Tunisia,TUN,842,USA,USA,,,,,,,,27,"Mineral fuels, mineral oils and products of their distillation; bituminous substances; mineral waxes",1,No Quantity,,,,,,,103929435,,,0
H4,2013,2013,2013,2,0,1,Import,788,Tunisia,TUN,862,Venezuela,VEN,,,,,,,,27,"Mineral fuels, mineral oils and products of their distillation; bituminous substances; mineral waxes",1,No Quantity,,,,,,,13011,,,0
H4,2013,2013,2013,2,0,1,Import,788,Tunisia,TUN,899,"Areas, nes",,,,,,,,,27,"Mineral fuels, mineral oils and products of their distillation; bituminous substances; mineral waxes",1,No Quantity,,,,,,,309683,,,0
H4,2014,2014,2014,2,0,1,Import,788,Tunisia,TUN,0,World,WLD,,,,,,,,27,"Mineral fuels, mineral oils and products of their distillation; bituminous substances; mineral waxes",1,No Quantity,,,,,,,4535935756,,,0
H4,2014,2014,2014,2,0,1,Import,788,Tunisia,TUN,8,Albania,ALB,,,,,,,,27,"Mineral fuels, mineral oils and products of their distillation; bituminous substances; mineral waxes",1,No Quantity,,,,,,,1395049,,,0
H4,2014,2014,2014,2,0,1,Import,788,Tunisia,TUN,12,Algeria,DZA,,,,,,,,27,"Mineral fuels, mineral oils and products of their distillation; bituminous substances; mineral waxes",1,No Quantity,,,,,,,1493937136,,,0
H4,2014,2014,2014,2,0,1,Import,788,Tunisia,TUN,31,Azerbaijan,AZE,,,,,,,,27,"Mineral fuels, mineral oils and products of their distillation; bituminous substances; mineral waxes",1,No Quantity,,,,,,,846655132,,,0
H4,2014,2014,2014,2,0,1,Import,788,Tunisia,TUN,40,Austria,AUT,,,,,,,,27,"Mineral fuels, mineral oils and products of their distillation; bituminous substances; mineral waxes",1,No Quantity,,,,,,,67136,,,0
H4,2014,2014,2014,2,0,1,Import,788,Tunisia,TUN,56,Belgium,BEL,,,,,,,,27,"Mineral fuels, mineral oils and products of their distillation; bituminous substances; mineral waxes",1,No Quantity,,,,,,,10467627,,,0
H4,2014,2014,2014,2,0,1,Import,788,Tunisia,TUN,100,Bulgaria,BGR,,,,,,,,27,"Mineral fuels, mineral oils and products of their distillation; bituminous substances; mineral waxes",1,No Quantity,,,,,,,57170066,,,0
H4,2014,2014,2014,2,0,1,Import,788,Tunisia,TUN,124,Canada,CAN,,,,,,,,27,"Mineral fuels, mineral oils and products of their distillation; bituminous substances; mineral waxes",1,No Quantity,,,,,,,41904,,,0
H4,2014,2014,2014,2,0,1,Import,788,Tunisia,TUN,156,China,CHN,,,,,,,,27,"Mineral fuels, mineral oils and products of their distillation; bituminous substances; mineral waxes",1,No Quantity,,,,,,,179566,,,0
H4,2014,2014,2014,2,0,1,Import,788,Tunisia,TUN,191,Croatia,HRV,,,,,,,,27,"Mineral fuels, mineral oils and products of their distillation; bituminous substances; mineral waxes",1,No Quantity,,,,,,,32262618,,,0
H4,2014,2014,2014,2,0,1,Import,788,Tunisia,TUN,196,Cyprus,CYP,,,,,,,,27,"Mineral fuels, mineral oils and products of their distillation; bituminous substances; mineral waxes",1,No Quantity,,,,,,,626670,,,0
H4,2014,2014,2014,2,0,1,Import,788,Tunisia,TUN,203,Czechia,CZE,,,,,,,,27,"Mineral fuels, mineral oils and products of their distillation; bituminous substances; mineral waxes",1,No Quantity,,,,,,,24,,,0
H4,2014,2014,2014,2,0,1,Import,788,Tunisia,TUN,208,Denmark,DNK,,,,,,,,27,"Mineral fuels, mineral oils and products of their distillation; bituminous substances; mineral waxes",1,No Quantity,,,,,,,244334,,,0
H4,2014,2014,2014,2,0,1,Import,788,Tunisia,TUN,233,Estonia,EST,,,,,,,,27,"Mineral fuels, mineral oils and products of their distillation; bituminous substances; mineral waxes",1,No Quantity,,,,,,,37390,,,0
H4,2014,2014,2014,2,0,1,Import,788,Tunisia,TUN,246,Finland,FIN,,,,,,,,27,"Mineral fuels, mineral oils and products of their distillation; bituminous substances; mineral waxes",1,No Quantity,,,,,,,31033,,,0
H4,2014,2014,2014,2,0,1,Import,788,Tunisia,TUN,251,France,FRA,,,,,,,,27,"Mineral fuels, mineral oils and products of their distillation; bituminous substances; mineral waxes",1,No Quantity,,,,,,,308195549,,,0
H4,2014,2014,2014,2,0,1,Import,788,Tunisia,TUN,276,Germany,DEU,,,,,,,,27,"Mineral fuels, mineral oils and products of their distillation; bituminous substances; mineral waxes",1,No Quantity,,,,,,,5551301,,,0
H4,2014,2014,2014,2,0,1,Import,788,Tunisia,TUN,300,Greece,GRC,,,,,,,,27,"Mineral fuels, mineral oils and products of their distillation; bituminous substances; mineral waxes",1,No Quantity,,,,,,,143979924,,,0
H4,2014,2014,2014,2,0,1,Import,788,Tunisia,TUN,348,Hungary,HUN,,,,,,,,27,"Mineral fuels, mineral oils and products of their distillation; bituminous substances; mineral waxes",1,No Quantity,,,,,,,1284,,,0
H4,2014,2014,2014,2,0,1,Import,788,Tunisia,TUN,372,Ireland,IRL,,,,,,,,27,"Mineral fuels, mineral oils and products of their distillation; bituminous substances; mineral waxes",1,No Quantity,,,,,,,10,,,0
H4,2014,2014,2014,2,0,1,Import,788,Tunisia,TUN,381,Italy,ITA,,,,,,,,27,"Mineral fuels, mineral oils and products of their distillation; bituminous substances; mineral waxes",1,No Quantity,,,,,,,458410011,,,0
H4,2014,2014,2014,2,0,1,Import,788,Tunisia,TUN,392,Japan,JPN,,,,,,,,27,"Mineral fuels, mineral oils and products of their distillation; bituminous substances; mineral waxes",1,No Quantity,,,,,,,134335,,,0
H4,2014,2014,2014,2,0,1,Import,788,Tunisia,TUN,410,Rep. of Korea,KOR,,,,,,,,27,"Mineral fuels, mineral oils and products of their distillation; bituminous substances; mineral waxes",1,No Quantity,,,,,,,534441,,,0
H4,2014,2014,2014,2,0,1,Import,788,Tunisia,TUN,414,Kuwait,KWT,,,,,,,,27,"Mineral fuels, mineral oils and products of their distillation; bituminous substances; mineral waxes",1,No Quantity,,,,,,,26997,,,0
H4,2014,2014,2014,2,0,1,Import,788,Tunisia,TUN,428,Latvia,LVA,,,,,,,,27,"Mineral fuels, mineral oils and products of their distillation; bituminous substances; mineral waxes",1,No Quantity,,,,,,,671157,,,0
H4,2014,2014,2014,2,0,1,Import,788,Tunisia,TUN,434,Libya,LBY,,,,,,,,27,"Mineral fuels, mineral oils and products of their distillation; bituminous substances; mineral waxes",1,No Quantity,,,,,,,44088513,,,0
H4,2014,2014,2014,2,0,1,Import,788,Tunisia,TUN,440,Lithuania,LTU,,,,,,,,27,"Mineral fuels, mineral oils and products of their distillation; bituminous substances; mineral waxes",1,No Quantity,,,,,,,3093623,,,0
H4,2014,2014,2014,2,0,1,Import,788,Tunisia,TUN,470,Malta,MLT,,,,,,,,27,"Mineral fuels, mineral oils and products of their distillation; bituminous substances; mineral waxes",1,No Quantity,,,,,,,170250938,,,0
H4,2014,2014,2014,2,0,1,Import,788,Tunisia,TUN,490,"Other Asia, nes",,,,,,,,,27,"Mineral fuels, mineral oils and products of their distillation; bituminous substances; mineral waxes",1,No Quantity,,,,,,,1004,,,0
H4,2014,2014,2014,2,0,1,Import,788,Tunisia,TUN,504,Morocco,MAR,,,,,,,,27,"Mineral fuels, mineral oils and products of their distillation; bituminous substances; mineral waxes",1,No Quantity,,,,,,,431422,,,0
H4,2014,2014,2014,2,0,1,Import,788,Tunisia,TUN,512,Oman,OMN,,,,,,,,27,"Mineral fuels, mineral oils and products of their distillation; bituminous substances; mineral waxes",1,No Quantity,,,,,,,1042,,,0
H4,2014,2014,2014,2,0,1,Import,788,Tunisia,TUN,528,Netherlands,NLD,,,,,,,,27,"Mineral fuels, mineral oils and products of their distillation; bituminous substances; mineral waxes",1,No Quantity,,,,,,,7674526,,,0
H4,2014,2014,2014,2,0,1,Import,788,Tunisia,TUN,566,Nigeria,NGA,,,,,,,,27,"Mineral fuels, mineral oils and products of their distillation; bituminous substances; mineral waxes",1,No Quantity,,,,,,,48378034,,,0
H4,2014,2014,2014,2,0,1,Import,788,Tunisia,TUN,579,Norway,NOR,,,,,,,,27,"Mineral fuels, mineral oils and products of their distillation; bituminous substances; mineral waxes",1,No Quantity,,,,,,,5461,,,0
H4,2014,2014,2014,2,0,1,Import,788,Tunisia,TUN,616,Poland,POL,,,,,,,,27,"Mineral fuels, mineral oils and products of their distillation; bituminous substances; mineral waxes",1,No Quantity,,,,,,,452536,,,0
H4,2014,2014,2014,2,0,1,Import,788,Tunisia,TUN,634,Qatar,QAT,,,,,,,,27,"Mineral fuels, mineral oils and products of their distillation; bituminous substances; mineral waxes",1,No Quantity,,,,,,,61552,,,0
H4,2014,2014,2014,2,0,1,Import,788,Tunisia,TUN,642,Romania,ROU,,,,,,,,27,"Mineral fuels, mineral oils and products of their distillation; bituminous substances; mineral waxes",1,No Quantity,,,,,,,55428648,,,0
H4,2014,2014,2014,2,0,1,Import,788,Tunisia,TUN,643,Russian Federation,RUS,,,,,,,,27,"Mineral fuels, mineral oils and products of their distillation; bituminous substances; mineral waxes",1,No Quantity,,,,,,,601217469,,,0
H4,2014,2014,2014,2,0,1,Import,788,Tunisia,TUN,682,Saudi Arabia,SAU,,,,,,,,27,"Mineral fuels, mineral oils and products of their distillation; bituminous substances; mineral waxes",1,No Quantity,,,,,,,371294,,,0
H4,2014,2014,2014,2,0,1,Import,788,Tunisia,TUN,699,India,IND,,,,,,,,27,"Mineral fuels, mineral oils and products of their distillation; bituminous substances; mineral waxes",1,No Quantity,,,,,,,495401,,,0
H4,2014,2014,2014,2,0,1,Import,788,Tunisia,TUN,702,Singapore,SGP,,,,,,,,27,"Mineral fuels, mineral oils and products of their distillation; bituminous substances; mineral waxes",1,No Quantity,,,,,,,6501361,,,0
H4,2014,2014,2014,2,0,1,Import,788,Tunisia,TUN,703,Slovakia,SVK,,,,,,,,27,"Mineral fuels, mineral oils and products of their distillation; bituminous substances; mineral waxes",1,No Quantity,,,,,,,561,,,0
H4,2014,2014,2014,2,0,1,Import,788,Tunisia,TUN,704,Viet Nam,VNM,,,,,,,,27,"Mineral fuels, mineral oils and products of their distillation; bituminous substances; mineral waxes",1,No Quantity,,,,,,,3549526,,,0
H4,2014,2014,2014,2,0,1,Import,788,Tunisia,TUN,724,Spain,ESP,,,,,,,,27,"Mineral fuels, mineral oils and products of their distillation; bituminous substances; mineral waxes",1,No Quantity,,,,,,,70958437,,,0
H4,2014,2014,2014,2,0,1,Import,788,Tunisia,TUN,752,Sweden,SWE,,,,,,,,27,"Mineral fuels, mineral oils and products of their distillation; bituminous substances; mineral waxes",1,No Quantity,,,,,,,1333447,,,0
H4,2014,2014,2014,2,0,1,Import,788,Tunisia,TUN,757,Switzerland,CHE,,,,,,,,27,"Mineral fuels, mineral oils and products of their distillation; bituminous substances; mineral waxes",1,No Quantity,,,,,,,32388,,,0
H4,2014,2014,2014,2,0,1,Import,788,Tunisia,TUN,764,Thailand,THA,,,,,,,,27,"Mineral fuels, mineral oils and products of their distillation; bituminous substances; mineral waxes",1,No Quantity,,,,,,,1887,,,0
H4,2014,2014,2014,2,0,1,Import,788,Tunisia,TUN,784,United Arab Emirates,ARE,,,,,,,,27,"Mineral fuels, mineral oils and products of their distillation; bituminous substances; mineral waxes",1,No Quantity,,,,,,,818363,,,0
H4,2014,2014,2014,2,0,1,Import,788,Tunisia,TUN,792,Turkey,TUR,,,,,,,,27,"Mineral fuels, mineral oils and products of their distillation; bituminous substances; mineral waxes",1,No Quantity,,,,,,,42846186,,,0
H4,2014,2014,2014,2,0,1,Import,788,Tunisia,TUN,804,Ukraine,UKR,,,,,,,,27,"Mineral fuels, mineral oils and products of their distillation; bituminous substances; mineral waxes",1,No Quantity,,,,,,,10696277,,,0
H4,2014,2014,2014,2,0,1,Import,788,Tunisia,TUN,818,Egypt,EGY,,,,,,,,27,"Mineral fuels, mineral oils and products of their distillation; bituminous substances; mineral waxes",1,No Quantity,,,,,,,63541187,,,0
H4,2014,2014,2014,2,0,1,Import,788,Tunisia,TUN,826,United Kingdom,GBR,,,,,,,,27,"Mineral fuels, mineral oils and products of their distillation; bituminous substances; mineral waxes",1,No Quantity,,,,,,,2777336,,,0
H4,2014,2014,2014,2,0,1,Import,788,Tunisia,TUN,842,USA,USA,,,,,,,,27,"Mineral fuels, mineral oils and products of their distillation; bituminous substances; mineral waxes",1,No Quantity,,,,,,,31428844,,,0
H4,2014,2014,2014,2,0,1,Import,788,Tunisia,TUN,862,Venezuela,VEN,,,,,,,,27,"Mineral fuels, mineral oils and products of their distillation; bituminous substances; mineral waxes",1,No Quantity,,,,,,,8753823,,,0
H4,2014,2014,2014,2,0,1,Import,788,Tunisia,TUN,899,"Areas, nes",,,,,,,,,27,"Mineral fuels, mineral oils and products of their distillation; bituminous substances; mineral waxes",1,No Quantity,,,,,,,123974,,,0
H4,2015,2015,2015,2,0,1,Import,788,Tunisia,TUN,0,World,WLD,,,,,,,,27,"Mineral fuels, mineral oils and products of their distillation; bituminous substances; mineral waxes",1,No Quantity,,,,,,,2874487819,,,0
H4,2015,2015,2015,2,0,1,Import,788,Tunisia,TUN,12,Algeria,DZA,,,,,,,,27,"Mineral fuels, mineral oils and products of their distillation; bituminous substances; mineral waxes",1,No Quantity,,,,,,,751813984,,,0
H4,2015,2015,2015,2,0,1,Import,788,Tunisia,TUN,31,Azerbaijan,AZE,,,,,,,,27,"Mineral fuels, mineral oils and products of their distillation; bituminous substances; mineral waxes",1,No Quantity,,,,,,,305756474,,,0
H4,2015,2015,2015,2,0,1,Import,788,Tunisia,TUN,40,Austria,AUT,,,,,,,,27,"Mineral fuels, mineral oils and products of their distillation; bituminous substances; mineral waxes",1,No Quantity,,,,,,,2612,,,0
H4,2015,2015,2015,2,0,1,Import,788,Tunisia,TUN,56,Belgium,BEL,,,,,,,,27,"Mineral fuels, mineral oils and products of their distillation; bituminous substances; mineral waxes",1,No Quantity,,,,,,,4773036,,,0
H4,2015,2015,2015,2,0,1,Import,788,Tunisia,TUN,100,Bulgaria,BGR,,,,,,,,27,"Mineral fuels, mineral oils and products of their distillation; bituminous substances; mineral waxes",1,No Quantity,,,,,,,70548079,,,0
H4,2015,2015,2015,2,0,1,Import,788,Tunisia,TUN,124,Canada,CAN,,,,,,,,27,"Mineral fuels, mineral oils and products of their distillation; bituminous substances; mineral waxes",1,No Quantity,,,,,,,7418,,,0
H4,2015,2015,2015,2,0,1,Import,788,Tunisia,TUN,156,China,CHN,,,,,,,,27,"Mineral fuels, mineral oils and products of their distillation; bituminous substances; mineral waxes",1,No Quantity,,,,,,,284417,,,0
H4,2015,2015,2015,2,0,1,Import,788,Tunisia,TUN,191,Croatia,HRV,,,,,,,,27,"Mineral fuels, mineral oils and products of their distillation; bituminous substances; mineral waxes",1,No Quantity,,,,,,,2342,,,0
H4,2015,2015,2015,2,0,1,Import,788,Tunisia,TUN,196,Cyprus,CYP,,,,,,,,27,"Mineral fuels, mineral oils and products of their distillation; bituminous substances; mineral waxes",1,No Quantity,,,,,,,114598,,,0
H4,2015,2015,2015,2,0,1,Import,788,Tunisia,TUN,203,Czechia,CZE,,,,,,,,27,"Mineral fuels, mineral oils and products of their distillation; bituminous substances; mineral waxes",1,No Quantity,,,,,,,12,,,0
H4,2015,2015,2015,2,0,1,Import,788,Tunisia,TUN,208,Denmark,DNK,,,,,,,,27,"Mineral fuels, mineral oils and products of their distillation; bituminous substances; mineral waxes",1,No Quantity,,,,,,,136568,,,0
H4,2015,2015,2015,2,0,1,Import,788,Tunisia,TUN,233,Estonia,EST,,,,,,,,27,"Mineral fuels, mineral oils and products of their distillation; bituminous substances; mineral waxes",1,No Quantity,,,,,,,48042,,,0
H4,2015,2015,2015,2,0,1,Import,788,Tunisia,TUN,246,Finland,FIN,,,,,,,,27,"Mineral fuels, mineral oils and products of their distillation; bituminous substances; mineral waxes",1,No Quantity,,,,,,,6756,,,0
H4,2015,2015,2015,2,0,1,Import,788,Tunisia,TUN,251,France,FRA,,,,,,,,27,"Mineral fuels, mineral oils and products of their distillation; bituminous substances; mineral waxes",1,No Quantity,,,,,,,327661484,,,0
H4,2015,2015,2015,2,0,1,Import,788,Tunisia,TUN,276,Germany,DEU,,,,,,,,27,"Mineral fuels, mineral oils and products of their distillation; bituminous substances; mineral waxes",1,No Quantity,,,,,,,4493935,,,0
H4,2015,2015,2015,2,0,1,Import,788,Tunisia,TUN,300,Greece,GRC,,,,,,,,27,"Mineral fuels, mineral oils and products of their distillation; bituminous substances; mineral waxes",1,No Quantity,,,,,,,14868694,,,0
H4,2015,2015,2015,2,0,1,Import,788,Tunisia,TUN,348,Hungary,HUN,,,,,,,,27,"Mineral fuels, mineral oils and products of their distillation; bituminous substances; mineral waxes",1,No Quantity,,,,,,,441,,,0
H4,2015,2015,2015,2,0,1,Import,788,Tunisia,TUN,364,Iran,IRN,,,,,,,,27,"Mineral fuels, mineral oils and products of their distillation; bituminous substances; mineral waxes",1,No Quantity,,,,,,,8251,,,0
H4,2015,2015,2015,2,0,1,Import,788,Tunisia,TUN,381,Italy,ITA,,,,,,,,27,"Mineral fuels, mineral oils and products of their distillation; bituminous substances; mineral waxes",1,No Quantity,,,,,,,486081505,,,0
H4,2015,2015,2015,2,0,1,Import,788,Tunisia,TUN,392,Japan,JPN,,,,,,,,27,"Mineral fuels, mineral oils and products of their distillation; bituminous substances; mineral waxes",1,No Quantity,,,,,,,52185,,,0
H4,2015,2015,2015,2,0,1,Import,788,Tunisia,TUN,398,Kazakhstan,KAZ,,,,,,,,27,"Mineral fuels, mineral oils and products of their distillation; bituminous substances; mineral waxes",1,No Quantity,,,,,,,619712,,,0
H4,2015,2015,2015,2,0,1,Import,788,Tunisia,TUN,404,Kenya,KEN,,,,,,,,27,"Mineral fuels, mineral oils and products of their distillation; bituminous substances; mineral waxes",1,No Quantity,,,,,,,741,,,0
H4,2015,2015,2015,2,0,1,Import,788,Tunisia,TUN,410,Rep. of Korea,KOR,,,,,,,,27,"Mineral fuels, mineral oils and products of their distillation; bituminous substances; mineral waxes",1,No Quantity,,,,,,,460420,,,0
H4,2015,2015,2015,2,0,1,Import,788,Tunisia,TUN,414,Kuwait,KWT,,,,,,,,27,"Mineral fuels, mineral oils and products of their distillation; bituminous substances; mineral waxes",1,No Quantity,,,,,,,131929,,,0
H4,2015,2015,2015,2,0,1,Import,788,Tunisia,TUN,428,Latvia,LVA,,,,,,,,27,"Mineral fuels, mineral oils and products of their distillation; bituminous substances; mineral waxes",1,No Quantity,,,,,,,609539,,,0
H4,2015,2015,2015,2,0,1,Import,788,Tunisia,TUN,434,Libya,LBY,,,,,,,,27,"Mineral fuels, mineral oils and products of their distillation; bituminous substances; mineral waxes",1,No Quantity,,,,,,,4336511,,,0
H4,2015,2015,2015,2,0,1,Import,788,Tunisia,TUN,440,Lithuania,LTU,,,,,,,,27,"Mineral fuels, mineral oils and products of their distillation; bituminous substances; mineral waxes",1,No Quantity,,,,,,,1457322,,,0
H4,2015,2015,2015,2,0,1,Import,788,Tunisia,TUN,442,Luxembourg,LUX,,,,,,,,27,"Mineral fuels, mineral oils and products of their distillation; bituminous substances; mineral waxes",1,No Quantity,,,,,,,842,,,0
H4,2015,2015,2015,2,0,1,Import,788,Tunisia,TUN,458,Malaysia,MYS,,,,,,,,27,"Mineral fuels, mineral oils and products of their distillation; bituminous substances; mineral waxes",1,No Quantity,,,,,,,24,,,0
H4,2015,2015,2015,2,0,1,Import,788,Tunisia,TUN,470,Malta,MLT,,,,,,,,27,"Mineral fuels, mineral oils and products of their distillation; bituminous substances; mineral waxes",1,No Quantity,,,,,,,223752361,,,0
H4,2015,2015,2015,2,0,1,Import,788,Tunisia,TUN,504,Morocco,MAR,,,,,,,,27,"Mineral fuels, mineral oils and products of their distillation; bituminous substances; mineral waxes",1,No Quantity,,,,,,,4638,,,0
H4,2015,2015,2015,2,0,1,Import,788,Tunisia,TUN,528,Netherlands,NLD,,,,,,,,27,"Mineral fuels, mineral oils and products of their distillation; bituminous substances; mineral waxes",1,No Quantity,,,,,,,16879694,,,0
H4,2015,2015,2015,2,0,1,Import,788,Tunisia,TUN,566,Nigeria,NGA,,,,,,,,27,"Mineral fuels, mineral oils and products of their distillation; bituminous substances; mineral waxes",1,No Quantity,,,,,,,27411024,,,0
H4,2015,2015,2015,2,0,1,Import,788,Tunisia,TUN,579,Norway,NOR,,,,,,,,27,"Mineral fuels, mineral oils and products of their distillation; bituminous substances; mineral waxes",1,No Quantity,,,,,,,921,,,0
H4,2015,2015,2015,2,0,1,Import,788,Tunisia,TUN,616,Poland,POL,,,,,,,,27,"Mineral fuels, mineral oils and products of their distillation; bituminous substances; mineral waxes",1,No Quantity,,,,,,,177055,,,0
H4,2015,2015,2015,2,0,1,Import,788,Tunisia,TUN,620,Portugal,PRT,,,,,,,,27,"Mineral fuels, mineral oils and products of their distillation; bituminous substances; mineral waxes",1,No Quantity,,,,,,,1506143,,,0
H4,2015,2015,2015,2,0,1,Import,788,Tunisia,TUN,634,Qatar,QAT,,,,,,,,27,"Mineral fuels, mineral oils and products of their distillation; bituminous substances; mineral waxes",1,No Quantity,,,,,,,789476,,,0
H4,2015,2015,2015,2,0,1,Import,788,Tunisia,TUN,642,Romania,ROU,,,,,,,,27,"Mineral fuels, mineral oils and products of their distillation; bituminous substances; mineral waxes",1,No Quantity,,,,,,,57309002,,,0
H4,2015,2015,2015,2,0,1,Import,788,Tunisia,TUN,643,Russian Federation,RUS,,,,,,,,27,"Mineral fuels, mineral oils and products of their distillation; bituminous substances; mineral waxes",1,No Quantity,,,,,,,430679524,,,0
H4,2015,2015,2015,2,0,1,Import,788,Tunisia,TUN,682,Saudi Arabia,SAU,,,,,,,,27,"Mineral fuels, mineral oils and products of their distillation; bituminous substances; mineral waxes",1,No Quantity,,,,,,,116132,,,0
H4,2015,2015,2015,2,0,1,Import,788,Tunisia,TUN,699,India,IND,,,,,,,,27,"Mineral fuels, mineral oils and products of their distillation; bituminous substances; mineral waxes",1,No Quantity,,,,,,,372832,,,0
H4,2015,2015,2015,2,0,1,Import,788,Tunisia,TUN,702,Singapore,SGP,,,,,,,,27,"Mineral fuels, mineral oils and products of their distillation; bituminous substances; mineral waxes",1,No Quantity,,,,,,,73237,,,0
H4,2015,2015,2015,2,0,1,Import,788,Tunisia,TUN,724,Spain,ESP,,,,,,,,27,"Mineral fuels, mineral oils and products of their distillation; bituminous substances; mineral waxes",1,No Quantity,,,,,,,68634811,,,0
H4,2015,2015,2015,2,0,1,Import,788,Tunisia,TUN,752,Sweden,SWE,,,,,,,,27,"Mineral fuels, mineral oils and products of their distillation; bituminous substances; mineral waxes",1,No Quantity,,,,,,,1439023,,,0
H4,2015,2015,2015,2,0,1,Import,788,Tunisia,TUN,757,Switzerland,CHE,,,,,,,,27,"Mineral fuels, mineral oils and products of their distillation; bituminous substances; mineral waxes",1,No Quantity,,,,,,,24594,,,0
H4,2015,2015,2015,2,0,1,Import,788,Tunisia,TUN,764,Thailand,THA,,,,,,,,27,"Mineral fuels, mineral oils and products of their distillation; bituminous substances; mineral waxes",1,No Quantity,,,,,,,6937,,,0
H4,2015,2015,2015,2,0,1,Import,788,Tunisia,TUN,784,United Arab Emirates,ARE,,,,,,,,27,"Mineral fuels, mineral oils and products of their distillation; bituminous substances; mineral waxes",1,No Quantity,,,,,,,822633,,,0
H4,2015,2015,2015,2,0,1,Import,788,Tunisia,TUN,792,Turkey,TUR,,,,,,,,27,"Mineral fuels, mineral oils and products of their distillation; bituminous substances; mineral waxes",1,No Quantity,,,,,,,11553793,,,0
H4,2015,2015,2015,2,0,1,Import,788,Tunisia,TUN,804,Ukraine,UKR,,,,,,,,27,"Mineral fuels, mineral oils and products of their distillation; bituminous substances; mineral waxes",1,No Quantity,,,,,,,8653308,,,0
H4,2015,2015,2015,2,0,1,Import,788,Tunisia,TUN,818,Egypt,EGY,,,,,,,,27,"Mineral fuels, mineral oils and products of their distillation; bituminous substances; mineral waxes",1,No Quantity,,,,,,,12565357,,,0
H4,2015,2015,2015,2,0,1,Import,788,Tunisia,TUN,826,United Kingdom,GBR,,,,,,,,27,"Mineral fuels, mineral oils and products of their distillation; bituminous substances; mineral waxes",1,No Quantity,,,,,,,4405928,,,0
H4,2015,2015,2015,2,0,1,Import,788,Tunisia,TUN,842,USA,USA,,,,,,,,27,"Mineral fuels, mineral oils and products of their distillation; bituminous substances; mineral waxes",1,No Quantity,,,,,,,29792229,,,0
H4,2015,2015,2015,2,0,1,Import,788,Tunisia,TUN,862,Venezuela,VEN,,,,,,,,27,"Mineral fuels, mineral oils and products of their distillation; bituminous substances; mineral waxes",1,No Quantity,,,,,,,2724819,,,0
H4,2015,2015,2015,2,0,1,Import,788,Tunisia,TUN,899,"Areas, nes",,,,,,,,,27,"Mineral fuels, mineral oils and products of their distillation; bituminous substances; mineral waxes",1,No Quantity,,,,,,,514476,,,0
H4,2016,2016,2016,2,0,1,Import,788,Tunisia,TUN,0,World,WLD,,,,,,,,27,"Mineral fuels, mineral oils and products of their distillation; bituminous substances; mineral waxes",1,No Quantity,,,,,,,2144693984,,,0
H4,2016,2016,2016,2,0,1,Import,788,Tunisia,TUN,12,Algeria,DZA,,,,,,,,27,"Mineral fuels, mineral oils and products of their distillation; bituminous substances; mineral waxes",1,No Quantity,,,,,,,685070662,,,0
H4,2016,2016,2016,2,0,1,Import,788,Tunisia,TUN,31,Azerbaijan,AZE,,,,,,,,27,"Mineral fuels, mineral oils and products of their distillation; bituminous substances; mineral waxes",1,No Quantity,,,,,,,263047364,,,0
H4,2016,2016,2016,2,0,1,Import,788,Tunisia,TUN,32,Argentina,ARG,,,,,,,,27,"Mineral fuels, mineral oils and products of their distillation; bituminous substances; mineral waxes",1,No Quantity,,,,,,,1507842,,,0
H4,2016,2016,2016,2,0,1,Import,788,Tunisia,TUN,36,Australia,AUS,,,,,,,,27,"Mineral fuels, mineral oils and products of their distillation; bituminous substances; mineral waxes",1,No Quantity,,,,,,,6940,,,0
H4,2016,2016,2016,2,0,1,Import,788,Tunisia,TUN,40,Austria,AUT,,,,,,,,27,"Mineral fuels, mineral oils and products of their distillation; bituminous substances; mineral waxes",1,No Quantity,,,,,,,93771,,,0
H4,2016,2016,2016,2,0,1,Import,788,Tunisia,TUN,56,Belgium,BEL,,,,,,,,27,"Mineral fuels, mineral oils and products of their distillation; bituminous substances; mineral waxes",1,No Quantity,,,,,,,19652091,,,0
H4,2016,2016,2016,2,0,1,Import,788,Tunisia,TUN,76,Brazil,BRA,,,,,,,,27,"Mineral fuels, mineral oils and products of their distillation; bituminous substances; mineral waxes",1,No Quantity,,,,,,,539,,,0
H4,2016,2016,2016,2,0,1,Import,788,Tunisia,TUN,100,Bulgaria,BGR,,,,,,,,27,"Mineral fuels, mineral oils and products of their distillation; bituminous substances; mineral waxes",1,No Quantity,,,,,,,12445959,,,0
H4,2016,2016,2016,2,0,1,Import,788,Tunisia,TUN,124,Canada,CAN,,,,,,,,27,"Mineral fuels, mineral oils and products of their distillation; bituminous substances; mineral waxes",1,No Quantity,,,,,,,59651,,,0
H4,2016,2016,2016,2,0,1,Import,788,Tunisia,TUN,144,Sri Lanka,LKA,,,,,,,,27,"Mineral fuels, mineral oils and products of their distillation; bituminous substances; mineral waxes",1,No Quantity,,,,,,,30140,,,0
H4,2016,2016,2016,2,0,1,Import,788,Tunisia,TUN,156,China,CHN,,,,,,,,27,"Mineral fuels, mineral oils and products of their distillation; bituminous substances; mineral waxes",1,No Quantity,,,,,,,572543,,,0
H4,2016,2016,2016,2,0,1,Import,788,Tunisia,TUN,191,Croatia,HRV,,,,,,,,27,"Mineral fuels, mineral oils and products of their distillation; bituminous substances; mineral waxes",1,No Quantity,,,,,,,5556568,,,0
H4,2016,2016,2016,2,0,1,Import,788,Tunisia,TUN,203,Czechia,CZE,,,,,,,,27,"Mineral fuels, mineral oils and products of their distillation; bituminous substances; mineral waxes",1,No Quantity,,,,,,,141,,,0
H4,2016,2016,2016,2,0,1,Import,788,Tunisia,TUN,208,Denmark,DNK,,,,,,,,27,"Mineral fuels, mineral oils and products of their distillation; bituminous substances; mineral waxes",1,No Quantity,,,,,,,78840,,,0
H4,2016,2016,2016,2,0,1,Import,788,Tunisia,TUN,233,Estonia,EST,,,,,,,,27,"Mineral fuels, mineral oils and products of their distillation; bituminous substances; mineral waxes",1,No Quantity,,,,,,,31273,,,0
H4,2016,2016,2016,2,0,1,Import,788,Tunisia,TUN,246,Finland,FIN,,,,,,,,27,"Mineral fuels, mineral oils and products of their distillation; bituminous substances; mineral waxes",1,No Quantity,,,,,,,1922,,,0
H4,2016,2016,2016,2,0,1,Import,788,Tunisia,TUN,251,France,FRA,,,,,,,,27,"Mineral fuels, mineral oils and products of their distillation; bituminous substances; mineral waxes",1,No Quantity,,,,,,,98162935,,,0
H4,2016,2016,2016,2,0,1,Import,788,Tunisia,TUN,276,Germany,DEU,,,,,,,,27,"Mineral fuels, mineral oils and products of their distillation; bituminous substances; mineral waxes",1,No Quantity,,,,,,,19689851,,,0
H4,2016,2016,2016,2,0,1,Import,788,Tunisia,TUN,292,Gibraltar,GIB,,,,,,,,27,"Mineral fuels, mineral oils and products of their distillation; bituminous substances; mineral waxes",1,No Quantity,,,,,,,8139425,,,0
H4,2016,2016,2016,2,0,1,Import,788,Tunisia,TUN,300,Greece,GRC,,,,,,,,27,"Mineral fuels, mineral oils and products of their distillation; bituminous substances; mineral waxes",1,No Quantity,,,,,,,11452445,,,0
H4,2016,2016,2016,2,0,1,Import,788,Tunisia,TUN,344,"China, Hong Kong SAR",HKG,,,,,,,,27,"Mineral fuels, mineral oils and products of their distillation; bituminous substances; mineral waxes",1,No Quantity,,,,,,,54,,,0
H4,2016,2016,2016,2,0,1,Import,788,Tunisia,TUN,372,Ireland,IRL,,,,,,,,27,"Mineral fuels, mineral oils and products of their distillation; bituminous substances; mineral waxes",1,No Quantity,,,,,,,41,,,0
H4,2016,2016,2016,2,0,1,Import,788,Tunisia,TUN,381,Italy,ITA,,,,,,,,27,"Mineral fuels, mineral oils and products of their distillation; bituminous substances; mineral waxes",1,No Quantity,,,,,,,330176258,,,0
H4,2016,2016,2016,2,0,1,Import,788,Tunisia,TUN,392,Japan,JPN,,,,,,,,27,"Mineral fuels, mineral oils and products of their distillation; bituminous substances; mineral waxes",1,No Quantity,,,,,,,39163,,,0
H4,2016,2016,2016,2,0,1,Import,788,Tunisia,TUN,410,Rep. of Korea,KOR,,,,,,,,27,"Mineral fuels, mineral oils and products of their distillation; bituminous substances; mineral waxes",1,No Quantity,,,,,,,124902,,,0
H4,2016,2016,2016,2,0,1,Import,788,Tunisia,TUN,428,Latvia,LVA,,,,,,,,27,"Mineral fuels, mineral oils and products of their distillation; bituminous substances; mineral waxes",1,No Quantity,,,,,,,808822,,,0
H4,2016,2016,2016,2,0,1,Import,788,Tunisia,TUN,434,Libya,LBY,,,,,,,,27,"Mineral fuels, mineral oils and products of their distillation; bituminous substances; mineral waxes",1,No Quantity,,,,,,,9797033,,,0
H4,2016,2016,2016,2,0,1,Import,788,Tunisia,TUN,440,Lithuania,LTU,,,,,,,,27,"Mineral fuels, mineral oils and products of their distillation; bituminous substances; mineral waxes",1,No Quantity,,,,,,,1067818,,,0
H4,2016,2016,2016,2,0,1,Import,788,Tunisia,TUN,458,Malaysia,MYS,,,,,,,,27,"Mineral fuels, mineral oils and products of their distillation; bituminous substances; mineral waxes",1,No Quantity,,,,,,,1269,,,0
H4,2016,2016,2016,2,0,1,Import,788,Tunisia,TUN,470,Malta,MLT,,,,,,,,27,"Mineral fuels, mineral oils and products of their distillation; bituminous substances; mineral waxes",1,No Quantity,,,,,,,42675469,,,0
H4,2016,2016,2016,2,0,1,Import,788,Tunisia,TUN,490,"Other Asia, nes",,,,,,,,,27,"Mineral fuels, mineral oils and products of their distillation; bituminous substances; mineral waxes",1,No Quantity,,,,,,,78,,,0
H4,2016,2016,2016,2,0,1,Import,788,Tunisia,TUN,504,Morocco,MAR,,,,,,,,27,"Mineral fuels, mineral oils and products of their distillation; bituminous substances; mineral waxes",1,No Quantity,,,,,,,141810,,,0
H4,2016,2016,2016,2,0,1,Import,788,Tunisia,TUN,528,Netherlands,NLD,,,,,,,,27,"Mineral fuels, mineral oils and products of their distillation; bituminous substances; mineral waxes",1,No Quantity,,,,,,,3186458,,,0
H4,2016,2016,2016,2,0,1,Import,788,Tunisia,TUN,566,Nigeria,NGA,,,,,,,,27,"Mineral fuels, mineral oils and products of their distillation; bituminous substances; mineral waxes",1,No Quantity,,,,,,,35730585,,,0
H4,2016,2016,2016,2,0,1,Import,788,Tunisia,TUN,579,Norway,NOR,,,,,,,,27,"Mineral fuels, mineral oils and products of their distillation; bituminous substances; mineral waxes",1,No Quantity,,,,,,,668,,,0
H4,2016,2016,2016,2,0,1,Import,788,Tunisia,TUN,616,Poland,POL,,,,,,,,27,"Mineral fuels, mineral oils and products of their distillation; bituminous substances; mineral waxes",1,No Quantity,,,,,,,2219114,,,0
H4,2016,2016,2016,2,0,1,Import,788,Tunisia,TUN,620,Portugal,PRT,,,,,,,,27,"Mineral fuels, mineral oils and products of their distillation; bituminous substances; mineral waxes",1,No Quantity,,,,,,,13625522,,,0
H4,2016,2016,2016,2,0,1,Import,788,Tunisia,TUN,634,Qatar,QAT,,,,,,,,27,"Mineral fuels, mineral oils and products of their distillation; bituminous substances; mineral waxes",1,No Quantity,,,,,,,2289122,,,0
H4,2016,2016,2016,2,0,1,Import,788,Tunisia,TUN,642,Romania,ROU,,,,,,,,27,"Mineral fuels, mineral oils and products of their distillation; bituminous substances; mineral waxes",1,No Quantity,,,,,,,44374484,,,0
H4,2016,2016,2016,2,0,1,Import,788,Tunisia,TUN,643,Russian Federation,RUS,,,,,,,,27,"Mineral fuels, mineral oils and products of their distillation; bituminous substances; mineral waxes",1,No Quantity,,,,,,,393550384,,,0
H4,2016,2016,2016,2,0,1,Import,788,Tunisia,TUN,682,Saudi Arabia,SAU,,,,,,,,27,"Mineral fuels, mineral oils and products of their distillation; bituminous substances; mineral waxes",1,No Quantity,,,,,,,119,,,0
H4,2016,2016,2016,2,0,1,Import,788,Tunisia,TUN,699,India,IND,,,,,,,,27,"Mineral fuels, mineral oils and products of their distillation; bituminous substances; mineral waxes",1,No Quantity,,,,,,,356481,,,0
H4,2016,2016,2016,2,0,1,Import,788,Tunisia,TUN,702,Singapore,SGP,,,,,,,,27,"Mineral fuels, mineral oils and products of their distillation; bituminous substances; mineral waxes",1,No Quantity,,,,,,,76794,,,0
H4,2016,2016,2016,2,0,1,Import,788,Tunisia,TUN,724,Spain,ESP,,,,,,,,27,"Mineral fuels, mineral oils and products of their distillation; bituminous substances; mineral waxes",1,No Quantity,,,,,,,46690322,,,0
H4,2016,2016,2016,2,0,1,Import,788,Tunisia,TUN,752,Sweden,SWE,,,,,,,,27,"Mineral fuels, mineral oils and products of their distillation; bituminous substances; mineral waxes",1,No Quantity,,,,,,,522141,,,0
H4,2016,2016,2016,2,0,1,Import,788,Tunisia,TUN,757,Switzerland,CHE,,,,,,,,27,"Mineral fuels, mineral oils and products of their distillation; bituminous substances; mineral waxes",1,No Quantity,,,,,,,18754,,,0
H4,2016,2016,2016,2,0,1,Import,788,Tunisia,TUN,764,Thailand,THA,,,,,,,,27,"Mineral fuels, mineral oils and products of their distillation; bituminous substances; mineral waxes",1,No Quantity,,,,,,,5122,,,0
H4,2016,2016,2016,2,0,1,Import,788,Tunisia,TUN,784,United Arab Emirates,ARE,,,,,,,,27,"Mineral fuels, mineral oils and products of their distillation; bituminous substances; mineral waxes",1,No Quantity,,,,,,,923078,,,0
H4,2016,2016,2016,2,0,1,Import,788,Tunisia,TUN,792,Turkey,TUR,,,,,,,,27,"Mineral fuels, mineral oils and products of their distillation; bituminous substances; mineral waxes",1,No Quantity,,,,,,,18489125,,,0
H4,2016,2016,2016,2,0,1,Import,788,Tunisia,TUN,804,Ukraine,UKR,,,,,,,,27,"Mineral fuels, mineral oils and products of their distillation; bituminous substances; mineral waxes",1,No Quantity,,,,,,,1751421,,,0
H4,2016,2016,2016,2,0,1,Import,788,Tunisia,TUN,818,Egypt,EGY,,,,,,,,27,"Mineral fuels, mineral oils and products of their distillation; bituminous substances; mineral waxes",1,No Quantity,,,,,,,40956162,,,0
H4,2016,2016,2016,2,0,1,Import,788,Tunisia,TUN,826,United Kingdom,GBR,,,,,,,,27,"Mineral fuels, mineral oils and products of their distillation; bituminous substances; mineral waxes",1,No Quantity,,,,,,,13453827,,,0
H4,2016,2016,2016,2,0,1,Import,788,Tunisia,TUN,842,USA,USA,,,,,,,,27,"Mineral fuels, mineral oils and products of their distillation; bituminous substances; mineral waxes",1,No Quantity,,,,,,,16005424,,,0
H4,2016,2016,2016,2,0,1,Import,788,Tunisia,TUN,899,"Areas, nes",,,,,,,,,27,"Mineral fuels, mineral oils and products of their distillation; bituminous substances; mineral waxes",1,No Quantity,,,,,,,35257,,,0
